PLAYER_ID,PLAYER_NAME,NICKNAME,TEAM_ID,TEAM_ABBREVIATION,AGE,GP,W,L,W_PCT,MIN,FGM,FGA,FG_PCT,FG3M,FG3A,FG3_PCT,FTM,FTA,FT_PCT,OREB,DREB,REB,AST,TOV,STL,BLK,BLKA,PF,PFD,PTS,PLUS_MINUS,NBA_FANTASY_PTS,DD2,TD3,WNBA_FANTASY_PTS,GP_RANK,W_RANK,L_RANK,W_PCT_RANK,MIN_RANK,FGM_RANK,FGA_RANK,FG_PCT_RANK,FG3M_RANK,FG3A_RANK,FG3_PCT_RANK,FTM_RANK,FTA_RANK,FT_PCT_RANK,OREB_RANK,DREB_RANK,REB_RANK,AST_RANK,TOV_RANK,STL_RANK,BLK_RANK,BLKA_RANK,PF_RANK,PFD_RANK,PTS_RANK,PLUS_MINUS_RANK,NBA_FANTASY_PTS_RANK,DD2_RANK,TD3_RANK,WNBA_FANTASY_PTS_RANK,TEAM_COUNT,league_id,league_name,season
1628932,A'ja Wilson,A'ja,1611661319,LVA,28.0,38,26,12,0.684,1307.5866666666666,385,743,0.518,19,60,0.317,232,275,0.844,79,372,451,88,48,68,98,48,67,228,1021,175,2144.2,23,0,1911.0,47,20,65,39,5,1,1,14,63,62,72,1,1,36,9,1,1,40,60,3,1,155,105,1,1,20,1,2,5,1,1,10,WNBA,2024
1642290,Aaliyah Edwards,Aaliyah,1611661322,WAS,22.0,34,11,23,0.324,741.1316666666667,103,210,0.49,0,7,0.0,52,80,0.65,48,143,191,48,50,25,27,23,91,102,258,-127,665.2,3,0,601.0,72,87,128,120,59,53,57,31,132,123,132,49,39,120,25,26,25,78,56,60,17,132,129,28,57,146,47,21,5,50,1,10,WNBA,2024
1630462,Aari McDonald,Aari,1611661320,LAS,26.0,26,6,20,0.231,567.8916666666667,77,191,0.403,29,91,0.319,43,51,0.843,12,40,52,96,48,23,6,10,52,51,226,-79,471.4,1,0,461.0,103,125,111,136,80,70,71,92,46,41,71,56,59,37,99,103,103,34,60,65,94,82,80,60,65,119,71,35,5,72,1,10,WNBA,2024
1627672,Aerial Powers,Aerial,1611661330,ATL,31.0,17,7,10,0.412,303.695,49,138,0.355,14,36,0.389,34,43,0.791,15,41,56,24,18,16,4,10,35,38,146,-71,291.2,0,0,280.0,127,118,49,95,114,99,89,120,76,90,24,66,66,66,80,100,96,110,108,89,108,82,57,75,88,112,103,59,5,103,1,10,WNBA,2024
1629501,Alanna Smith,Alanna,1611661324,MIN,28.0,39,29,10,0.744,1034.9416666666666,147,312,0.471,47,118,0.398,54,72,0.75,61,158,219,124,76,53,57,20,119,93,395,240,1097.8,2,0,1005.0,33,11,49,26,35,38,39,41,26,33,21,45,42,87,16,19,18,22,20,13,3,121,154,35,39,11,22,26,5,27,1,10,WNBA,2024
1642293,Alissa Pili,Alissa,1611661324,MIN,24.0,22,16,6,0.727,138.25333333333333,19,45,0.422,9,27,0.333,6,11,0.545,6,21,27,5,19,5,2,3,29,8,53,-31,94.9,0,0,108.0,112,65,23,29,131,125,125,73,93,99,53,125,121,137,119,125,126,137,106,127,119,32,48,128,124,90,131,59,5,126,1,10,WNBA,2024
1641648,Aliyah Boston,Aliyah,1611661325,IND,23.0,40,20,20,0.5,1236.12,236,446,0.529,7,26,0.269,81,110,0.736,111,244,355,126,79,35,49,40,130,113,560,-32,1348.0,13,0,1216.0,1,41,111,69,15,13,22,12,98,100,96,33,29,91,3,8,5,19,16,35,5,151,157,23,22,92,8,9,5,10,1,10,WNBA,2024
1628277,Allisha Gray,Allisha,1611661330,ATL,30.0,40,15,25,0.375,1326.92,205,509,0.403,69,202,0.342,143,186,0.769,44,131,175,107,67,42,29,25,94,156,622,-21,1138.5,1,0,1115.0,1,66,134,100,4,23,16,93,15,16,49,7,7,80,27,36,30,29,30,22,16,136,133,8,12,86,18,35,5,18,1,10,WNBA,2024
202252,Alysha Clark,Alysha,1611661319,LVA,37.0,40,27,13,0.675,971.7183333333334,85,192,0.443,47,126,0.373,23,28,0.821,21,124,145,70,55,33,11,6,107,46,240,178,596.0,0,0,590.0,1,16,77,44,40,63,69,57,26,29,32,83,86,46,62,39,42,53,44,39,57,55,143,64,60,18,57,59,5,53,1,10,WNBA,2024
203826,Alyssa Thomas,Alyssa,1611661323,CON,33.0,40,28,12,0.7,1295.8183333333334,166,326,0.509,0,4,0.0,91,145,0.628,98,239,337,317,145,62,18,30,84,133,423,190,1397.9,14,3,1237.0,1,13,65,32,6,35,37,19,132,128,132,24,14,126,4,9,7,2,2,8,34,140,121,13,36,17,7,7,1,9,1,10,WNBA,2024
1631056,Amy Atwell,Amy,1611661317,PHO,27.0,6,2,4,0.333,59.44166666666667,4,15,0.267,3,13,0.231,4,5,0.8,3,3,6,6,2,0,1,1,3,3,15,-31,32.2,0,0,32.0,146,148,17,117,140,143,142,148,110,114,111,132,135,60,133,144,143,135,144,147,125,17,9,141,141,90,142,59,5,141,1,10,WNBA,2024
1642291,Angel Reese,Angel,1611661329,CHI,23.0,34,12,22,0.353,1103.8083333333334,164,419,0.391,3,16,0.188,131,178,0.736,172,274,446,63,75,44,16,76,119,138,462,12,1196.7,26,0,1094.0,72,84,125,111,31,36,27,105,110,107,123,9,9,92,1,5,2,60,23,21,42,157,154,11,31,52,16,1,5,22,1,10,WNBA,2024
1628878,Ariel Atkins,Ariel,1611661322,WAS,28.0,40,14,26,0.35,1196.05,217,497,0.437,79,221,0.357,84,99,0.848,36,99,135,124,92,59,17,18,112,141,597,-78,1081.0,0,0,1087.0,1,72,141,112,20,19,17,59,11,11,37,30,34,32,36,47,47,22,13,10,38,119,148,10,16,118,24,59,5,23,1,10,WNBA,2024
1629481,Arike Ogunbowale,Arike,1611661321,DAL,28.0,38,9,29,0.237,1465.535,279,729,0.383,112,324,0.346,175,190,0.921,29,144,173,195,103,81,11,21,107,153,845,-250,1518.1,2,0,1509.0,47,100,147,135,1,3,2,109,2,2,46,4,6,10,45,24,32,8,8,1,57,128,143,9,2,156,5,26,5,3,1,10,WNBA,2024
203838,Astou Ndour-Fall,Astou,1611661323,CON,30.0,22,19,3,0.864,92.38833333333334,9,26,0.346,2,10,0.2,5,6,0.833,2,16,18,1,3,1,4,0,10,3,25,-38,60.1,0,0,56.0,112,49,11,6,137,134,134,126,117,119,117,129,132,40,138,127,131,146,140,140,108,1,21,141,132,94,135,59,5,136,1,10,WNBA,2024
1628922,Azurá Stevens,Azurá,1611661320,LAS,29.0,20,3,17,0.15,493.29,71,178,0.399,28,80,0.35,22,27,0.815,20,120,140,38,36,17,18,8,39,25,192,-118,486.0,4,0,468.0,119,142,98,154,88,76,74,99,47,47,43,84,88,50,66,42,44,90,77,84,34,69,62,96,80,141,67,19,5,70,1,10,WNBA,2024
204335,Betnijah Laney-Hamilton,Betnijah,1611661313,NYL,31.0,28,21,7,0.75,847.5933333333334,120,263,0.456,41,102,0.402,48,53,0.906,30,88,118,93,66,32,1,6,60,65,329,271,643.1,0,0,647.0,94,38,29,21,50,43,43,48,33,37,18,51,57,12,43,51,54,38,31,40,125,55,95,49,43,7,50,59,5,46,1,10,WNBA,2024
1627668,Breanna Stewart,Breanna,1611661313,NYL,30.0,38,30,8,0.789,1243.195,265,578,0.458,46,156,0.295,201,238,0.845,61,262,323,134,65,64,48,21,80,200,777,299,1636.6,16,0,1504.0,47,4,37,14,13,7,8,47,29,21,80,3,3,35,16,6,9,16,33,7,6,128,116,3,4,3,2,5,5,4,1,10,WNBA,2024
1629488,Brianna Turner,Brianna,1611661329,CHI,28.0,27,10,17,0.37,252.68333333333334,16,26,0.615,0,0,0.0,1,2,0.5,11,42,53,10,12,9,13,0,28,8,33,-106,165.6,0,0,140.0,96,93,98,104,117,126,134,3,132,143,132,144,141,138,102,98,100,126,126,117,48,1,45,128,127,135,121,59,5,123,1,10,WNBA,2024
1629524,Bridget Carleton,Bridget,1611661324,MIN,28.0,39,29,10,0.744,1164.575,126,284,0.444,91,205,0.444,30,38,0.789,37,110,147,87,40,39,12,12,80,64,373,238,792.9,0,0,800.0,33,11,49,26,23,41,41,55,8,15,11,75,76,68,35,43,41,41,67,27,52,94,116,51,40,12,41,59,5,40,1,10,WNBA,2024
1628280,Brionna Jones,Brionna,1611661323,CON,29.0,40,28,12,0.7,1087.365,220,409,0.538,2,14,0.143,107,145,0.738,86,135,221,60,51,46,23,32,106,131,549,258,1060.2,0,0,970.0,1,13,65,32,32,16,30,10,117,111,129,17,14,89,7,34,17,66,54,19,23,142,142,15,24,9,25,59,5,29,1,10,WNBA,2024
203398,Brittney Griner,Brittney,1611661317,PHO,34.0,30,15,15,0.5,861.0833333333334,219,378,0.579,9,18,0.5,87,112,0.777,54,143,197,69,53,16,46,9,57,108,534,3,1006.9,2,0,933.0,89,66,89,69,48,17,33,5,93,105,4,28,28,79,21,26,21,55,48,89,9,76,91,24,27,61,30,26,5,34,1,10,WNBA,2024
1628279,Brittney Sykes,Brittney,1611661322,WAS,31.0,18,9,9,0.5,418.5833333333333,81,200,0.405,16,59,0.271,42,56,0.75,11,62,73,55,40,16,7,8,26,61,220,9,419.1,1,0,410.0,124,100,46,69,99,66,66,90,70,63,94,57,55,87,102,74,81,70,67,89,87,69,43,54,69,55,82,35,5,78,1,10,WNBA,2024
1641698,Caitlin Bickle,Caitlin,1611661323,CON,25.0,8,7,1,0.875,14.575,0,3,0.0,0,3,0.0,0,0,0.0,0,0,0,0,0,0,0,0,1,0,0,-11,0.0,0,0,0.0,143,118,5,5,150,153,149,153,132,133,132,149,150,149,147,155,155,151,152,147,140,1,6,153,154,79,156,59,5,156,1,10,WNBA,2024
1642286,Caitlin Clark,Caitlin,1611661325,IND,23.0,40,20,20,0.5,1415.875,242,580,0.417,122,355,0.344,163,180,0.906,14,213,227,337,223,53,27,28,111,178,769,-63,1563.9,14,2,1615.0,1,41,111,69,2,10,7,77,1,1,48,6,8,13,85,11,16,1,1,13,17,138,147,4,5,110,3,7,2,2,1,10,WNBA,2024
1642287,Cameron Brink,Cameron,1611661320,LAS,23.0,15,4,11,0.267,329.49666666666667,41,103,0.398,10,31,0.323,21,25,0.84,18,62,80,25,34,16,35,11,60,28,113,-72,365.5,1,0,330.0,132,135,59,130,112,105,107,100,89,93,67,88,93,38,72,74,76,108,79,89,13,90,95,91,106,114,92,35,5,93,1,10,WNBA,2024
1628508,Cecilia Zandalasini,Cecilia,1611661324,MIN,29.0,40,30,10,0.75,487.33666666666664,67,148,0.453,31,70,0.443,18,29,0.621,5,41,46,43,31,15,9,12,55,30,183,7,343.7,0,0,351.0,1,4,49,21,90,83,82,52,41,51,12,95,83,127,126,100,109,84,82,95,71,94,87,88,82,57,94,59,5,90,1,10,WNBA,2024
1642298,Celeste Taylor,Celeste,1611661317,PHO,24.0,22,9,13,0.409,328.125,21,62,0.339,6,30,0.2,10,18,0.556,6,22,28,28,22,15,10,5,22,23,58,23,186.6,0,0,170.0,112,100,77,96,113,121,122,130,100,97,117,113,107,134,119,122,124,101,98,95,67,48,35,100,122,45,118,59,5,121,3,10,WNBA,2024
1642294,Charisma Osborne,Charisma,1611661317,PHO,23.0,2,1,1,0.5,9.983333333333333,1,2,0.5,0,0,0.0,0,0,0.0,0,1,1,1,2,0,0,0,1,1,2,2,2.7,0,0,4.0,152,151,5,69,152,150,153,22,132,143,132,149,150,149,147,149,151,146,144,147,140,1,6,146,151,63,154,59,5,153,1,10,WNBA,2024
203833,Chelsea Gray,Chelsea,1611661319,LVA,32.0,27,20,7,0.741,701.7783333333333,84,206,0.408,26,77,0.338,39,48,0.813,5,74,79,132,64,34,19,4,37,43,233,155,620.8,1,0,576.0,96,41,29,28,64,64,62,88,49,48,51,60,63,51,126,64,78,17,35,36,30,39,60,67,62,22,51,35,5,54,1,10,WNBA,2024
1630150,Chennedy Carter,Chennedy,1611661329,CHI,26.0,33,13,20,0.394,858.105,238,489,0.487,9,31,0.29,92,126,0.73,22,95,117,102,55,36,6,35,105,105,577,2,941.4,0,0,889.0,79,80,111,97,49,12,19,33,93,93,87,22,20,94,59,49,55,30,44,32,94,147,141,25,20,63,35,59,5,36,1,10,WNBA,2024
204323,Cheyenne Parker-Tyus,Cheyenne,1611661330,ATL,32.0,25,9,16,0.36,491.8383333333333,83,187,0.444,3,14,0.214,62,69,0.899,31,90,121,37,52,21,9,12,60,62,231,-106,469.7,0,0,452.0,107,100,94,107,89,65,72,54,110,111,113,37,44,15,41,50,51,91,51,71,71,94,95,52,63,135,73,59,5,73,1,10,WNBA,2024
202664,Courtney Vandersloot,Courtney,1611661313,NYL,36.0,31,24,7,0.774,691.5833333333334,81,182,0.445,18,67,0.269,17,31,0.548,13,68,81,149,56,25,15,13,53,33,197,147,581.7,1,0,525.0,85,30,29,17,66,66,73,53,64,58,97,98,82,136,92,68,75,13,41,60,44,105,83,80,76,24,59,35,5,60,1,10,WNBA,2024
1627675,Courtney Williams,Courtney,1611661324,MIN,31.0,40,30,10,0.75,1060.925,194,438,0.443,23,69,0.333,34,42,0.81,14,172,186,221,98,36,16,9,77,41,445,262,1057.7,3,0,979.0,1,4,49,21,33,26,24,56,54,54,53,66,69,52,85,16,27,6,10,32,42,76,115,68,33,8,26,21,5,28,1,10,WNBA,2024
1630101,Crystal Dangerfield,Crystal,1611661320,LAS,27.0,33,8,25,0.242,440.44666666666666,37,131,0.282,17,62,0.274,15,17,0.882,2,32,34,62,26,11,6,4,25,17,106,-111,264.8,0,0,253.0,79,112,134,133,97,108,92,146,67,60,92,102,109,21,138,113,122,61,92,113,94,39,40,111,109,138,108,59,5,108,2,10,WNBA,2024
203024,Damiris Dantas,Damiris,1611661325,IND,32.0,20,12,8,0.6,209.69,34,74,0.459,13,33,0.394,8,12,0.667,4,39,43,12,12,5,5,1,20,12,89,21,176.6,0,0,177.0,119,84,37,62,125,113,117,46,80,92,23,119,118,109,130,104,114,123,126,127,100,17,33,120,115,48,120,59,5,118,1,10,WNBA,2024
1630389,Dana Evans,Dana,1611661329,CHI,26.0,39,12,27,0.308,743.3166666666667,95,252,0.377,41,109,0.376,48,50,0.96,5,38,43,94,53,26,5,11,48,45,279,-238,511.6,0,0,519.0,33,84,144,122,58,57,46,113,33,34,31,51,60,6,126,107,114,36,48,58,100,90,72,66,51,154,63,59,5,61,1,10,WNBA,2024
201886,DeWanna Bonner,DeWanna,1611661323,CON,37.0,40,28,12,0.7,1271.52,212,511,0.415,58,197,0.294,119,143,0.832,22,216,238,80,56,47,27,32,70,104,601,245,1172.6,3,0,1125.0,1,13,65,32,9,21,14,82,21,17,81,14,16,42,59,10,15,45,41,18,17,142,111,26,15,10,17,21,5,17,1,10,WNBA,2024
204324,Dearica Hamby,Dearica,1611661320,LAS,31.0,40,8,32,0.2,1346.3366666666666,268,523,0.512,30,88,0.341,125,198,0.631,61,307,368,139,118,68,8,75,110,166,691,-277,1451.1,16,0,1380.0,1,112,155,145,3,5,12,16,43,42,50,12,5,125,16,2,4,14,3,3,80,156,146,5,9,157,6,5,5,6,1,10,WNBA,2024
1631089,Destanni Henderson,Destanni,1611661330,ATL,26.0,6,0,6,0.0,104.8,10,29,0.345,1,10,0.1,3,7,0.429,0,12,12,15,10,2,1,2,5,6,24,-16,59.9,0,0,58.0,146,155,23,155,134,130,132,128,125,119,131,133,130,144,147,134,136,117,131,135,125,25,15,134,134,84,136,59,5,135,1,10,WNBA,2024
1630459,DiDi Richards,DiDi,1611661322,WAS,26.0,20,6,14,0.3,197.71833333333333,20,50,0.4,0,4,0.0,6,14,0.429,10,19,29,13,7,2,4,2,15,16,46,-101,111.3,0,0,100.0,119,125,83,124,126,123,124,95,132,128,132,125,114,144,106,126,123,121,136,135,108,25,28,113,125,131,128,59,5,128,1,10,WNBA,2024
1630096,DiJonai Carrington,DiJonai,1611661323,CON,27.0,39,27,12,0.692,1154.755,173,429,0.403,26,104,0.25,124,157,0.79,53,143,196,61,74,61,17,40,100,137,496,118,982.7,2,0,935.0,33,16,65,36,26,30,26,91,49,36,102,13,11,67,22,26,22,64,24,9,38,151,135,12,29,25,32,26,5,33,1,10,WNBA,2024
1628890,Diamond DeShields,Diamond,1611661329,CHI,30.0,32,11,21,0.344,440.55333333333334,56,161,0.348,9,52,0.173,22,36,0.611,7,39,46,43,29,20,8,7,52,33,143,-125,317.7,0,0,297.0,82,87,121,116,96,90,79,124,93,74,124,84,78,128,115,104,109,84,84,74,80,60,80,80,90,144,98,59,5,98,1,10,WNBA,2024
1641649,Diamond Miller,Diamond,1611661324,MIN,24.0,21,14,7,0.667,212.88666666666666,21,69,0.304,5,26,0.192,14,24,0.583,9,28,37,13,19,7,1,7,23,18,61,-57,129.9,0,0,132.0,117,72,29,45,124,121,120,142,105,100,122,103,96,131,110,118,119,121,106,122,125,60,38,109,121,108,124,59,5,124,1,10,WNBA,2024
100940,Diana Taurasi,Diana,1611661317,PHO,43.0,36,17,19,0.472,1044.065,172,430,0.4,86,258,0.333,108,126,0.857,13,124,137,122,68,22,10,20,92,121,538,-30,913.4,0,0,947.0,69,59,105,85,34,31,25,95,9,7,53,16,20,31,92,39,46,24,27,68,67,121,131,20,25,89,36,59,5,32,1,10,WNBA,2024
1641657,Dorka Juhász,Dorka,1611661324,MIN,25.0,34,26,8,0.765,547.105,69,144,0.479,11,34,0.324,13,20,0.65,32,97,129,36,21,15,13,12,39,30,162,64,433.8,1,0,394.0,72,20,37,20,81,79,87,38,85,91,66,105,102,120,40,48,49,92,100,95,48,94,62,88,84,31,80,35,5,83,1,10,WNBA,2024
1641675,Dulcy Fankam Mendjiadeu,Dulcy,1611661328,SEA,25.0,7,4,3,0.571,36.391666666666666,2,3,0.667,0,0,0.0,2,6,0.333,4,5,9,1,3,0,0,0,5,4,6,-12,15.3,0,0,16.0,145,135,11,67,146,147,149,1,132,143,132,136,132,146,130,141,141,146,140,147,140,1,15,138,147,80,148,59,5,148,1,10,WNBA,2024
1642300,Dyaisha Fair,Dyaisha,1611661319,LVA,23.0,1,1,0,1.0,3.933333333333333,0,2,0.0,0,1,0.0,0,0,0.0,0,0,0,2,0,0,0,0,0,1,0,-3,3.0,0,0,2.0,156,151,1,1,156,153,153,153,132,139,132,149,150,149,147,155,155,143,152,147,140,1,1,146,154,71,153,59,5,154,1,10,WNBA,2024
204322,Elizabeth Williams,Elizabeth,1611661329,CHI,32.0,9,4,5,0.444,248.99,37,76,0.487,0,0,0.0,16,24,0.667,25,38,63,14,15,15,15,5,19,22,90,14,261.6,2,0,227.0,141,135,21,89,118,108,115,32,132,143,132,99,96,109,54,107,92,120,113,95,44,48,32,102,114,51,110,26,5,110,1,10,WNBA,2024
1631083,Emily Engstler,Emily,1611661322,WAS,25.0,32,14,18,0.438,463.92833333333334,76,154,0.494,27,57,0.474,18,22,0.818,44,84,128,47,22,19,24,9,49,27,197,-1,528.1,1,0,485.0,82,72,101,90,91,72,81,27,48,67,7,95,100,48,27,55,50,79,98,77,22,76,77,93,76,68,62,35,5,65,1,10,WNBA,2024
1628242,Emma Cannon,Emma,1611661319,LVA,36.0,5,3,2,0.6,9.246666666666666,2,3,0.667,0,1,0.0,0,0,0.0,0,2,2,1,1,0,0,0,0,0,4,3,6.9,0,0,7.0,149,142,8,62,153,147,149,1,132,139,132,149,150,149,147,147,148,146,148,147,140,1,1,153,149,61,151,59,5,150,1,10,WNBA,2024
204365,Erica Wheeler,Erica,1611661325,IND,34.0,39,20,19,0.513,545.6933333333334,58,141,0.411,15,52,0.288,11,13,0.846,7,46,53,69,35,17,4,6,45,24,142,-47,337.1,0,0,321.0,33,41,105,68,83,87,88,84,73,74,88,109,116,33,115,94,100,55,78,84,108,55,69,98,91,100,95,59,5,94,1,10,WNBA,2024
1629496,Ezi Magbegor,Ezi,1611661328,SEA,25.0,37,23,14,0.622,1134.6216666666667,172,336,0.512,13,53,0.245,76,87,0.874,83,213,296,74,53,40,82,39,117,67,433,162,1212.2,8,0,1060.0,56,32,83,55,28,31,36,17,80,72,109,35,36,24,8,11,11,51,48,25,2,149,152,47,35,21,15,12,5,24,1,10,WNBA,2024
1642534,Ezinne Kalu,Ezinne,1611661330,ATL,33.0,1,1,0,1.0,12.703333333333333,1,3,0.333,0,1,0.0,1,1,1.0,0,1,1,0,0,1,0,0,4,2,3,-7,7.2,0,0,6.0,156,151,1,1,151,150,149,132,132,139,132,144,149,1,147,149,151,151,152,140,140,1,11,144,150,74,150,59,5,151,1,10,WNBA,2024
1628931,Gabby Williams,Gabby,1611661328,SEA,28.0,12,7,5,0.583,350.5,50,104,0.481,10,31,0.323,14,19,0.737,9,39,48,44,17,20,3,5,21,14,124,22,299.6,0,0,272.0,136,118,21,66,109,97,106,36,89,93,67,103,105,90,110,104,106,82,111,74,115,48,34,116,103,46,102,59,5,105,1,10,WNBA,2024
1641658,Grace Berger,Grace,1611661325,IND,26.0,11,4,7,0.364,102.26666666666667,10,25,0.4,2,5,0.4,9,14,0.643,4,11,15,7,10,5,0,3,12,10,31,-14,64.5,0,0,65.0,138,135,29,105,135,130,137,95,117,127,19,115,114,122,130,135,134,133,131,127,140,32,23,126,129,83,133,59,5,133,1,10,WNBA,2024
1641650,Haley Jones,Haley,1611661330,ATL,24.0,40,15,25,0.375,712.2916666666666,58,146,0.397,6,28,0.214,33,47,0.702,10,78,88,84,68,14,11,15,80,33,155,-97,393.6,0,0,383.0,1,66,134,100,61,87,85,101,100,98,113,68,64,104,106,59,70,43,27,103,57,109,116,80,86,128,85,59,5,87,1,10,WNBA,2024
204330,Isabelle Harrison,Isabelle,1611661329,CHI,31.0,36,11,25,0.306,586.5516666666666,95,238,0.399,3,18,0.167,41,50,0.82,38,103,141,27,39,20,12,20,47,53,234,-171,500.7,3,0,469.0,69,87,134,123,76,57,51,98,110,105,125,59,60,47,34,46,43,103,71,74,52,121,71,59,61,150,66,21,5,69,1,10,WNBA,2024
1641602,Ivana Dojkić,Ivana,1611661313,NYL,27.0,26,22,4,0.846,257.36,25,74,0.338,16,42,0.381,21,27,0.778,9,13,22,20,14,9,1,4,26,21,87,11,159.4,0,0,165.0,103,36,17,8,116,119,117,131,70,82,27,88,88,78,110,131,128,112,120,117,125,39,43,105,116,53,123,59,5,122,1,10,WNBA,2024
1629498,Jackie Young,Jackie,1611661319,LVA,27.0,37,25,12,0.676,1205.3983333333333,201,467,0.43,70,208,0.337,111,128,0.867,26,135,161,197,78,37,8,20,92,97,583,151,1128.7,5,0,1101.0,56,24,65,42,18,24,20,62,14,14,52,15,18,27,51,34,37,7,18,30,80,121,131,33,18,23,20,17,5,20,1,10,WNBA,2024
1642292,Jacy Sheldon,Jacy,1611661321,DAL,24.0,40,9,31,0.225,931.0483333333333,81,210,0.386,30,97,0.309,25,27,0.926,27,55,82,99,63,23,12,17,101,32,217,-233,505.9,0,0,498.0,1,100,152,139,42,66,57,108,43,40,75,78,88,8,48,85,73,33,38,65,52,117,136,85,71,153,64,59,5,63,1,10,WNBA,2024
1631141,Jade Melbourne,Jade,1611661322,WAS,22.0,37,14,23,0.378,525.205,72,166,0.434,20,56,0.357,35,49,0.714,13,42,55,59,62,24,5,15,54,58,199,-13,378.5,0,0,391.0,56,72,128,99,85,74,76,61,60,70,38,65,62,100,92,98,97,67,39,63,100,109,85,56,75,82,90,59,5,85,1,10,WNBA,2024
1642240,Jaelyn Brown,Jaelyn,1611661321,DAL,26.0,14,4,10,0.286,141.085,15,31,0.484,6,12,0.5,1,3,0.333,7,14,21,6,12,4,4,1,16,7,37,-71,83.2,0,0,86.0,134,135,49,127,130,127,130,34,100,115,4,144,139,146,115,130,129,135,126,130,108,17,29,132,126,112,132,59,5,132,1,10,WNBA,2024
1642309,Jakia Brown-Turner,Jakia,1611661322,WAS,24.0,2,0,2,0.0,7.971666666666667,0,1,0.0,0,0,0.0,2,2,1.0,0,1,1,0,0,1,0,0,0,1,2,-6,6.2,0,0,5.0,152,155,8,155,154,153,155,153,132,143,132,136,141,1,147,149,151,151,152,140,140,1,1,146,151,73,152,59,5,152,1,10,WNBA,2024
1642320,Jaylyn Sherrod,Jaylyn,1611661313,NYL,23.0,10,7,3,0.7,36.68666666666667,7,14,0.5,2,6,0.333,3,6,0.5,2,1,3,5,2,3,1,0,4,3,19,11,40.1,0,0,37.0,140,118,11,32,145,137,143,22,117,125,53,133,132,138,138,149,146,137,144,132,125,1,11,141,138,53,139,59,5,140,1,10,WNBA,2024
1642305,Jessika Carter,Jessika,1611661319,LVA,25.0,2,2,0,1.0,4.303333333333334,0,1,0.0,0,0,0.0,0,2,0.0,0,0,0,0,0,0,0,0,0,1,0,-9,0.0,0,0,0.0,152,148,1,1,155,153,155,153,132,143,132,149,141,149,147,155,155,151,152,147,140,1,1,146,154,76,156,59,5,156,1,10,WNBA,2024
204319,Jewell Loyd,Jewell,1611661328,SEA,31.0,37,23,14,0.622,1246.055,224,622,0.36,59,215,0.274,222,252,0.881,26,140,166,135,85,52,8,32,67,212,729,198,1225.7,2,0,1209.0,56,32,83,55,12,15,4,119,19,13,91,2,2,22,51,31,36,15,15,15,80,142,105,2,7,16,14,26,5,12,1,10,WNBA,2024
1627673,Jonquel Jones,Jonquel,1611661313,NYL,31.0,39,32,7,0.821,1164.47,206,383,0.538,59,152,0.388,82,104,0.788,67,283,350,126,92,30,50,18,113,128,553,317,1310.0,11,0,1248.0,33,1,29,9,24,22,31,11,19,23,25,32,32,69,13,3,6,19,13,44,4,119,150,17,23,1,10,11,5,8,1,10,WNBA,2024
1641651,Jordan Horston,Jordan,1611661328,SEA,24.0,39,24,15,0.615,871.2433333333333,111,225,0.493,13,52,0.25,31,43,0.721,47,121,168,69,66,50,26,13,73,36,266,20,733.1,1,0,668.0,33,30,89,59,46,46,53,28,80,74,102,72,66,96,26,41,34,55,31,16,20,105,114,77,55,50,44,35,5,45,1,10,WNBA,2024
1628886,Jordin Canada,Jordin,1611661330,ATL,29.0,20,9,11,0.45,623.6916666666667,69,177,0.39,16,57,0.281,57,73,0.781,12,57,69,116,42,32,5,7,52,68,211,21,536.8,1,0,486.0,119,100,59,88,71,79,75,106,70,67,89,42,41,75,99,82,84,27,65,40,100,60,80,45,72,48,61,35,5,64,1,10,WNBA,2024
1630115,Joyner Holmes,Joyner,1611661328,SEA,27.0,27,17,10,0.63,230.69833333333332,33,78,0.423,6,31,0.194,7,11,0.636,14,35,49,25,21,6,6,2,28,12,79,-45,190.3,1,0,183.0,96,59,49,51,121,114,113,71,100,93,121,124,121,123,85,111,105,108,100,125,94,25,45,120,118,98,117,35,5,117,1,10,WNBA,2024
1642210,Julie Vanloo,Julie,1611661322,WAS,32.0,40,14,26,0.35,926.3733333333333,106,306,0.346,72,222,0.324,10,15,0.667,5,60,65,173,102,19,1,7,86,40,294,-77,589.5,0,0,644.0,1,72,141,112,43,49,40,125,12,10,65,113,112,109,126,77,89,9,9,77,125,60,126,70,50,117,58,59,5,47,1,10,WNBA,2024
1628273,Kaela Davis,Kaela,1611661329,CHI,30.0,4,0,4,0.0,51.516666666666666,4,12,0.333,2,2,1.0,2,4,0.5,1,3,4,1,4,1,2,2,5,5,12,-32,23.3,0,0,25.0,151,155,17,155,142,143,145,132,117,137,1,136,137,138,142,144,145,146,138,140,119,25,15,137,143,92,145,59,5,144,1,10,WNBA,2024
1627674,Kahleah Copper,Kahleah,1611661317,PHO,30.0,37,17,20,0.459,1196.5983333333334,273,628,0.435,69,220,0.314,167,207,0.807,24,144,168,84,110,29,3,46,121,159,782,-116,1095.6,1,0,1167.0,56,59,111,87,19,4,3,60,15,12,73,5,4,55,56,24,34,43,5,47,115,154,156,7,3,140,23,35,5,14,1,10,WNBA,2024
1629480,Kalani Brown,Kalani,1611661321,DAL,28.0,39,9,30,0.231,516.5383333333333,92,158,0.582,0,3,0.0,39,59,0.661,43,76,119,41,48,7,22,20,63,50,223,-98,466.3,0,0,441.0,33,100,149,136,86,59,80,4,132,133,132,60,52,118,29,62,53,87,60,122,25,121,99,61,67,129,74,59,5,75,1,10,WNBA,2024
1642289,Kamilla Cardoso,Kamilla,1611661329,CHI,24.0,32,10,22,0.313,875.7716666666666,126,242,0.521,0,0,0.0,61,84,0.726,96,158,254,54,49,17,46,27,101,74,313,-104,838.8,7,0,747.0,82,93,125,121,45,41,48,13,132,143,132,38,37,95,6,19,14,71,57,84,9,137,136,43,44,133,39,15,5,42,1,10,WNBA,2024
1628317,Karlie Samuelson,Karlie,1611661322,WAS,30.0,29,10,19,0.345,711.5366666666666,79,193,0.409,49,123,0.398,36,39,0.923,15,59,74,62,25,27,1,9,48,65,243,-3,483.8,0,0,484.0,91,93,105,115,62,69,68,85,25,32,20,62,75,9,80,78,79,61,94,52,125,76,72,49,59,71,68,59,5,66,1,10,WNBA,2024
1642324,Kate Martin,Kate,1611661319,LVA,25.0,34,23,11,0.676,391.86,27,88,0.307,22,62,0.355,11,12,0.917,6,48,54,30,21,7,8,5,29,15,87,5,220.8,0,0,223.0,72,32,59,41,104,116,109,141,56,60,41,109,118,11,119,89,99,96,100,122,80,48,48,115,116,58,113,59,5,111,1,10,WNBA,2024
1629478,Katie Lou Samuelson,Katie Lou,1611661325,IND,28.0,37,18,19,0.486,673.8716666666667,51,146,0.349,33,100,0.33,24,25,0.96,17,68,85,51,18,12,9,3,53,28,159,-86,382.5,0,0,370.0,56,54,105,80,67,96,85,122,38,38,63,81,93,6,76,68,71,77,108,110,71,32,83,91,85,123,89,59,5,88,1,10,WNBA,2024
203825,Kayla McBride,Kayla,1611661324,MIN,33.0,39,30,9,0.769,1237.2033333333334,174,414,0.42,105,258,0.407,133,149,0.893,14,86,100,126,79,49,2,12,48,102,586,299,969.0,0,0,1019.0,33,4,46,18,14,29,28,76,6,7,14,8,13,18,85,53,62,19,16,17,119,94,72,28,17,3,34,59,5,26,1,10,WNBA,2024
203866,Kayla Thornton,Kayla,1611661313,NYL,32.0,40,32,8,0.8,809.4866666666667,77,203,0.379,45,126,0.357,22,26,0.846,39,64,103,27,23,29,9,11,56,20,221,107,476.1,0,0,472.0,1,1,37,11,56,70,63,111,30,29,38,84,92,33,32,72,60,103,96,47,71,90,88,106,68,27,70,59,5,68,1,10,WNBA,2024
1628909,Kelsey Mitchell,Kelsey,1611661325,IND,29.0,40,20,20,0.5,1280.3666666666666,282,602,0.468,109,271,0.402,94,113,0.832,27,72,99,71,64,27,7,20,63,104,767,-68,1030.3,0,0,1114.0,1,41,111,69,8,2,6,42,4,5,17,21,27,43,48,66,63,52,35,52,87,121,99,26,6,111,28,59,5,19,1,10,WNBA,2024
1628276,Kelsey Plum,Kelsey,1611661319,LVA,30.0,38,25,13,0.658,1291.3583333333333,232,549,0.423,110,299,0.368,103,119,0.866,10,88,98,159,93,27,1,33,104,123,677,211,1024.1,0,0,1100.0,47,24,77,48,7,14,9,72,3,4,33,20,24,29,106,51,64,11,12,52,125,146,139,19,11,15,29,59,5,21,1,10,WNBA,2024
1629568,Kennedy Burke,Kennedy,1611661313,NYL,28.0,38,30,8,0.789,459.50666666666666,54,132,0.409,15,58,0.259,8,12,0.667,14,44,58,33,27,24,11,7,37,17,131,36,328.1,0,0,307.0,47,4,37,14,92,91,91,86,73,64,101,119,118,109,85,96,95,94,90,63,57,60,60,111,96,40,96,59,5,96,1,10,WNBA,2024
1628915,Kia Nurse,Kia,1611661320,LAS,29.0,40,8,32,0.2,810.51,102,263,0.388,53,160,0.331,46,58,0.793,17,47,64,53,49,19,1,10,72,62,303,-155,470.3,0,0,513.0,1,112,155,145,55,55,43,107,23,20,61,55,54,65,76,90,91,73,57,77,125,82,113,52,47,148,72,59,5,62,1,10,WNBA,2024
204329,Kiah Stokes,Kiah,1611661319,LVA,32.0,39,26,13,0.667,716.6316666666667,20,62,0.323,9,40,0.225,6,9,0.667,23,161,184,28,15,21,33,5,68,18,55,42,464.8,0,0,384.0,33,20,77,45,60,123,122,137,93,84,112,125,127,109,57,17,28,101,113,71,15,48,108,109,123,36,75,59,5,86,1,10,WNBA,2024
1630461,Kiana Williams,Kiana,1611661328,SEA,26.0,13,9,4,0.692,45.028333333333336,4,16,0.25,3,9,0.333,0,0,0.0,0,2,2,5,2,0,0,0,3,0,11,5,18.9,0,0,21.0,135,100,17,36,143,143,139,149,110,121,53,149,150,149,147,147,148,137,144,147,140,1,9,153,145,58,147,59,5,146,1,10,WNBA,2024
1631006,Kierstan Bell,Kierstan,1611661319,LVA,25.0,6,6,0,1.0,43.31666666666667,6,16,0.375,4,8,0.5,1,2,0.5,1,5,6,5,1,0,0,3,5,1,17,-1,30.7,0,0,32.0,146,125,1,1,144,139,139,114,106,122,4,144,141,138,142,141,143,137,148,147,140,32,15,146,140,68,143,59,5,141,1,10,WNBA,2024
1628929,Kristy Wallace,Kristy,1611661325,IND,29.0,26,11,15,0.423,446.84166666666664,47,117,0.402,17,58,0.293,12,18,0.667,11,37,48,45,17,18,6,1,29,22,123,-82,303.1,0,0,281.0,103,87,89,93,94,103,101,94,67,64,82,107,107,109,102,109,106,81,111,83,94,17,48,102,104,121,101,59,5,101,1,10,WNBA,2024
1630438,Kysre Gondrezick,Kysre,1611661329,CHI,27.0,5,3,2,0.6,16.25,2,7,0.286,1,6,0.167,0,0,0.0,1,1,2,2,3,4,0,0,2,0,5,1,19.4,0,0,18.0,149,142,8,62,149,147,148,145,125,125,125,149,150,149,142,149,148,143,140,130,140,1,8,153,148,65,146,59,5,147,1,10,WNBA,2024
1641656,Laeticia Amihere,Laeticia,1611661330,ATL,23.0,17,5,12,0.294,82.68333333333334,7,26,0.269,0,0,0.0,5,17,0.294,12,15,27,3,8,2,3,4,7,12,19,-19,62.9,0,0,59.0,127,130,65,125,138,137,134,147,132,143,132,129,109,148,99,128,126,142,133,135,115,39,19,120,138,85,134,59,5,134,1,10,WNBA,2024
203406,Layshia Clarendon,Layshia,1611661320,LAS,34.0,21,5,16,0.238,334.615,32,75,0.427,7,20,0.35,20,23,0.87,6,32,38,54,25,15,1,4,44,35,91,-47,240.6,1,1,222.0,117,130,94,134,111,115,116,68,98,103,43,91,98,25,119,113,118,71,94,95,125,39,68,78,113,100,111,35,3,113,1,10,WNBA,2024
1630142,Leonie Fiebich,Leonie,1611661313,NYL,25.0,40,32,8,0.8,837.3983333333333,97,203,0.478,55,127,0.433,18,25,0.72,39,82,121,70,41,38,7,5,88,40,267,279,611.2,0,0,603.0,1,1,37,11,52,56,63,39,22,28,13,95,93,97,32,57,51,53,66,28,87,48,128,70,54,6,54,59,5,49,1,10,WNBA,2024
1628882,Lexie Brown,Lexie,1611661320,LAS,30.0,16,4,12,0.25,378.65833333333336,42,131,0.321,21,69,0.304,24,27,0.889,1,36,37,53,31,17,2,4,22,23,129,-40,278.9,0,0,278.0,130,135,65,132,107,104,92,139,59,54,77,81,88,19,142,110,119,73,82,84,119,39,35,100,100,96,106,59,5,104,1,10,WNBA,2024
1631086,Lexie Hull,Lexie,1611661325,IND,25.0,34,17,17,0.5,671.1683333333333,60,136,0.441,33,70,0.471,33,41,0.805,33,51,84,36,29,22,11,10,85,46,186,24,410.8,0,0,405.0,72,59,98,69,68,85,90,58,38,51,8,68,71,57,38,86,72,92,84,68,57,82,124,64,81,44,83,59,5,80,1,10,WNBA,2024
1629574,Li Yueru,Li,1611661320,LAS,26.0,38,7,31,0.184,546.4983333333333,68,147,0.463,4,15,0.267,53,59,0.898,55,85,140,22,33,12,9,13,80,61,193,-91,424.0,1,0,401.0,47,118,152,151,82,81,84,45,106,108,98,47,52,16,20,54,44,111,81,110,71,105,116,54,79,127,81,35,5,81,1,10,WNBA,2024
1628263,Lindsay Allen,Lindsay,1611661329,CHI,30.0,40,13,27,0.325,950.2833333333333,104,223,0.466,14,48,0.292,42,52,0.808,13,67,80,157,64,32,7,12,67,78,264,-8,648.5,0,0,593.0,1,80,144,119,41,52,54,43,76,80,84,57,58,53,92,70,76,12,35,40,87,94,105,40,56,75,49,59,5,52,1,10,WNBA,2024
1641700,Liz Dixon,Liz,1611661317,PHO,24.0,18,9,9,0.5,160.06166666666667,11,29,0.379,0,0,0.0,8,10,0.8,14,27,41,9,8,1,9,5,13,8,30,-53,114.7,0,0,100.0,124,100,46,69,129,129,132,111,132,143,132,119,124,60,85,119,116,129,133,140,71,48,24,128,131,105,126,59,5,128,1,10,WNBA,2024
1631032,Lorela Cubaj,Lorela,1611661330,ATL,26.0,28,10,18,0.357,220.74,15,35,0.429,0,0,0.0,3,5,0.6,19,22,41,15,12,9,2,3,33,8,33,-56,125.7,0,0,111.0,94,93,101,110,122,127,127,65,132,143,132,133,135,130,68,122,116,117,126,117,119,32,55,128,127,107,125,59,5,125,1,10,WNBA,2024
1641661,Lou Lopez Sénéchal,Lou,1611661321,DAL,27.0,27,5,22,0.185,125.51166666666667,10,34,0.294,3,15,0.2,2,4,0.5,3,8,11,10,6,3,0,1,13,4,25,-86,56.2,0,0,55.0,96,130,125,150,132,130,128,143,110,108,117,136,137,138,133,137,137,126,137,132,140,17,24,138,132,123,137,59,5,137,1,10,WNBA,2024
1641652,Maddy Siegrist,Maddy,1611661321,DAL,25.0,27,6,21,0.222,643.7383333333333,106,210,0.505,10,37,0.27,33,43,0.767,43,47,90,27,15,10,10,23,33,33,255,-125,448.5,0,0,422.0,96,125,121,141,69,49,57,21,89,86,95,68,66,81,29,90,69,103,113,116,67,132,55,80,58,144,77,59,5,77,1,10,WNBA,2024
1629497,Marina Mabrey,Marina,1611661323,CON,28.0,40,20,20,0.5,1235.0666666666666,214,518,0.413,98,260,0.377,49,69,0.71,22,152,174,163,94,45,17,17,104,98,575,106,1120.3,1,0,1134.0,1,41,111,69,16,20,13,83,7,6,30,50,44,103,59,21,31,10,11,20,38,117,139,32,21,28,21,35,5,16,2,10,WNBA,2024
1642301,Marquesha Davis,Marquesha,1611661313,NYL,24.0,20,17,3,0.85,80.20333333333333,9,22,0.409,1,1,1.0,5,7,0.714,2,8,10,4,3,1,4,2,11,4,24,-1,54.0,0,0,49.0,119,59,11,7,139,134,138,86,125,139,1,129,130,100,138,137,138,141,140,140,108,25,22,138,134,68,138,59,5,138,1,10,WNBA,2024
1630471,Maya Caldwell,Maya,1611661330,ATL,26.0,25,9,16,0.36,405.11333333333334,52,125,0.416,15,50,0.3,12,15,0.8,20,25,45,27,23,15,5,6,30,12,131,-104,262.5,0,0,258.0,107,100,94,107,101,94,95,79,73,77,78,107,112,60,66,121,111,103,96,95,100,55,52,120,96,133,109,59,5,107,1,10,WNBA,2024
1629484,Megan Gustafson,Megan,1611661319,LVA,28.0,38,25,13,0.658,404.7266666666667,53,106,0.5,22,57,0.386,13,17,0.765,23,50,73,9,14,13,5,6,59,19,141,50,282.1,0,0,281.0,47,24,77,48,102,92,105,22,56,67,26,105,109,83,57,87,81,129,120,108,100,55,93,108,92,34,105,59,5,101,1,10,WNBA,2024
1628920,Mercedes Russell,Mercedes,1611661328,SEA,29.0,37,25,12,0.676,582.865,62,120,0.517,0,0,0.0,21,33,0.636,26,84,110,30,26,22,9,9,43,34,145,35,389.0,0,0,347.0,56,24,65,42,78,84,100,15,132,143,132,88,81,123,51,55,56,96,92,68,71,76,67,79,89,41,87,59,5,91,1,10,WNBA,2024
1630446,Michaela Onyenwere,Michaela,1611661329,CHI,25.0,34,10,24,0.294,635.8916666666667,88,212,0.415,25,68,0.368,25,41,0.61,19,43,62,33,43,19,12,21,68,39,226,-110,399.9,0,0,408.0,72,93,132,125,70,62,56,80,51,57,34,78,71,129,68,97,93,94,64,77,52,128,108,72,65,137,84,59,5,79,1,10,WNBA,2024
1630114,Mikiah Herbert Harrigan,Mikiah,1611661317,PHO,26.0,31,13,18,0.419,335.925,35,86,0.407,17,53,0.321,11,20,0.55,15,30,45,9,15,16,11,2,28,13,98,-101,231.5,0,0,223.0,85,80,101,94,110,112,111,89,67,72,69,109,102,135,80,116,111,129,113,89,57,25,45,118,111,131,112,59,5,111,1,10,WNBA,2024
1628881,Monique Billings,Monique,1611661317,PHO,29.0,37,10,27,0.27,843.2533333333333,107,230,0.465,3,14,0.214,57,71,0.803,65,148,213,53,65,27,19,16,84,97,274,-175,682.1,5,0,635.0,56,93,144,129,51,48,52,44,110,111,113,42,43,59,14,22,19,73,33,52,30,115,121,33,52,151,46,17,5,48,2,10,WNBA,2024
1629571,Morgan Bertsch,Morgan,1611661321,DAL,28.0,11,3,8,0.273,100.515,6,30,0.2,2,15,0.133,8,10,0.8,8,9,17,2,13,1,1,2,14,6,22,-49,38.4,0,0,47.0,138,142,37,128,136,139,131,151,117,108,130,119,124,60,114,136,133,143,124,140,125,25,27,134,137,102,140,59,5,139,2,10,WNBA,2024
1627669,Moriah Jefferson,Moriah,1611661329,CHI,31.0,23,10,13,0.435,184.43166666666667,9,42,0.214,4,19,0.211,9,10,0.9,3,6,9,30,8,8,0,1,17,13,31,-75,102.8,0,0,90.0,111,93,77,91,127,134,126,150,106,104,116,115,124,14,133,140,141,96,133,121,140,17,30,118,129,115,129,59,5,130,2,10,WNBA,2024
1628899,Myisha Hines-Allen,Myisha,1611661324,MIN,30.0,40,17,23,0.425,746.2466666666667,120,244,0.492,18,50,0.36,55,66,0.833,42,145,187,102,56,26,4,14,81,56,313,-119,724.4,2,0,680.0,1,59,128,92,57,43,47,29,64,77,36,44,49,40,31,23,26,30,41,58,108,108,120,57,44,142,45,26,5,44,2,10,WNBA,2024
1631019,NaLyssa Smith,NaLyssa,1611661325,IND,24.0,40,20,20,0.5,989.6333333333333,168,350,0.48,14,48,0.292,72,127,0.567,72,213,285,41,52,30,39,31,107,114,422,-191,980.5,7,0,900.0,1,41,111,69,38,33,34,37,76,80,84,36,19,133,11,11,12,87,51,44,11,141,143,22,37,152,33,15,5,35,1,10,WNBA,2024
1629483,Napheesa Collier,Napheesa,1611661324,MIN,28.0,34,27,7,0.794,1180.805,268,545,0.492,31,100,0.31,127,158,0.804,76,254,330,115,70,65,48,37,87,165,694,312,1531.5,18,0,1396.0,72,16,29,13,21,5,10,30,41,38,74,11,10,58,10,7,8,28,26,6,6,148,127,6,8,2,4,4,5,5,1,10,WNBA,2024
204333,Natasha Cloud,Natasha,1611661317,PHO,33.0,38,18,20,0.474,1265.3966666666668,152,383,0.397,44,143,0.308,90,109,0.826,18,136,154,263,115,54,23,11,102,92,438,-86,1133.3,8,0,1053.0,47,54,111,84,10,37,31,102,31,25,76,25,30,45,72,33,40,3,4,11,23,90,138,37,34,123,19,12,5,25,1,10,WNBA,2024
203827,Natasha Howard,Natasha,1611661321,DAL,33.0,27,7,20,0.259,824.7883333333333,187,410,0.456,11,55,0.2,89,124,0.718,53,129,182,78,76,34,21,15,85,102,474,-151,898.4,4,0,855.0,96,118,111,131,53,27,29,49,85,71,117,26,22,98,22,37,29,47,20,36,26,109,124,28,30,147,37,19,5,38,1,10,WNBA,2024
1630442,Natasha Mack,Natasha,1611661317,PHO,27.0,40,19,21,0.475,618.8166666666667,71,124,0.573,0,3,0.0,11,19,0.579,60,139,199,44,28,27,47,9,56,25,153,-82,651.8,0,0,544.0,1,49,121,82,72,76,96,7,132,133,132,109,105,132,19,32,20,82,88,52,8,76,88,96,87,121,48,59,5,58,1,10,WNBA,2024
1629567,Natisha Hiedeman,Natisha,1611661324,MIN,28.0,40,30,10,0.75,606.8666666666667,73,192,0.38,23,82,0.28,25,34,0.735,15,47,62,95,44,32,6,12,49,39,194,-21,480.9,0,0,450.0,1,4,49,21,74,73,69,110,54,45,90,78,80,93,80,90,93,35,63,40,94,94,77,72,78,86,69,59,5,74,1,10,WNBA,2024
1631044,Naz Hillmon,Naz,1611661330,ATL,25.0,40,15,25,0.375,867.655,90,163,0.552,1,3,0.333,48,63,0.762,64,129,193,52,38,28,11,24,54,54,229,4,617.6,1,0,553.0,1,66,134,100,47,60,77,9,125,133,53,51,50,84,15,37,23,76,72,50,57,134,85,58,64,60,53,35,5,57,1,10,WNBA,2024
1628269,Nia Coffey,Nia,1611661330,ATL,30.0,40,15,25,0.375,533.8733333333333,48,148,0.324,18,66,0.273,16,21,0.762,19,76,95,46,40,12,26,10,48,20,130,-124,387.0,0,0,365.0,1,66,134,100,84,102,82,136,64,59,93,99,101,84,68,62,66,80,67,110,20,82,72,106,99,143,88,59,5,89,1,10,WNBA,2024
1642299,Nika Mühl,Nika,1611661328,SEA,24.0,16,13,3,0.813,56.935,1,14,0.071,0,11,0.0,0,0,0.0,6,4,10,7,4,2,0,0,9,2,2,-26,26.5,0,0,23.0,130,80,11,10,141,150,143,152,132,118,132,149,150,149,119,143,138,133,138,135,140,1,20,144,151,88,144,59,5,145,1,10,WNBA,2024
203014,Nneka Ogwumike,Nneka,1611661328,SEA,34.0,37,23,14,0.622,1177.0933333333332,252,493,0.511,30,74,0.405,85,97,0.876,69,211,280,86,49,69,20,32,84,119,619,223,1302.0,8,0,1193.0,56,32,83,55,22,8,18,18,43,49,15,29,35,23,12,14,13,42,57,2,28,142,121,21,13,13,11,12,5,13,1,10,WNBA,2024
1631055,Nyara Sabally,Nyara,1611661313,NYL,25.0,26,20,6,0.769,351.78833333333336,50,87,0.575,0,2,0.0,28,40,0.7,34,71,105,15,13,23,19,16,41,41,128,72,389.5,1,0,332.0,103,41,23,18,108,97,110,6,132,137,132,76,74,105,37,67,57,117,124,65,30,115,65,68,101,30,86,35,5,92,1,10,WNBA,2024
203824,Odyssey Sims,Odyssey,1611661320,LAS,32.0,24,5,19,0.208,699.7766666666666,117,242,0.483,20,58,0.345,48,63,0.762,17,34,51,127,52,28,5,21,36,76,302,-100,600.7,1,0,566.0,109,130,105,143,65,45,48,35,60,64,47,51,50,84,76,112,104,18,51,50,100,128,59,41,48,130,56,35,5,56,2,10,WNBA,2024
1631135,Olivia Nelson-Ododa,Olivia,1611661323,CON,24.0,37,26,11,0.703,436.625,49,99,0.495,0,0,0.0,27,41,0.659,30,63,93,8,29,14,21,12,63,38,125,39,324.6,0,0,296.0,56,20,59,31,98,99,108,26,132,143,132,77,71,119,43,73,67,132,84,103,26,94,99,75,102,38,97,59,5,99,1,10,WNBA,2024
1630151,Olivia Époupa,Olivia,1611661324,MIN,31.0,17,11,6,0.647,113.84833333333333,6,16,0.375,0,0,0.0,2,2,1.0,6,13,19,26,15,14,0,4,13,9,14,22,102.8,0,0,87.0,127,87,23,50,133,139,139,114,132,143,132,136,141,1,119,131,130,107,113,103,140,39,24,127,142,46,129,59,5,131,1,10,WNBA,2024
1631031,Queen Egbo,Queen,1611661319,LVA,25.0,8,5,3,0.625,29.066666666666666,5,12,0.417,0,0,0.0,2,2,1.0,3,7,10,0,0,3,1,0,4,1,12,0,36.0,0,0,30.0,143,130,11,52,147,142,145,78,132,143,132,136,141,1,133,139,138,151,152,132,125,1,11,146,143,67,141,59,5,143,3,10,WNBA,2024
1627671,Rachel Banham,Rachel,1611661329,CHI,31.0,37,18,19,0.486,586.2233333333334,71,202,0.351,52,142,0.366,16,20,0.8,7,46,53,40,20,14,7,8,58,16,210,-43,376.6,0,0,397.0,56,54,105,80,77,76,65,121,24,26,35,99,102,60,115,94,100,89,104,103,87,69,92,113,73,97,91,59,5,82,2,10,WNBA,2024
1630996,Rae Burrell,Rae,1611661320,LAS,25.0,37,7,30,0.189,579.2116666666667,59,163,0.362,24,72,0.333,78,100,0.78,21,47,68,42,37,29,11,15,59,71,220,-88,447.6,0,0,434.0,56,118,149,149,79,86,77,117,53,50,53,34,33,76,62,90,88,86,74,47,57,109,93,44,69,126,78,59,5,76,1,10,WNBA,2024
204296,Rebecca Allen,Rebecca,1611661317,PHO,32.0,18,11,7,0.611,447.3466666666667,53,126,0.421,25,70,0.357,2,3,0.667,13,58,71,20,18,17,12,1,35,6,133,-12,317.2,0,0,307.0,124,87,29,61,93,92,94,75,51,51,38,136,139,109,92,81,83,112,108,84,52,17,57,134,95,80,99,59,5,96,1,10,WNBA,2024
1631009,Rhyne Howard,Rhyne,1611661330,ATL,25.0,30,14,16,0.467,1018.13,167,450,0.371,80,243,0.329,105,134,0.784,25,106,131,94,51,54,19,15,63,132,519,30,985.2,2,0,970.0,89,72,94,86,36,34,21,116,10,9,64,19,17,73,54,44,48,36,54,11,30,109,99,14,28,42,31,26,5,29,1,10,WNBA,2024
1642288,Rickea Jackson,Rickea,1611661320,LAS,24.0,40,8,32,0.2,1151.9983333333332,200,439,0.456,43,124,0.347,92,114,0.807,51,104,155,59,76,27,14,20,70,93,535,-242,856.5,1,0,874.0,1,112,155,145,27,25,23,51,32,31,45,22,26,54,24,45,39,67,20,52,47,121,111,35,26,155,38,35,5,37,1,10,WNBA,2024
1629477,Sabrina Ionescu,Sabrina,1611661313,NYL,27.0,38,30,8,0.789,1220.7283333333332,239,606,0.394,107,321,0.333,106,118,0.898,28,141,169,235,104,38,13,24,46,102,691,281,1295.3,3,0,1304.0,47,4,37,14,17,11,5,104,5,3,53,18,25,16,46,29,33,5,7,28,48,134,70,28,9,5,12,21,5,7,1,10,WNBA,2024
1628244,Sami Whitcomb,Sami,1611661328,SEA,36.0,40,25,15,0.625,611.2433333333333,72,208,0.346,47,161,0.292,9,11,0.818,15,59,74,64,40,30,9,3,56,14,200,41,461.8,0,0,463.0,1,24,89,52,73,74,61,126,26,19,83,115,121,48,80,78,79,59,67,44,71,32,88,116,74,37,76,59,5,71,1,10,WNBA,2024
1630149,Satou Sabally,Satou,1611661321,DAL,27.0,15,3,12,0.2,512.34,89,209,0.426,38,84,0.452,53,68,0.779,18,78,96,75,37,19,8,10,48,50,269,-53,540.7,0,0,532.0,132,142,65,145,87,61,60,69,36,43,10,47,47,77,72,59,65,49,74,77,80,82,72,61,53,105,60,59,5,59,1,10,WNBA,2024
1642244,Sevgi Uzun,Sevgi,1611661321,DAL,27.0,40,9,31,0.225,820.1783333333333,68,199,0.342,20,84,0.238,19,23,0.826,9,56,65,119,73,37,11,12,60,27,175,-112,502.5,0,0,475.0,1,100,152,139,54,81,67,129,60,43,110,94,98,44,110,83,89,25,25,30,57,94,95,93,83,139,65,59,5,67,1,10,WNBA,2024
1631022,Shakira Austin,Shakira,1611661322,WAS,24.0,12,2,10,0.167,237.90166666666667,52,121,0.43,1,4,0.25,36,54,0.667,21,61,82,11,29,15,11,8,30,39,141,1,304.9,1,0,287.0,136,148,49,153,120,94,99,63,125,128,102,62,56,109,62,76,73,125,84,95,57,69,52,72,92,65,100,35,5,100,1,10,WNBA,2024
1628278,Shatori Walker-Kimbrough,Shatori,1611661322,WAS,30.0,40,14,26,0.35,882.94,105,253,0.415,35,106,0.33,54,67,0.806,13,56,69,75,54,42,18,7,40,68,299,-76,620.3,0,0,598.0,1,72,141,112,44,51,45,81,37,35,62,45,48,56,92,83,84,49,46,22,34,60,64,45,49,116,52,59,5,51,1,10,WNBA,2024
1631021,Sika Koné,Sika,1611661322,WAS,22.0,27,19,8,0.704,217.26833333333335,36,84,0.429,4,7,0.571,31,36,0.861,14,41,55,12,14,6,2,12,25,30,107,27,201.0,0,0,194.0,96,49,37,30,123,110,112,65,106,123,3,72,78,30,85,100,97,123,120,125,119,94,40,88,108,43,116,59,5,116,2,10,WNBA,2024
203400,Skylar Diggins,Skylar,1611661328,SEA,34.0,40,25,15,0.625,1262.1333333333334,218,510,0.427,39,134,0.291,130,150,0.867,28,77,105,257,110,68,36,40,112,130,605,215,1318.5,2,0,1214.0,1,24,89,52,11,18,15,67,35,27,86,10,12,28,46,61,57,4,5,3,12,151,148,16,14,14,9,26,5,11,1,10,WNBA,2024
1629482,Sophie Cunningham,Sophie,1611661317,PHO,28.0,40,19,21,0.475,1108.95,103,240,0.429,68,180,0.378,60,69,0.87,16,141,157,79,38,41,10,10,91,76,334,-39,755.9,1,0,740.0,1,49,121,82,30,53,50,64,17,18,29,39,44,25,79,29,38,46,72,24,67,82,129,41,42,95,43,35,5,43,1,10,WNBA,2024
203828,Stefanie Dolson,Stefanie,1611661322,WAS,33.0,39,14,25,0.359,1012.8833333333333,133,280,0.475,72,155,0.465,33,42,0.786,33,160,193,102,68,21,18,8,114,50,371,-79,804.6,1,0,816.0,33,72,134,109,37,40,42,40,12,22,9,68,69,70,38,18,23,30,27,71,34,69,151,61,41,119,40,35,5,39,1,10,WNBA,2024
1641654,Stephanie Soares,Stephanie,1611661321,DAL,25.0,22,4,18,0.182,175.44833333333332,10,34,0.294,2,12,0.167,2,2,1.0,18,29,47,10,12,2,8,4,18,7,24,-50,113.4,0,0,103.0,112,135,101,152,128,130,128,143,117,115,125,136,141,1,72,117,108,126,126,135,80,39,31,132,134,103,127,59,5,127,1,10,WNBA,2024
203855,Stephanie Talbot,Stephanie,1611661320,LAS,31.0,37,8,29,0.216,600.19,49,124,0.395,13,50,0.26,20,29,0.69,21,80,101,76,37,19,17,7,51,27,131,-52,437.2,0,0,393.0,56,112,147,142,75,99,96,103,80,77,100,91,83,107,62,58,61,48,74,77,38,60,79,93,96,104,79,59,5,84,1,10,WNBA,2024
1630134,Sug Sutton,Sug,1611661322,WAS,26.0,29,18,11,0.621,379.6,24,78,0.308,10,40,0.25,9,13,0.692,6,22,28,62,34,16,1,8,25,22,67,-46,210.6,0,0,201.0,91,54,59,58,106,120,113,140,89,84,102,115,116,106,119,122,124,61,79,89,125,69,40,102,120,99,115,59,5,115,2,10,WNBA,2024
202641,Sydney Colson,Sydney,1611661319,LVA,35.0,31,21,10,0.677,247.81666666666666,27,64,0.422,14,37,0.378,8,9,0.889,1,13,14,30,14,15,5,3,23,12,76,48,183.8,0,0,174.0,85,38,49,40,119,116,121,74,76,86,28,119,127,19,142,131,135,96,120,95,100,32,38,120,119,35,119,59,5,119,1,10,WNBA,2024
1641667,Taylor Soule,Taylor,1611661324,MIN,25.0,2,1,1,0.5,3.0483333333333333,0,0,0.0,0,0,0.0,0,0,0.0,0,1,1,0,1,0,0,0,0,0,0,-10,0.2,0,0,1.0,152,151,5,69,157,153,157,153,132,143,132,149,150,149,147,149,151,151,148,147,140,1,1,153,154,78,155,59,5,155,1,10,WNBA,2024
1629479,Teaira McCowan,Teaira,1611661321,DAL,28.0,39,9,30,0.231,982.68,184,323,0.57,1,4,0.25,89,124,0.718,112,202,314,61,77,34,34,39,117,126,458,-159,1053.3,13,0,970.0,33,100,149,136,39,28,38,8,125,128,102,26,22,98,2,15,10,64,19,36,14,149,152,18,32,149,27,9,5,29,1,10,WNBA,2024
1627701,Temi Fágbénlé,Temi,1611661325,IND,32.0,22,8,14,0.364,414.94,58,114,0.509,2,12,0.167,22,28,0.786,31,73,104,20,27,11,15,7,66,32,140,8,345.8,1,0,318.0,112,112,83,105,100,87,102,20,117,115,125,84,86,70,41,65,59,112,90,113,44,60,103,85,94,56,93,35,5,95,1,10,WNBA,2024
203026,Tiffany Hayes,Tiffany,1611661319,LVA,35.0,33,22,11,0.667,707.7416666666667,110,220,0.5,33,82,0.402,60,84,0.714,27,65,92,69,28,25,9,10,68,83,313,91,600.9,1,0,575.0,79,36,59,45,63,47,55,22,38,45,16,39,37,100,48,71,68,55,88,60,71,82,108,39,44,29,55,35,5,55,1,10,WNBA,2024
1627676,Tiffany Mitchell,Tiffany,1611661323,CON,30.0,24,18,6,0.75,391.62166666666667,38,109,0.349,6,24,0.25,36,46,0.783,11,26,37,19,15,11,1,7,29,33,118,63,211.9,0,0,204.0,109,54,23,21,105,107,104,123,100,102,102,62,65,74,102,120,119,115,113,113,125,60,48,80,105,32,114,59,5,114,1,10,WNBA,2024
202250,Tina Charles,Tina,1611661330,ATL,36.0,39,15,24,0.385,1160.1833333333334,243,533,0.456,11,42,0.262,84,107,0.785,97,277,374,89,61,36,20,29,96,91,581,39,1270.3,21,1,1167.0,33,66,132,98,25,9,11,50,85,82,99,30,31,72,5,4,3,39,40,32,28,139,134,38,19,38,13,3,3,14,1,10,WNBA,2024
1630112,Tyasha Harris,Tyasha,1611661323,CON,27.0,39,27,12,0.692,1125.0183333333334,145,341,0.425,60,152,0.395,59,77,0.766,10,59,69,118,54,40,13,15,66,66,409,178,773.8,0,0,762.0,33,16,65,36,29,39,35,70,18,23,22,41,40,82,106,78,84,26,46,25,48,109,103,48,38,18,42,59,5,41,1,10,WNBA,2024
1631007,Veronica Burton,Veronica,1611661323,CON,24.0,31,19,12,0.613,392.86333333333334,26,72,0.361,13,37,0.351,31,37,0.838,13,31,44,58,15,14,7,4,32,32,96,108,283.8,0,0,253.0,85,49,65,60,103,118,119,118,80,86,42,72,77,39,92,115,113,69,113,103,87,39,54,85,112,26,104,59,5,108,1,10,WNBA,2024
1641687,Victaria Saxton,Victaria,1611661325,IND,25.0,9,3,6,0.333,22.716666666666665,3,9,0.333,1,4,0.25,1,2,0.5,0,3,3,0,1,0,0,1,4,1,8,-9,10.6,0,0,12.0,141,142,23,117,148,146,147,132,125,128,102,144,141,138,147,144,146,151,148,147,140,17,11,146,146,76,149,59,5,149,1,10,WNBA,2024
1628927,Victoria Vivians,Victoria,1611661328,SEA,30.0,35,21,14,0.6,445.19166666666666,41,123,0.333,22,69,0.319,6,9,0.667,19,50,69,29,20,13,7,8,42,12,110,57,276.3,0,0,270.0,71,38,83,62,95,105,98,132,56,54,70,125,127,109,68,87,84,100,104,108,87,69,66,120,107,33,107,59,5,106,1,10,WNBA,2024
1641660,Zia Cooke,Zia,1611661320,LAS,24.0,29,6,23,0.207,257.515,36,112,0.321,11,37,0.297,20,29,0.69,3,15,18,17,21,9,3,12,22,24,103,-58,165.1,0,0,173.0,91,125,128,144,115,110,103,138,85,86,79,91,83,107,133,128,131,116,100,117,115,94,35,98,110,109,122,59,5,120,1,10,WNBA,2024
1628932,A'ja Wilson,A'ja,1611661319,LVA,27.0,40,34,6,0.85,1227.7133333333334,335,601,0.557,9,29,0.31,233,287,0.812,82,298,380,64,62,57,89,46,85,247,912,487,1840.0,22,0,1657.0,1,1,24,6,18,1,5,8,88,89,80,2,1,62,8,3,2,62,39,9,1,155,120,2,3,3,2,2,8,2,1,10,WNBA,2023
1630462,Aari McDonald,Aari,1611661330,ATL,25.0,24,8,16,0.333,564.705,66,164,0.402,25,78,0.321,32,42,0.762,6,42,48,73,39,15,0,1,38,50,189,-54,362.1,0,0,365.0,109,115,80,111,79,79,75,93,57,57,75,71,74,90,119,96,100,47,66,83,139,10,54,64,75,113,90,54,8,86,1,10,WNBA,2023
1641671,Abby Meyers,Abby,1611661322,WAS,24.0,9,3,6,0.333,36.501666666666665,5,13,0.385,0,4,0.0,3,3,1.0,1,3,4,0,1,1,2,0,5,4,13,19,25.8,0,0,23.0,142,140,24,111,148,142,147,107,126,124,126,138,143,1,144,148,150,149,150,144,114,1,9,140,142,41,144,54,8,147,1,10,WNBA,2023
1627672,Aerial Powers,Aerial,1611661324,MIN,30.0,20,7,13,0.35,194.6,38,92,0.413,6,19,0.316,22,24,0.917,6,30,36,15,18,3,2,5,6,24,104,-41,166.7,0,0,171.0,117,119,66,109,120,103,107,80,94,102,76,87,98,13,119,107,112,113,108,128,114,49,12,99,104,97,118,54,8,116,1,10,WNBA,2023
1628268,Alaina Coates,Alaina,1611661319,LVA,29.0,12,9,3,0.75,35.071666666666665,5,6,0.833,0,0,0.0,1,4,0.25,2,8,10,0,7,3,0,0,10,2,11,-30,25.0,0,0,27.0,134,104,9,25,150,142,152,1,126,144,126,145,140,146,138,134,138,149,130,128,139,1,24,145,147,82,145,54,8,144,2,10,WNBA,2023
1629501,Alanna Smith,Alanna,1611661329,CHI,27.0,38,17,21,0.447,1006.955,132,265,0.498,30,102,0.294,55,81,0.679,70,179,249,68,56,49,50,9,116,91,349,12,990.8,2,0,894.0,49,52,114,87,36,41,51,29,48,41,87,44,38,118,10,19,15,52,46,17,7,76,152,35,47,44,31,30,8,32,1,10,WNBA,2023
1641648,Aliyah Boston,Aliyah,1611661325,IND,22.0,40,13,27,0.325,1249.0383333333334,233,403,0.578,4,10,0.4,108,145,0.745,125,210,335,89,75,53,50,41,125,158,578,-53,1347.5,11,0,1212.0,1,81,143,116,14,14,24,5,102,112,23,21,18,105,1,11,5,38,28,11,7,153,153,7,22,109,11,9,8,17,1,10,WNBA,2023
1628277,Allisha Gray,Allisha,1611661330,ATL,29.0,38,19,19,0.5,1244.0916666666667,219,471,0.465,42,118,0.356,169,205,0.824,47,139,186,119,71,40,14,27,100,152,649,-40,1141.7,2,0,1104.0,49,33,96,54,15,20,19,44,30,32,47,4,4,55,28,30,29,23,32,27,39,141,141,11,14,96,22,30,8,21,1,10,WNBA,2023
202252,Alysha Clark,Alysha,1611661319,LVA,36.0,39,33,6,0.846,876.03,91,205,0.444,51,132,0.386,27,33,0.818,21,112,133,42,28,24,6,4,85,46,260,217,544.6,0,0,546.0,36,5,24,10,50,60,63,56,22,25,31,77,81,58,64,41,50,78,92,59,74,40,120,69,57,13,60,54,8,58,1,10,WNBA,2023
203826,Alyssa Thomas,Alyssa,1611661323,CON,32.0,40,27,13,0.675,1445.51,243,513,0.474,0,3,0.0,133,186,0.715,80,314,394,316,137,73,19,37,109,171,619,224,1704.8,28,6,1513.0,1,15,66,27,2,12,15,40,126,128,126,13,7,110,9,1,1,1,1,3,30,151,144,5,17,11,3,1,1,3,1,10,WNBA,2023
204320,Amanda Zahui B,Amanda,1611661325,IND,30.0,34,14,20,0.412,253.285,18,70,0.257,6,37,0.162,15,20,0.75,7,31,38,10,15,6,18,3,45,15,57,-56,174.6,0,0,159.0,76,75,102,101,117,123,114,148,94,83,116,103,105,98,112,106,108,120,115,117,32,31,68,118,120,116,116,54,8,117,2,10,WNBA,2023
1630441,Arella Guirantes,Arella,1611661328,SEA,26.0,9,2,7,0.222,47.483333333333334,4,16,0.25,1,6,0.167,3,5,0.6,1,5,6,3,3,1,4,1,3,3,12,-27,35.7,0,0,32.0,142,146,37,145,144,147,140,149,119,120,114,138,138,132,144,142,146,137,148,144,88,10,6,143,144,79,141,54,8,142,1,10,WNBA,2023
1628878,Ariel Atkins,Ariel,1611661322,WAS,27.0,27,15,12,0.556,679.3316666666667,104,251,0.414,42,124,0.339,61,68,0.897,18,65,83,61,35,32,9,8,71,92,311,69,590.1,1,0,579.0,106,69,60,45,68,52,53,78,30,29,60,39,44,21,72,78,80,64,74,43,61,70,102,33,51,25,56,43,8,56,1,10,WNBA,2023
1629481,Arike Ogunbowale,Arike,1611661321,DAL,27.0,40,22,18,0.55,1488.8416666666667,299,752,0.398,117,341,0.343,134,153,0.876,19,116,135,181,105,68,4,19,109,147,849,143,1393.5,2,0,1426.0,1,26,91,47,1,3,2,100,2,1,57,12,13,26,66,40,49,10,4,4,88,118,144,13,4,17,8,30,8,6,1,10,WNBA,2023
1641653,Ashley Joens,Ashley,1611661317,PHO,24.0,19,6,13,0.316,127.55333333333333,13,36,0.361,10,23,0.435,3,6,0.5,0,11,11,1,5,3,0,4,7,9,39,-55,57.7,0,0,67.0,120,127,66,121,130,126,126,124,85,96,14,138,133,140,150,130,135,143,138,128,139,40,16,126,126,114,135,54,8,130,3,10,WNBA,2023
1629476,Asia (AD) Durr,Asia (AD),1611661330,ATL,27.0,36,17,19,0.472,391.9633333333333,62,163,0.38,19,59,0.322,30,39,0.769,3,35,38,25,28,10,3,9,28,30,173,-69,267.1,0,0,281.0,66,52,96,76,102,85,77,111,65,69,73,75,78,86,130,102,108,100,92,101,95,76,42,89,86,124,103,54,8,99,1,10,WNBA,2023
1630386,Awak Kuier,Awak,1611661321,DAL,22.0,37,22,15,0.595,399.155,36,91,0.396,2,23,0.087,21,27,0.778,23,71,94,20,22,7,24,8,30,22,95,-26,308.8,0,0,273.0,59,26,76,40,100,104,108,101,112,96,124,92,89,78,58,73,69,105,99,113,23,70,45,104,105,76,95,54,8,101,1,10,WNBA,2023
1628922,Azurá Stevens,Azurá,1611661320,LAS,28.0,35,14,21,0.4,909.5716666666667,149,369,0.404,35,109,0.321,46,61,0.754,54,153,207,40,52,41,32,21,90,62,379,-104,854.4,3,0,807.0,72,75,114,102,46,36,32,87,40,37,74,52,50,97,20,25,22,81,52,26,18,127,131,53,41,136,36,21,8,37,1,10,WNBA,2023
1630043,Bernadett Határ,Bernadett,1611661323,CON,29.0,6,3,3,0.5,47.36666666666667,6,16,0.375,0,0,0.0,0,0,0.0,3,6,9,1,4,4,2,1,9,1,12,-30,38.3,0,0,34.0,146,140,9,54,145,137,140,115,126,144,126,147,148,147,130,139,140,143,143,123,114,10,20,149,144,82,140,54,8,140,1,10,WNBA,2023
204335,Betnijah Laney-Hamilton,Betnijah,1611661313,NYL,30.0,40,32,8,0.8,1201.1233333333332,200,401,0.499,60,153,0.392,53,67,0.791,30,100,130,97,75,34,4,12,86,85,513,300,853.5,0,0,876.0,1,7,43,16,22,24,27,28,17,19,26,47,45,74,46,50,53,34,28,39,88,95,122,37,26,9,37,54,8,33,1,10,WNBA,2023
1627668,Breanna Stewart,Breanna,1611661313,NYL,29.0,40,32,8,0.8,1365.2116666666666,316,680,0.465,82,231,0.355,205,241,0.851,64,307,371,150,58,58,63,26,75,230,919,356,1894.2,20,0,1764.0,1,7,43,16,3,2,3,45,11,8,48,3,3,43,12,2,3,15,42,8,3,137,107,3,2,5,1,3,8,1,1,10,WNBA,2023
1629488,Brianna Turner,Brianna,1611661317,PHO,27.0,40,9,31,0.225,1051.525,67,103,0.65,0,0,0.0,6,12,0.5,50,203,253,50,60,39,44,7,89,28,140,-292,707.6,0,0,609.0,1,104,152,141,34,78,103,2,126,144,126,124,120,140,23,12,14,71,41,28,12,61,127,95,96,156,45,54,8,54,1,10,WNBA,2023
1629524,Bridget Carleton,Bridget,1611661324,MIN,27.0,38,18,20,0.474,573.0916666666667,41,119,0.345,30,89,0.337,11,15,0.733,19,70,89,34,16,13,3,4,49,29,123,-53,312.8,0,0,308.0,49,45,102,73,78,101,94,128,48,47,63,113,115,107,66,75,76,86,113,88,95,40,74,91,100,109,94,54,8,96,1,10,WNBA,2023
1628280,Brionna Jones,Brionna,1611661323,CON,28.0,13,10,3,0.769,411.54,80,140,0.571,2,4,0.5,45,58,0.776,41,65,106,31,29,24,7,14,53,56,207,66,444.7,4,0,408.0,132,99,9,23,98,70,87,6,112,124,2,56,54,81,33,78,63,91,88,59,66,100,76,59,70,27,79,20,8,82,1,10,WNBA,2023
203398,Brittney Griner,Brittney,1611661317,PHO,33.0,31,8,23,0.258,855.9466666666667,219,391,0.56,1,9,0.111,105,136,0.772,38,157,195,68,66,16,50,9,64,132,544,-121,1012.0,7,0,940.0,91,115,133,138,52,20,30,7,119,115,122,22,20,84,37,24,26,52,36,76,7,76,87,16,24,141,30,15,8,30,1,10,WNBA,2023
1628279,Brittney Sykes,Brittney,1611661322,WAS,30.0,40,19,21,0.475,1251.8533333333332,229,522,0.439,56,160,0.35,122,153,0.797,38,160,198,153,96,84,13,17,115,158,636,58,1298.1,2,0,1237.0,1,33,114,67,13,17,13,59,20,18,52,16,13,70,37,23,25,13,11,2,44,114,151,7,16,29,13,30,8,13,1,10,WNBA,2023
201496,Candace Parker,Candace,1611661319,LVA,38.0,18,16,2,0.889,425.3983333333333,60,129,0.465,17,51,0.333,25,28,0.893,16,81,97,67,31,27,16,7,35,24,162,222,476.9,0,0,429.0,123,64,6,2,96,89,90,43,69,72,65,80,87,22,78,67,67,56,80,53,36,61,49,99,89,12,73,54,8,77,1,10,WNBA,2023
204297,Cayla George,Cayla,1611661319,LVA,35.0,32,27,5,0.844,273.4916666666667,30,104,0.288,15,64,0.234,0,3,0.0,15,43,58,13,27,10,5,4,36,11,75,-42,182.1,0,0,191.0,84,15,16,12,114,112,102,145,74,63,105,147,143,147,80,95,96,115,95,101,81,40,51,121,115,100,115,54,8,110,1,10,WNBA,2023
203833,Chelsea Gray,Chelsea,1611661319,LVA,31.0,40,34,6,0.85,1287.7233333333334,225,459,0.49,64,152,0.421,96,107,0.897,12,146,158,291,101,57,25,5,73,92,610,437,1381.1,10,1,1287.0,1,1,24,6,8,19,21,32,15,20,17,24,30,20,92,26,34,3,8,9,20,49,105,33,19,4,9,12,3,9,1,10,WNBA,2023
204323,Cheyenne Parker-Tyus,Cheyenne,1611661330,ATL,31.0,40,19,21,0.475,1065.99,232,481,0.482,15,54,0.278,121,146,0.829,87,180,267,71,90,43,59,26,114,137,600,-36,1242.9,7,0,1157.0,1,33,114,67,33,16,17,36,74,71,96,17,17,54,5,18,13,49,17,22,5,137,148,15,20,91,15,15,8,19,1,10,WNBA,2023
203823,Chiney Ogwumike,Chiney,1611661320,LAS,32.0,10,5,5,0.5,212.16833333333332,34,79,0.43,1,13,0.077,15,21,0.714,14,29,43,13,12,13,3,11,37,22,84,-44,191.1,0,0,173.0,138,134,16,54,118,108,112,67,119,110,125,103,101,111,83,109,105,115,120,88,95,89,53,104,111,101,111,54,8,115,1,10,WNBA,2023
202664,Courtney Vandersloot,Courtney,1611661313,NYL,35.0,39,32,7,0.821,1186.65,161,364,0.442,37,126,0.294,51,67,0.761,19,117,136,314,104,51,23,25,78,55,410,326,1162.2,8,0,1045.0,36,7,37,13,25,34,34,57,38,28,89,48,45,93,66,38,48,2,6,13,25,134,111,60,34,6,20,14,8,26,1,10,WNBA,2023
1627675,Courtney Williams,Courtney,1611661329,CHI,30.0,40,18,22,0.45,1204.43,176,403,0.437,47,106,0.443,15,25,0.6,38,203,241,251,98,38,12,6,65,35,414,-86,1131.7,6,2,1053.0,1,45,127,85,20,28,24,60,26,40,11,103,95,132,37,12,17,4,10,30,45,55,91,83,33,129,23,17,2,25,1,10,WNBA,2023
1630101,Crystal Dangerfield,Crystal,1611661321,DAL,26.0,35,19,16,0.543,972.4666666666667,119,280,0.425,27,93,0.29,22,27,0.815,27,74,101,108,41,33,7,5,44,37,287,94,649.2,0,0,603.0,72,33,80,50,41,49,47,71,54,45,90,87,89,59,51,71,65,26,64,42,66,49,65,80,52,24,53,54,8,55,1,10,WNBA,2023
1627643,Cyesha Goree,Cyesha,1611661322,WAS,30.0,10,2,8,0.2,116.46166666666667,15,32,0.469,3,14,0.214,6,7,0.857,7,5,12,1,4,3,1,1,12,5,39,-50,62.9,0,0,63.0,138,146,43,149,131,125,129,42,105,109,110,124,129,38,112,142,132,143,143,128,124,10,26,139,126,107,133,54,8,133,1,10,WNBA,2023
1630389,Dana Evans,Dana,1611661329,CHI,25.0,39,17,22,0.436,837.4233333333333,116,322,0.36,42,143,0.294,76,89,0.854,7,40,47,118,61,27,4,16,45,82,350,-34,615.4,0,0,619.0,36,52,127,92,53,50,40,125,30,23,88,32,35,41,112,99,101,24,40,53,88,109,68,38,45,89,54,54,8,52,1,10,WNBA,2023
202658,Danielle Robinson,Danielle,1611661330,ATL,35.0,32,15,17,0.469,689.8833333333333,71,154,0.461,9,31,0.29,36,48,0.75,8,61,69,104,43,23,3,9,64,49,187,54,460.8,0,0,421.0,84,69,84,77,65,76,80,49,88,88,90,67,66,98,105,82,90,29,61,62,95,76,87,67,76,30,78,54,8,80,1,10,WNBA,2023
201886,DeWanna Bonner,DeWanna,1611661323,CON,36.0,40,27,13,0.675,1203.4466666666667,233,548,0.425,75,228,0.329,156,181,0.862,35,189,224,87,58,42,25,32,64,143,697,189,1239.3,3,0,1217.0,1,15,66,27,21,14,9,70,12,10,72,7,8,37,43,14,21,40,42,25,20,146,87,14,11,14,16,21,8,16,1,10,WNBA,2023
204324,Dearica Hamby,Dearica,1611661320,LAS,30.0,40,17,23,0.425,989.57,132,306,0.431,9,41,0.22,83,128,0.648,51,185,236,71,58,34,12,49,86,102,356,-49,825.7,2,0,764.0,1,52,133,99,39,41,45,66,88,80,107,31,23,122,22,16,18,49,42,39,45,156,122,29,43,105,39,30,8,40,1,10,WNBA,2023
1631089,Destanni Henderson,Destanni,1611661317,PHO,25.0,15,4,11,0.267,199.60166666666666,19,57,0.333,3,24,0.125,16,21,0.762,3,9,12,27,14,7,1,4,18,19,57,1,121.9,0,0,115.0,126,138,55,135,119,121,120,132,105,95,120,100,101,90,130,132,132,96,117,113,124,40,31,109,120,49,124,54,8,123,2,10,WNBA,2023
1630096,DiJonai Carrington,DiJonai,1611661323,CON,26.0,32,21,11,0.656,550.3016666666666,93,223,0.417,23,62,0.371,56,74,0.757,27,65,92,41,36,20,3,25,68,70,265,101,469.9,0,0,467.0,84,30,55,34,82,58,58,75,60,64,36,43,43,95,51,78,74,80,72,68,95,134,96,43,55,23,75,54,8,68,1,10,WNBA,2023
1641649,Diamond Miller,Diamond,1611661324,MIN,23.0,32,15,17,0.469,833.97,140,347,0.403,31,101,0.307,76,96,0.792,22,91,113,80,73,30,11,33,81,79,387,-53,692.6,0,0,693.0,84,69,84,77,54,40,36,90,47,42,82,32,33,73,60,56,61,43,31,45,51,148,115,39,39,109,48,54,8,46,1,10,WNBA,2023
100940,Diana Taurasi,Diana,1611661317,PHO,42.0,26,8,18,0.308,709.08,128,318,0.403,64,187,0.342,95,112,0.848,2,91,93,120,78,13,12,14,67,105,415,-66,703.6,1,0,742.0,107,115,91,123,61,45,43,92,15,13,58,25,27,44,138,56,72,22,27,88,45,100,95,27,32,122,46,43,8,42,1,10,WNBA,2023
1641657,Dorka Juhász,Dorka,1611661324,MIN,24.0,38,18,20,0.474,919.3566666666667,94,199,0.472,13,48,0.271,27,50,0.54,64,182,246,99,47,36,23,15,70,65,228,-118,801.7,5,0,704.0,49,45,102,73,45,57,65,41,79,73,99,77,64,138,12,17,16,32,55,35,25,103,100,47,68,139,40,18,8,44,1,10,WNBA,2023
1641675,Dulcy Fankam Mendjiadeu,Dulcy,1611661328,SEA,24.0,34,11,23,0.324,469.545,56,107,0.523,0,1,0.0,22,40,0.55,58,91,149,12,29,13,11,16,71,36,134,-14,373.8,2,0,343.0,76,90,133,120,92,93,101,15,126,136,126,87,77,136,18,56,38,117,88,88,51,109,102,82,98,65,87,30,8,88,1,10,WNBA,2023
203399,Elena Delle Donne,Elena,1611661322,WAS,34.0,23,13,10,0.565,632.925,142,293,0.485,24,61,0.393,75,80,0.938,20,105,125,49,30,19,20,11,43,67,383,121,693.5,2,0,659.0,111,81,51,43,73,39,46,34,59,67,25,34,39,10,65,46,54,72,82,71,29,89,62,46,40,18,47,30,8,49,1,10,WNBA,2023
204322,Elizabeth Williams,Elizabeth,1611661329,CHI,31.0,40,18,22,0.45,1188.195,167,325,0.514,0,0,0.0,58,92,0.63,90,142,232,98,54,50,60,24,101,102,392,-1,1093.4,2,0,942.0,1,45,127,85,24,31,39,20,126,144,126,41,34,124,4,27,20,33,49,15,4,132,143,29,37,50,25,30,8,29,1,10,WNBA,2023
1631083,Emily Engstler,Emily,1611661324,MIN,24.0,12,6,6,0.5,93.22166666666666,8,21,0.381,2,7,0.286,3,8,0.375,11,18,29,7,10,5,1,1,8,9,21,-33,74.3,0,0,71.0,134,127,24,54,133,134,136,110,112,117,94,138,123,145,95,123,121,130,123,119,124,10,18,126,134,88,129,54,8,129,1,10,WNBA,2023
1628242,Emma Cannon,Emma,1611661325,IND,35.0,30,9,21,0.3,314.34,61,134,0.455,13,34,0.382,40,44,0.909,24,70,94,14,33,4,2,7,42,37,175,-35,293.8,0,0,308.0,95,104,114,124,109,87,89,52,79,85,34,63,72,17,56,75,69,114,79,123,114,61,60,80,85,90,97,54,8,96,1,10,WNBA,2023
202259,Epiphanny Prince,Epiphanny,1611661313,NYL,36.0,10,6,4,0.6,71.275,6,15,0.4,3,10,0.3,3,3,1.0,1,5,6,8,7,2,1,0,6,4,18,-16,39.2,0,0,41.0,138,127,13,37,138,137,142,95,105,112,83,138,143,1,144,142,146,126,130,138,124,1,12,140,140,68,138,54,8,138,1,10,WNBA,2023
204365,Erica Wheeler,Erica,1611661325,IND,33.0,40,13,27,0.325,1071.34,146,367,0.398,30,97,0.309,72,82,0.878,16,104,120,201,83,44,3,19,96,79,394,-143,897.5,3,0,839.0,1,81,143,116,31,38,33,99,48,43,81,35,37,25,78,48,56,7,21,20,95,118,138,39,36,147,33,21,8,35,1,10,WNBA,2023
1631091,Evina Westbrook,Evina,1611661320,LAS,25.0,18,7,11,0.389,127.70333333333333,5,30,0.167,2,16,0.125,8,8,1.0,3,14,17,10,10,3,3,1,16,8,20,21,63.4,0,0,61.0,123,119,55,103,129,142,130,151,112,104,120,121,123,1,130,127,129,120,123,128,95,10,30,132,137,38,132,54,8,134,2,10,WNBA,2023
1629496,Ezi Magbegor,Ezi,1611661328,SEA,24.0,40,11,29,0.275,1303.7783333333334,217,423,0.513,30,78,0.385,86,123,0.699,64,258,322,102,94,45,74,45,129,106,550,-120,1352.4,10,0,1242.0,1,90,149,132,6,22,23,21,48,57,33,28,26,116,12,4,6,30,13,19,2,154,154,26,23,140,10,12,8,12,1,10,WNBA,2023
1628931,Gabby Williams,Gabby,1611661328,SEA,27.0,10,3,7,0.3,285.10833333333335,34,94,0.362,5,23,0.217,11,13,0.846,14,22,36,38,22,15,4,7,19,11,84,-41,219.2,0,0,201.0,138,140,37,124,113,108,105,123,99,96,108,113,119,45,83,121,112,82,99,83,88,61,32,121,111,97,107,54,8,109,1,10,WNBA,2023
1641658,Grace Berger,Grace,1611661325,IND,25.0,36,12,24,0.333,524.07,57,127,0.449,16,34,0.471,21,25,0.84,7,49,56,67,37,17,6,4,38,30,151,-32,350.7,0,0,336.0,66,86,137,111,86,91,91,53,70,85,4,92,95,47,112,90,97,56,69,73,74,40,54,89,90,86,91,54,8,91,1,10,WNBA,2023
1641650,Haley Jones,Haley,1611661330,ATL,23.0,40,19,21,0.475,583.55,56,166,0.337,6,28,0.214,31,41,0.756,14,80,94,92,54,16,12,12,69,34,149,-12,429.8,0,0,397.0,1,33,114,67,77,93,73,131,94,91,110,72,75,96,83,68,69,37,49,76,45,95,99,85,92,63,82,54,8,84,1,10,WNBA,2023
1629566,Han Xu,an Xu,1611661313,NYL,24.0,8,7,1,0.875,35.565,6,20,0.3,0,7,0.0,0,0,0.0,3,4,7,0,5,2,1,1,2,0,12,-14,24.4,0,0,25.0,144,119,2,3,149,137,137,139,126,117,126,147,148,147,130,146,144,149,138,138,124,10,5,153,144,65,146,54,8,145,1,10,WNBA,2023
1630387,Iliana Rupert,Iliana,1611661330,ATL,22.0,20,7,13,0.35,158.02333333333334,12,34,0.353,6,22,0.273,5,8,0.625,7,32,39,10,10,7,7,4,22,10,35,-16,128.8,0,0,118.0,117,119,66,109,125,129,127,126,94,99,97,129,123,125,112,104,107,120,123,113,66,40,36,124,128,68,122,54,8,122,1,10,WNBA,2023
1641602,Ivana Dojkić,Ivana,1611661328,SEA,26.0,23,6,17,0.261,460.6766666666667,48,119,0.403,23,55,0.418,31,43,0.721,4,36,40,65,35,18,4,6,44,39,150,-145,326.5,0,0,322.0,111,127,84,137,93,99,94,91,60,70,18,72,73,108,126,101,106,60,74,72,88,55,65,78,91,148,92,54,8,95,1,10,WNBA,2023
1629498,Jackie Young,Jackie,1611661319,LVA,26.0,40,34,6,0.85,1258.695,249,476,0.523,89,198,0.449,117,135,0.867,26,134,160,151,70,52,5,16,80,115,704,512,1223.5,1,0,1218.0,1,1,24,6,11,8,18,16,7,12,8,18,21,35,53,35,33,14,34,12,81,109,114,24,10,2,17,43,8,15,1,10,WNBA,2023
1631141,Jade Melbourne,Jade,1611661328,SEA,21.0,29,9,20,0.31,306.83166666666665,25,64,0.391,3,20,0.15,23,29,0.793,6,28,34,35,26,12,1,5,46,35,76,-18,182.3,0,0,174.0,99,104,102,122,110,114,117,103,105,101,117,83,85,71,119,112,116,84,96,95,124,49,71,83,113,70,114,54,8,114,1,10,WNBA,2023
1631029,Jasmine Dickey,Jasmine,1611661321,DAL,24.0,14,6,8,0.429,87.465,13,34,0.382,0,1,0.0,3,6,0.5,7,4,11,1,5,4,1,2,15,6,29,8,53.7,0,0,51.0,129,127,43,96,135,126,127,108,126,136,126,138,133,140,112,146,135,143,138,123,124,23,29,135,131,46,136,54,8,136,1,10,WNBA,2023
202662,Jasmine Thomas,Jasmine,1611661320,LAS,34.0,32,12,20,0.375,409.97,30,110,0.273,15,62,0.242,10,11,0.909,10,24,34,42,21,9,6,7,28,13,85,-51,212.8,0,0,206.0,84,86,102,105,99,112,99,147,74,64,104,118,121,17,97,118,116,78,102,106,74,61,42,120,110,108,108,54,8,108,1,10,WNBA,2023
1628287,Jennie Simms,Jennie,1611661317,PHO,30.0,6,1,5,0.167,70.28166666666667,4,14,0.286,0,5,0.0,5,7,0.714,4,9,13,3,6,2,0,1,7,4,13,-26,33.1,0,0,33.0,146,149,16,150,139,147,144,146,126,122,126,129,129,111,126,132,131,137,134,138,139,10,16,140,142,76,142,54,8,141,1,10,WNBA,2023
1629491,Jessica Shepard,Jessica,1611661324,MIN,27.0,21,9,12,0.429,564.6633333333333,65,126,0.516,0,2,0.0,41,53,0.774,44,105,149,67,30,12,2,20,42,50,171,-97,462.3,3,0,415.0,114,104,60,96,80,80,92,18,126,133,126,61,58,82,32,46,38,56,82,95,114,124,60,64,87,133,77,21,8,81,1,10,WNBA,2023
204319,Jewell Loyd,Jewell,1611661328,SEA,30.0,38,11,27,0.289,1343.455,285,770,0.37,115,323,0.356,254,286,0.888,41,137,178,131,105,38,16,32,63,258,939,-146,1406.1,1,0,1471.0,49,90,143,129,5,5,1,119,3,2,46,1,2,24,33,32,31,19,4,30,36,146,84,1,1,149,6,43,8,4,1,10,WNBA,2023
1630139,Jocelyn Willoughby,Jocelyn,1611661313,NYL,26.0,29,23,6,0.793,192.43,12,30,0.4,7,16,0.438,4,4,1.0,10,13,23,11,8,3,0,3,19,6,35,-44,80.1,0,0,82.0,99,25,24,21,122,129,130,95,92,104,12,134,140,1,97,129,124,118,128,128,139,31,32,135,128,101,127,54,8,127,1,10,WNBA,2023
1627673,Jonquel Jones,Jonquel,1611661313,NYL,30.0,40,32,8,0.8,1001.215,176,334,0.527,32,91,0.352,69,80,0.863,103,233,336,73,83,23,51,30,113,116,453,326,1104.7,11,0,1042.0,1,7,43,16,37,28,37,12,44,46,51,37,39,36,3,7,4,47,21,62,6,145,147,22,31,6,24,9,8,27,1,10,WNBA,2023
1641651,Jordan Horston,Jordan,1611661328,SEA,23.0,36,10,26,0.278,806.14,101,275,0.367,10,41,0.244,37,52,0.712,47,135,182,58,71,44,21,15,79,46,249,-65,678.4,3,0,629.0,66,99,141,131,55,54,48,122,85,80,102,66,61,113,28,33,30,65,32,20,28,103,113,69,60,121,49,21,8,50,1,10,WNBA,2023
1628886,Jordin Canada,Jordin,1611661320,LAS,28.0,38,17,21,0.447,1237.415,163,403,0.404,41,123,0.333,138,158,0.873,9,107,116,228,103,86,9,15,89,129,505,29,1168.2,1,0,1080.0,49,52,114,87,17,33,24,86,33,30,65,9,12,31,100,45,59,6,7,1,61,103,127,17,27,34,19,43,8,23,1,10,WNBA,2023
1630115,Joyner Holmes,Joyner,1611661328,SEA,26.0,34,10,24,0.294,355.505,41,110,0.373,15,48,0.313,16,21,0.762,24,60,84,28,19,9,10,2,39,17,113,-135,293.8,0,0,278.0,76,99,137,127,104,101,99,116,74,73,78,100,101,90,56,83,78,95,106,106,54,23,58,111,102,145,97,54,8,100,2,10,WNBA,2023
1641690,Kadi Sissoko,Kadi,1611661317,PHO,25.0,40,9,31,0.225,336.3233333333333,23,62,0.371,3,18,0.167,10,16,0.625,17,45,62,8,26,3,5,3,43,16,59,-41,143.4,0,0,148.0,1,104,152,141,105,118,118,118,105,103,114,118,112,125,75,93,92,126,96,128,81,31,62,115,118,97,120,54,8,120,1,10,WNBA,2023
1627674,Kahleah Copper,Kahleah,1611661329,CHI,29.0,38,17,21,0.447,1184.2516666666668,262,585,0.448,69,171,0.404,117,152,0.77,25,142,167,77,94,35,10,38,93,125,710,-63,1066.9,1,0,1113.0,49,52,114,87,26,7,7,54,13,16,20,18,15,85,55,27,32,44,13,36,54,152,133,19,8,120,26,43,8,20,1,10,WNBA,2023
1630097,Kaila Charles,Kaila,1611661328,SEA,26.0,4,0,4,0.0,41.12833333333333,3,12,0.25,0,2,0.0,0,0,0.0,3,2,5,1,0,1,0,3,9,1,6,-11,16.5,0,0,14.0,151,153,13,153,147,149,148,149,126,133,126,147,148,147,130,150,148,143,153,144,139,31,20,149,152,62,151,54,8,152,1,10,WNBA,2023
1629480,Kalani Brown,Kalani,1611661321,DAL,27.0,32,17,15,0.531,523.98,90,143,0.629,0,1,0.0,69,86,0.802,55,88,143,33,42,7,22,16,65,57,249,-75,515.1,3,0,483.0,84,52,76,53,87,61,86,3,126,136,126,37,36,67,19,60,44,87,62,113,27,109,91,57,60,126,63,21,8,65,1,10,WNBA,2023
1628317,Karlie Samuelson,Karlie,1611661320,LAS,29.0,34,15,19,0.441,888.1666666666666,82,177,0.463,49,115,0.426,48,51,0.941,11,90,101,68,30,22,3,7,81,61,261,38,529.2,0,0,529.0,76,69,96,91,48,68,71,48,24,33,16,51,63,9,95,59,65,52,82,67,95,61,115,55,56,31,62,54,8,59,1,10,WNBA,2023
1641672,Kayana Traylor,Kayana,1611661324,MIN,24.0,8,5,3,0.625,34.815,3,10,0.3,0,1,0.0,2,2,1.0,1,0,1,3,3,2,0,1,5,3,8,-32,16.7,0,0,16.0,144,134,9,36,151,149,149,139,126,136,126,144,146,1,144,154,153,137,148,138,139,10,9,143,150,86,150,54,8,151,1,10,WNBA,2023
203825,Kayla McBride,Kayla,1611661324,MIN,32.0,38,19,19,0.5,1207.5616666666667,187,441,0.424,83,243,0.342,85,98,0.867,14,108,122,85,65,47,6,15,63,63,542,-139,909.9,0,0,938.0,49,33,96,54,19,27,22,72,10,7,59,29,32,34,83,44,55,41,37,18,74,103,84,51,25,146,32,54,8,31,1,10,WNBA,2023
203866,Kayla Thornton,Kayla,1611661313,NYL,31.0,40,32,8,0.8,693.2566666666667,65,150,0.433,25,80,0.313,23,30,0.767,48,93,141,27,20,28,10,7,66,32,178,113,481.7,0,0,447.0,1,7,43,16,64,80,83,63,57,56,78,83,83,88,26,55,45,96,105,52,54,61,94,86,81,20,70,54,8,74,1,10,WNBA,2023
1628909,Kelsey Mitchell,Kelsey,1611661325,IND,28.0,40,13,27,0.325,1348.5116666666668,245,555,0.441,102,256,0.398,136,165,0.824,13,52,65,125,92,37,2,24,81,129,728,-95,1018.5,0,0,1098.0,1,81,143,116,4,11,8,58,4,5,24,10,9,56,89,87,91,21,16,32,114,132,115,17,6,132,29,54,8,22,1,10,WNBA,2023
1628276,Kelsey Plum,Kelsey,1611661319,LVA,29.0,39,33,6,0.846,1264.7683333333334,249,524,0.475,95,244,0.389,135,148,0.912,9,86,95,177,82,43,0,22,94,123,728,555,1154.5,2,0,1181.0,36,5,24,10,10,8,12,39,6,6,30,11,16,15,100,63,68,11,23,22,139,129,136,20,6,1,21,30,8,18,1,10,WNBA,2023
1628949,Khaalia Hillsman,Khaalia,1611661329,CHI,27.0,1,0,1,0.0,0.8683333333333333,0,0,0.0,0,0,0.0,0,0,0.0,0,0,0,0,0,0,0,0,0,0,0,-3,0.0,0,0,0.0,154,153,2,153,155,153,155,153,126,144,126,147,148,147,150,154,155,149,153,149,139,1,1,153,153,55,155,54,8,155,1,10,WNBA,2023
1628915,Kia Nurse,Kia,1611661328,SEA,28.0,40,11,29,0.275,789.325,80,233,0.343,50,143,0.35,24,27,0.889,12,79,91,53,29,24,2,6,77,43,234,-171,471.7,0,0,480.0,1,90,149,132,57,70,55,129,23,23,53,81,89,23,92,69,75,69,88,59,114,55,109,73,65,151,74,54,8,66,1,10,WNBA,2023
204329,Kiah Stokes,Kiah,1611661319,LVA,31.0,40,34,6,0.85,791.6266666666667,36,83,0.434,5,27,0.185,9,18,0.5,45,189,234,23,17,26,39,3,70,19,86,229,579.3,0,0,478.0,1,1,24,6,56,104,111,62,99,93,113,120,110,140,31,14,19,102,110,58,14,31,100,109,109,10,58,54,8,67,1,10,WNBA,2023
1631006,Kierstan Bell,Kierstan,1611661319,LVA,24.0,36,31,5,0.861,423.62166666666667,53,153,0.346,20,82,0.244,6,10,0.6,14,42,56,18,14,15,5,7,47,9,132,-20,272.2,0,0,266.0,66,12,16,4,97,97,82,127,64,53,102,124,122,132,83,96,97,108,117,83,81,61,72,126,99,72,100,54,8,102,1,10,WNBA,2023
201911,Kristi Toliver,Kristi,1611661322,WAS,37.0,11,6,5,0.545,99.30166666666666,13,39,0.333,10,28,0.357,4,5,0.8,1,7,8,8,7,3,0,3,9,10,40,-27,63.6,0,0,72.0,137,127,16,49,132,126,125,132,85,91,45,134,138,68,144,137,142,126,130,128,139,31,20,124,125,79,131,54,8,128,1,10,WNBA,2023
1629485,Kristine Anigwe,Kristine,1611661323,CON,27.0,13,7,6,0.538,88.96166666666667,10,24,0.417,0,1,0.0,5,8,0.625,8,14,22,4,7,3,5,2,23,8,25,-28,74.4,0,0,67.0,132,119,24,51,134,132,135,76,126,136,126,129,123,125,105,127,126,134,130,128,81,23,37,132,133,81,128,54,8,130,2,10,WNBA,2023
1628929,Kristy Wallace,Kristy,1611661325,IND,28.0,37,12,25,0.324,728.49,93,232,0.401,37,85,0.435,21,28,0.75,22,60,82,71,49,23,9,11,64,41,244,-14,495.9,0,0,498.0,59,86,140,119,60,58,56,94,38,51,13,92,87,98,60,83,81,49,54,62,61,89,87,77,63,65,68,54,8,62,1,10,WNBA,2023
1641656,Laeticia Amihere,Laeticia,1611661330,ATL,22.0,21,9,12,0.429,146.59166666666667,17,42,0.405,0,1,0.0,22,41,0.537,5,15,20,4,11,5,9,6,21,29,56,-56,117.0,0,0,108.0,114,104,60,96,126,124,123,85,126,136,126,87,75,139,124,125,128,134,121,119,61,55,35,91,122,116,125,54,8,125,1,10,WNBA,2023
1630100,Lauren Cox,Lauren,1611661323,CON,26.0,1,1,0,1.0,0.10666666666666667,0,0,0.0,0,0,0.0,0,0,0.0,0,0,0,0,0,0,0,0,0,0,0,-2,0.0,0,0,0.0,154,149,1,1,156,153,155,153,126,144,126,147,148,147,150,154,155,149,153,149,139,1,1,153,153,54,155,54,8,155,1,10,WNBA,2023
203406,Layshia Clarendon,Layshia,1611661320,LAS,33.0,24,14,10,0.583,686.5566666666666,96,193,0.497,21,46,0.457,54,59,0.915,23,50,73,82,54,27,0,7,63,71,267,21,504.6,0,0,497.0,109,75,51,41,66,56,67,30,62,76,7,46,52,14,58,89,86,42,49,53,139,61,84,42,54,38,67,54,8,63,1,10,WNBA,2023
1641665,Leigha Brown,Leigha,1611661323,CON,23.0,25,19,6,0.76,130.245,8,26,0.308,1,10,0.1,4,6,0.667,6,15,21,10,11,5,2,1,19,9,21,-87,71.2,0,0,67.0,108,33,24,24,128,134,133,136,119,112,123,134,133,120,119,125,127,120,121,119,114,10,32,126,134,130,130,54,8,130,1,10,WNBA,2023
1628882,Lexie Brown,Lexie,1611661320,LAS,29.0,12,6,6,0.5,363.7133333333333,54,111,0.486,27,65,0.415,14,16,0.875,2,23,25,29,16,11,3,2,14,17,149,4,248.5,0,0,258.0,134,127,24,54,103,95,98,33,54,62,19,108,112,27,138,119,123,94,113,99,95,23,27,111,92,47,104,54,8,103,1,10,WNBA,2023
1631086,Lexie Hull,Lexie,1611661325,IND,24.0,30,7,23,0.233,619.0883333333334,54,145,0.372,13,60,0.217,17,22,0.773,35,47,82,32,30,30,9,10,84,48,138,-117,371.4,0,0,343.0,95,119,133,140,74,95,85,117,79,68,109,97,100,83,43,92,81,90,82,45,61,84,118,68,97,138,88,54,8,88,1,10,WNBA,2023
1641642,Li Meng,Li,1611661322,WAS,29.0,34,17,17,0.5,539.52,62,164,0.378,44,121,0.364,22,26,0.846,6,30,36,35,28,10,1,5,38,31,190,-8,290.7,0,0,327.0,76,52,84,54,85,85,75,113,28,31,41,87,93,45,119,107,112,84,92,101,124,49,54,88,73,59,99,54,8,93,1,10,WNBA,2023
1628263,Lindsay Allen,Lindsay,1611661324,MIN,29.0,29,14,15,0.483,698.1966666666667,65,163,0.399,7,34,0.206,42,53,0.792,17,54,71,130,37,17,3,10,61,65,179,-37,482.2,0,0,427.0,99,75,76,66,63,80,77,98,92,85,112,60,58,72,75,86,87,20,69,73,95,84,81,47,80,94,69,54,8,78,1,10,WNBA,2023
1628897,Linnae Harper,Linnae,1611661322,WAS,29.0,14,3,11,0.214,72.62333333333333,8,26,0.308,4,11,0.364,0,0,0.0,3,6,9,4,4,2,0,3,11,2,20,-36,38.8,0,0,41.0,129,140,55,146,137,134,133,136,102,111,41,147,148,147,130,139,140,134,143,138,139,31,25,145,137,91,139,54,8,138,1,10,WNBA,2023
1641700,Liz Dixon,Liz,1611661317,PHO,23.0,14,5,9,0.357,77.99166666666666,10,19,0.526,0,0,0.0,7,8,0.875,9,6,15,3,5,0,3,2,4,6,27,-55,53.5,0,0,51.0,129,134,50,106,136,132,138,13,126,144,126,122,123,27,100,139,130,137,138,149,95,23,7,135,132,114,137,54,8,136,2,10,WNBA,2023
1631032,Lorela Cubaj,Lorela,1611661330,ATL,25.0,3,1,2,0.333,18.666666666666668,0,1,0.0,0,0,0.0,0,0,0.0,0,7,7,0,1,0,1,0,4,1,0,12,10.4,0,0,9.0,152,149,6,111,153,153,154,153,126,144,126,147,148,147,150,137,144,149,150,149,124,1,7,149,153,44,153,54,8,153,1,10,WNBA,2023
1641652,Maddy Siegrist,Maddy,1611661321,DAL,24.0,39,22,17,0.564,319.39,57,112,0.509,5,15,0.333,27,29,0.931,36,25,61,8,9,8,7,10,28,23,146,26,267.2,0,0,250.0,36,26,84,44,108,91,97,23,99,107,65,77,85,12,42,117,93,126,127,110,66,84,42,102,94,36,102,54,8,104,1,10,WNBA,2023
1641670,Madi Williams,Madi,1611661317,PHO,24.0,5,0,5,0.0,46.445,5,15,0.333,0,3,0.0,0,0,0.0,2,3,5,1,6,2,1,3,6,1,10,-31,20.5,0,0,22.0,149,153,16,153,146,142,142,132,126,128,126,147,148,147,138,148,148,143,134,138,124,31,12,149,148,84,149,54,8,148,1,10,WNBA,2023
1629497,Marina Mabrey,Marina,1611661329,CHI,27.0,39,17,22,0.436,1168.985,202,491,0.411,89,228,0.39,92,110,0.836,34,112,146,140,86,29,18,19,93,108,585,-21,1025.2,0,0,1054.0,36,52,127,92,27,23,16,82,7,10,27,27,28,49,45,41,42,16,19,48,32,118,133,25,21,73,28,54,8,24,1,10,WNBA,2023
1629546,Marine Johannès,Marine,1611661313,NYL,29.0,35,28,7,0.8,661.5583333333333,89,215,0.414,56,152,0.368,15,20,0.75,8,42,50,58,47,23,2,2,55,17,249,35,424.0,0,0,463.0,72,14,37,16,71,62,59,79,20,20,37,103,105,98,105,96,99,65,55,62,114,23,77,111,60,33,84,54,8,70,1,10,WNBA,2023
1630471,Maya Caldwell,Maya,1611661325,IND,25.0,30,10,20,0.333,304.2866666666667,21,72,0.292,4,29,0.138,12,14,0.857,9,18,27,19,22,9,3,4,27,22,58,-74,132.9,0,0,132.0,95,99,102,111,111,119,113,143,102,89,118,111,116,38,100,123,122,106,99,106,95,40,41,104,119,125,121,54,8,121,1,10,WNBA,2023
1629484,Megan Gustafson,Megan,1611661317,PHO,27.0,34,7,27,0.206,513.5283333333333,102,194,0.526,15,43,0.349,50,62,0.806,46,85,131,25,37,13,14,18,65,64,269,-77,507.7,1,0,494.0,76,119,143,147,88,53,66,14,74,79,54,50,49,65,30,64,52,100,69,88,39,116,91,50,53,127,66,43,8,64,1,10,WNBA,2023
1628920,Mercedes Russell,Mercedes,1611661328,SEA,28.0,37,11,26,0.297,705.0766666666667,81,157,0.516,0,1,0.0,23,38,0.605,39,110,149,48,55,16,17,11,56,42,185,-147,479.8,1,0,448.0,59,90,141,126,62,69,79,17,126,136,126,83,79,131,36,43,38,74,48,76,34,89,78,76,79,150,72,43,8,73,1,10,WNBA,2023
1630446,Michaela Onyenwere,Michaela,1611661317,PHO,24.0,40,9,31,0.225,953.0766666666667,130,322,0.404,35,111,0.315,60,79,0.759,48,99,147,51,81,30,19,25,114,68,355,-200,673.9,1,0,686.0,1,104,152,141,43,43,40,89,40,36,77,40,42,94,26,52,41,70,24,45,30,134,148,44,44,153,50,43,8,47,1,10,WNBA,2023
1628881,Monique Billings,Monique,1611661330,ATL,28.0,39,19,20,0.487,652.97,68,167,0.407,0,4,0.0,51,61,0.836,53,141,194,30,38,16,12,20,76,68,187,-38,510.8,2,0,467.0,36,33,102,63,72,77,72,84,126,124,126,48,50,50,21,29,27,93,68,76,45,124,108,44,76,95,65,30,8,68,1,10,WNBA,2023
1629571,Morgan Bertsch,Morgan,1611661329,CHI,27.0,28,14,14,0.5,397.7683333333333,47,103,0.456,16,36,0.444,12,16,0.75,12,35,47,19,30,10,7,6,50,20,122,-93,227.9,0,0,238.0,103,75,75,54,101,100,103,51,70,84,10,111,112,98,92,102,101,106,82,101,66,55,75,108,101,131,105,54,8,105,1,10,WNBA,2023
1627669,Moriah Jefferson,Moriah,1611661317,PHO,30.0,39,8,31,0.205,972.265,165,381,0.433,38,108,0.352,41,50,0.82,9,68,77,140,63,43,7,13,84,65,409,-236,798.4,0,0,764.0,36,115,152,148,42,32,31,64,36,38,50,61,64,57,100,77,84,16,38,22,66,97,118,47,35,154,41,54,8,40,1,10,WNBA,2023
1628899,Myisha Hines-Allen,Myisha,1611661322,WAS,29.0,35,16,19,0.457,616.4566666666667,73,215,0.34,18,66,0.273,33,46,0.717,37,117,154,77,52,23,6,13,78,39,197,-49,532.3,0,0,504.0,72,64,96,84,75,74,59,130,67,61,97,70,70,109,41,38,36,44,52,62,74,97,111,78,71,105,61,54,8,61,1,10,WNBA,2023
1631019,NaLyssa Smith,NaLyssa,1611661325,IND,23.0,31,11,20,0.355,884.9366666666666,188,394,0.477,19,67,0.284,84,124,0.677,64,221,285,44,84,10,10,27,93,104,479,-36,863.0,13,0,867.0,91,90,102,107,49,26,29,37,65,60,95,30,25,119,12,10,11,77,20,101,54,141,133,28,29,91,34,6,8,34,1,10,WNBA,2023
1629483,Napheesa Collier,Napheesa,1611661324,MIN,27.0,37,17,20,0.459,1238.2666666666667,297,613,0.485,34,114,0.298,168,200,0.84,70,243,313,94,89,61,43,35,89,185,796,-103,1535.6,11,0,1445.0,59,52,102,82,16,4,4,35,42,35,85,5,5,47,10,6,8,36,18,6,13,149,127,4,5,135,4,9,8,5,1,10,WNBA,2023
204333,Natasha Cloud,Natasha,1611661322,WAS,32.0,37,17,20,0.459,1198.7466666666667,149,395,0.377,45,151,0.298,126,140,0.9,8,130,138,229,95,39,10,17,95,116,469,-6,1030.1,2,0,979.0,59,52,102,82,23,36,28,114,27,22,86,15,19,19,105,36,46,5,12,28,54,114,137,22,30,57,27,30,8,28,1,10,WNBA,2023
203827,Natasha Howard,Natasha,1611661321,DAL,32.0,39,21,18,0.538,1288.5783333333334,247,539,0.458,38,127,0.299,110,135,0.815,84,229,313,100,109,50,45,26,140,121,642,115,1343.6,12,1,1283.0,36,30,91,51,7,10,11,50,36,27,84,20,21,59,7,8,8,31,3,15,11,137,156,21,15,19,12,8,3,10,1,10,WNBA,2023
1629567,Natisha Hiedeman,Natisha,1611661323,CON,27.0,40,27,13,0.675,1066.32,123,314,0.392,59,161,0.366,34,46,0.739,8,76,84,106,57,35,4,15,89,57,339,107,658.8,0,0,666.0,1,15,66,27,32,48,44,102,18,17,39,69,70,106,105,70,78,27,45,36,88,103,127,57,48,22,52,54,8,48,1,10,WNBA,2023
1631044,Naz Hillmon,Naz,1611661330,ATL,24.0,40,19,21,0.475,541.2733333333333,59,116,0.509,0,1,0.0,46,54,0.852,50,87,137,27,39,8,3,21,58,43,164,-47,362.9,0,0,350.0,1,33,114,67,84,90,96,24,126,136,126,52,57,42,23,62,47,96,66,110,95,127,80,73,88,103,89,54,8,87,1,10,WNBA,2023
1631002,Nia Clouden,Nia,1611661320,LAS,24.0,5,3,2,0.6,53.78,3,10,0.3,1,3,0.333,1,2,0.5,0,2,2,9,8,0,0,3,5,2,8,-22,15.9,0,0,20.0,149,140,6,37,142,149,149,139,119,128,65,145,146,140,150,150,151,125,128,149,139,31,9,145,150,75,152,54,8,150,1,10,WNBA,2023
1628269,Nia Coffey,Nia,1611661330,ATL,29.0,31,15,16,0.484,680.27,83,192,0.432,33,82,0.402,15,24,0.625,15,135,150,48,44,17,37,16,68,32,214,21,584.0,3,0,553.0,91,69,80,65,67,67,68,65,43,53,21,103,98,125,80,33,37,74,60,73,15,109,96,86,69,38,57,21,8,57,1,10,WNBA,2023
1631263,Nikolina Milić,Nikolina,1611661324,MIN,30.0,39,19,20,0.487,494.18666666666667,89,192,0.464,8,22,0.364,45,56,0.804,28,65,93,33,42,4,5,20,68,54,231,-97,377.1,0,0,383.0,36,33,102,63,90,62,68,46,91,99,41,56,56,66,49,78,72,87,62,123,81,124,96,62,66,133,86,54,8,85,1,10,WNBA,2023
203014,Nneka Ogwumike,Nneka,1611661320,LAS,33.0,36,16,20,0.444,1118.965,264,516,0.512,21,62,0.339,140,161,0.87,60,256,316,97,80,61,26,35,92,160,689,37,1394.7,16,0,1297.0,66,64,102,90,29,6,14,22,62,64,60,8,11,33,17,5,7,34,25,6,19,149,132,6,12,32,7,4,8,8,1,10,WNBA,2023
1631055,Nyara Sabally,Nyara,1611661313,NYL,24.0,33,27,6,0.818,260.295,25,59,0.424,2,9,0.222,24,32,0.75,19,51,70,7,18,4,7,8,38,24,76,4,185.5,0,0,177.0,82,15,24,14,116,114,119,73,112,115,106,81,82,98,66,88,88,130,108,123,66,70,54,99,113,47,113,54,8,113,1,10,WNBA,2023
203824,Odyssey Sims,Odyssey,1611661321,DAL,31.0,28,16,12,0.571,335.25666666666666,21,69,0.304,2,15,0.133,11,20,0.55,8,29,37,62,17,12,0,8,31,23,55,-1,211.4,0,0,180.0,103,64,60,42,106,119,115,138,112,107,119,113,105,136,105,109,110,63,110,95,139,70,47,102,123,50,109,54,8,112,1,10,WNBA,2023
1631135,Olivia Nelson-Ododa,Olivia,1611661323,CON,23.0,39,27,12,0.692,584.6833333333333,65,121,0.537,0,0,0.0,46,65,0.708,50,94,144,23,30,20,33,18,87,61,176,-4,512.3,3,0,449.0,36,15,60,26,76,80,93,10,126,144,126,52,48,114,23,54,43,102,82,68,17,116,125,55,83,56,64,21,8,72,1,10,WNBA,2023
1631031,Queen Egbo,Queen,1611661322,WAS,24.0,37,13,24,0.351,474.99333333333334,74,148,0.5,0,0,0.0,30,47,0.638,40,118,158,11,35,15,24,13,86,43,178,-66,466.1,0,0,425.0,59,81,137,108,91,73,84,25,126,144,126,75,68,123,35,37,34,118,74,83,23,97,122,73,81,122,76,54,8,79,2,10,WNBA,2023
1627671,Rachel Banham,Rachel,1611661324,MIN,30.0,32,15,17,0.469,434.6716666666667,61,165,0.37,43,107,0.402,11,14,0.786,4,28,32,54,36,11,3,1,45,16,176,-31,301.4,0,0,333.0,84,69,84,77,95,87,74,120,29,39,22,113,116,76,126,112,120,68,72,99,95,10,68,115,83,84,96,54,8,92,1,10,WNBA,2023
1630996,Rae Burrell,Rae,1611661320,LAS,24.0,29,11,18,0.379,321.6566666666667,36,93,0.387,16,41,0.39,17,21,0.81,13,23,36,18,15,13,3,9,26,22,105,-53,208.2,0,0,207.0,99,90,91,104,107,104,106,104,70,80,28,97,101,63,89,119,112,108,115,88,95,76,40,104,103,109,110,54,8,107,1,10,WNBA,2023
204296,Rebecca Allen,Rebecca,1611661323,CON,31.0,40,27,13,0.675,858.35,98,240,0.408,40,115,0.348,19,27,0.704,28,85,113,37,34,37,50,8,77,28,255,65,673.1,0,0,619.0,1,15,66,27,51,55,54,83,34,33,55,96,89,115,49,64,61,83,78,32,7,70,109,95,58,28,51,54,8,52,1,10,WNBA,2023
203822,Rebekah Gardner,Rebekah,1611661329,CHI,33.0,3,2,1,0.667,59.35166666666667,6,14,0.429,3,5,0.6,6,6,1.0,1,10,11,7,5,6,1,1,8,6,21,17,60.7,0,0,56.0,152,146,2,33,140,137,144,68,105,122,1,124,133,1,144,131,135,130,138,117,124,10,18,135,134,42,134,54,8,135,1,10,WNBA,2023
1631009,Rhyne Howard,Rhyne,1611661330,ATL,24.0,39,18,21,0.462,1282.805,226,587,0.385,99,281,0.352,130,165,0.788,26,167,193,138,75,51,25,23,110,154,681,-13,1272.6,2,0,1263.0,36,45,114,81,9,18,6,106,5,4,49,14,9,75,53,22,28,18,28,13,20,130,146,10,13,64,14,30,8,11,1,10,WNBA,2023
1641641,Robyn Parks,Robyn,1611661329,CHI,31.0,37,16,21,0.432,505.46666666666664,53,139,0.381,32,87,0.368,7,7,1.0,15,44,59,16,19,12,5,9,35,9,145,-26,271.8,0,0,286.0,59,64,114,95,89,97,88,109,44,49,38,122,129,1,80,94,94,112,106,95,81,76,49,126,95,76,101,54,8,98,1,10,WNBA,2023
1630113,Ruthy Hebard,Ruthy,1611661329,CHI,26.0,19,9,10,0.474,174.615,31,53,0.585,0,0,0.0,13,20,0.65,18,28,46,7,4,5,7,5,25,17,75,17,172.7,0,0,152.0,120,104,51,73,124,110,121,4,126,144,126,110,105,121,72,112,103,130,143,119,66,49,39,111,115,42,117,54,8,118,1,10,WNBA,2023
1629477,Sabrina Ionescu,Sabrina,1611661313,NYL,26.0,36,29,7,0.806,1133.785,195,461,0.423,128,286,0.448,95,109,0.872,29,171,200,193,94,37,10,23,61,102,613,322,1189.5,2,1,1228.0,66,13,37,15,28,25,20,74,1,3,9,25,29,32,47,20,23,8,13,32,54,130,81,29,18,8,18,30,3,14,1,10,WNBA,2023
1631068,Sam Thomas,Sam,1611661317,PHO,25.0,1,0,1,0.0,10.75,0,2,0.0,0,0,0.0,0,0,0.0,0,1,1,0,0,0,0,0,1,0,0,-7,1.2,0,0,1.0,154,153,2,153,154,153,153,153,126,144,126,147,148,147,150,153,153,149,153,149,139,1,4,153,153,58,154,54,8,154,1,10,WNBA,2023
1628244,Sami Whitcomb,Sami,1611661328,SEA,35.0,40,11,29,0.275,978.2533333333333,128,320,0.4,89,231,0.385,44,53,0.83,19,95,114,115,80,35,14,9,74,53,389,-48,765.3,1,0,805.0,1,90,149,132,40,45,42,95,7,8,32,58,58,53,66,53,60,25,25,36,39,76,106,63,38,104,42,43,8,38,1,10,WNBA,2023
1630149,Satou Sabally,Satou,1611661321,DAL,26.0,38,21,17,0.553,1257.975,237,545,0.435,66,183,0.361,167,191,0.874,86,222,308,167,110,68,16,19,135,155,707,159,1469.1,14,1,1416.0,49,30,84,46,12,13,10,61,14,14,44,6,6,30,6,9,10,12,2,4,36,118,155,9,9,16,5,5,3,7,1,10,WNBA,2023
1631022,Shakira Austin,Shakira,1611661322,WAS,23.0,19,12,7,0.632,440.01166666666666,77,154,0.5,0,0,0.0,36,59,0.61,29,104,133,17,35,16,17,11,44,55,190,67,439.1,5,0,406.0,120,86,37,35,94,72,80,25,126,144,126,67,52,130,47,48,50,111,74,76,34,89,65,60,73,26,80,18,8,83,1,10,WNBA,2023
1628278,Shatori Walker-Kimbrough,Shatori,1611661322,WAS,29.0,40,19,21,0.475,993.285,87,203,0.429,32,82,0.39,44,47,0.936,8,74,82,66,26,29,14,9,48,44,250,-121,550.4,0,0,516.0,1,33,114,67,38,64,64,68,44,53,28,58,68,11,105,71,81,59,96,48,39,76,73,71,59,141,59,54,8,60,1,10,WNBA,2023
203035,Shey Peddy,Shey,1611661317,PHO,35.0,18,3,15,0.167,285.425,31,84,0.369,16,46,0.348,16,20,0.8,7,26,33,33,10,15,1,11,30,29,94,-19,221.1,0,0,208.0,123,140,76,150,112,110,110,121,70,76,55,100,105,68,112,116,119,87,123,83,124,89,45,91,106,71,106,54,8,106,1,10,WNBA,2023
1631021,Sika Koné,Sika,1611661329,CHI,21.0,20,10,10,0.5,185.9,25,47,0.532,2,6,0.333,20,26,0.769,22,37,59,10,21,3,1,8,34,25,72,-21,148.8,0,0,151.0,117,99,51,54,123,114,122,11,112,120,65,95,93,86,60,100,94,120,102,128,124,70,48,98,117,73,119,54,8,119,1,10,WNBA,2023
1629482,Sophie Cunningham,Sophie,1611661317,PHO,27.0,31,9,22,0.29,897.75,111,269,0.413,58,172,0.337,70,80,0.875,17,71,88,65,46,20,11,19,99,98,350,-192,600.1,0,0,623.0,91,104,127,128,47,51,50,81,19,15,62,36,39,27,75,73,77,60,58,68,51,118,139,32,45,152,55,54,8,51,1,10,WNBA,2023
203828,Stefanie Dolson,Stefanie,1611661313,NYL,32.0,23,18,5,0.783,272.635,35,68,0.515,12,26,0.462,11,14,0.786,13,32,45,27,21,1,6,2,41,16,93,27,187.5,0,0,191.0,111,45,16,22,115,107,116,19,84,94,6,113,116,76,89,104,104,96,102,144,74,23,59,115,108,35,112,54,8,110,1,10,WNBA,2023
1630134,Sug Sutton,Sug,1611661317,PHO,25.0,40,9,31,0.225,1050.6933333333334,126,327,0.385,30,89,0.337,46,57,0.807,14,88,102,190,99,27,3,27,62,63,328,-276,726.4,1,1,710.0,1,104,152,141,35,47,38,105,48,47,63,52,55,64,83,60,64,9,9,53,95,141,83,51,49,155,44,43,3,43,1,10,WNBA,2023
202641,Sydney Colson,Sydney,1611661319,LVA,34.0,28,24,4,0.857,134.86,12,27,0.444,6,16,0.375,5,6,0.833,4,8,12,22,6,9,1,1,24,7,35,-61,106.4,0,0,95.0,103,24,13,5,127,129,132,55,94,104,35,129,133,51,126,134,132,104,134,106,124,10,38,134,128,119,126,54,8,126,1,10,WNBA,2023
1641659,Taylor Mikesell,Taylor,1611661330,ATL,24.0,6,1,5,0.167,29.216666666666665,5,10,0.5,3,7,0.429,4,4,1.0,0,2,2,2,1,0,0,0,0,2,17,-1,21.4,0,0,24.0,146,149,16,150,152,142,149,25,105,117,15,134,140,1,150,150,151,142,150,149,139,1,1,145,141,50,148,54,8,146,1,10,WNBA,2023
1641667,Taylor Soule,Taylor,1611661329,CHI,24.0,15,7,8,0.467,52.84,2,14,0.143,0,3,0.0,5,8,0.625,3,5,8,3,4,0,1,2,6,9,9,-1,22.1,0,0,22.0,126,119,43,80,143,152,144,152,126,128,126,129,123,125,130,142,142,137,143,149,124,23,12,126,149,50,147,54,8,148,1,10,WNBA,2023
1629479,Teaira McCowan,Teaira,1611661321,DAL,27.0,30,18,12,0.6,783.0033333333333,150,272,0.551,0,4,0.0,58,99,0.586,104,168,272,45,46,16,35,27,100,89,358,170,858.9,13,0,777.0,95,45,60,37,58,35,49,9,126,124,126,41,31,135,2,21,12,76,58,76,16,141,141,36,42,15,35,6,8,39,1,10,WNBA,2023
203403,Tianna Hawkins,Tianna,1611661322,WAS,33.0,40,19,21,0.475,922.7866666666666,130,265,0.491,29,87,0.333,39,52,0.75,61,138,199,56,47,32,14,15,99,62,328,-82,741.8,3,0,704.0,1,33,114,67,44,43,51,31,53,49,65,64,61,98,16,31,24,67,55,43,39,103,139,53,49,128,43,21,8,44,1,10,WNBA,2023
203026,Tiffany Hayes,Tiffany,1611661323,CON,34.0,40,27,13,0.675,1081.6383333333333,168,353,0.476,48,131,0.366,98,126,0.778,38,82,120,105,56,34,3,19,114,148,482,108,838.5,0,0,829.0,1,15,66,27,30,30,35,38,25,26,40,23,24,78,37,66,56,28,46,39,95,118,148,12,28,21,38,54,8,36,1,10,WNBA,2023
1627676,Tiffany Mitchell,Tiffany,1611661324,MIN,29.0,33,14,19,0.424,763.3983333333333,86,213,0.404,13,45,0.289,55,66,0.833,18,58,76,76,70,16,3,10,88,73,240,-131,432.2,0,0,443.0,82,75,96,100,59,66,61,88,79,78,92,44,47,51,72,85,85,46,34,76,95,84,126,41,64,144,81,54,8,75,1,10,WNBA,2023
1630112,Tyasha Harris,Tyasha,1611661323,CON,26.0,40,27,13,0.675,667.9883333333333,87,209,0.416,39,84,0.464,17,25,0.68,5,29,34,68,41,29,3,14,43,29,230,24,427.8,0,0,435.0,1,15,66,27,70,64,62,77,35,52,5,97,95,117,124,109,116,52,64,48,95,100,62,91,67,37,83,54,8,76,1,10,WNBA,2023
1631007,Veronica Burton,Veronica,1611661321,DAL,23.0,40,22,18,0.55,554.8483333333334,25,85,0.294,13,48,0.271,31,34,0.912,22,48,70,88,17,29,10,6,57,44,94,-10,410.0,0,0,343.0,1,26,91,47,81,114,109,142,79,73,99,72,80,16,60,91,88,39,110,48,54,55,79,71,106,61,85,54,8,88,1,10,WNBA,2023
1641687,Victaria Saxton,Victaria,1611661325,IND,24.0,15,4,11,0.267,53.81333333333333,6,18,0.333,1,2,0.5,6,7,0.857,2,8,10,0,6,1,0,0,9,11,19,-8,28.0,0,0,32.0,126,138,55,135,141,137,139,132,119,133,2,124,129,38,138,134,138,149,134,144,139,1,20,121,139,59,143,54,8,142,1,10,WNBA,2023
1628927,Victoria Vivians,Victoria,1611661325,IND,29.0,38,11,27,0.289,674.0016666666667,73,192,0.38,27,94,0.287,23,30,0.767,19,100,119,49,31,27,6,10,72,27,196,-106,480.3,0,0,457.0,49,90,143,129,69,74,68,112,54,44,93,83,83,88,66,50,58,72,80,53,74,84,104,97,72,137,71,54,8,71,1,10,WNBA,2023
203389,Yvonne Turner,Yvonne,1611661328,SEA,36.0,21,5,16,0.238,192.92666666666668,19,41,0.463,1,3,0.333,14,18,0.778,2,21,23,18,14,8,2,4,14,15,53,-59,123.6,0,0,115.0,114,134,80,139,121,121,124,47,119,128,65,108,110,78,138,122,124,108,117,110,114,40,27,118,124,118,123,54,8,123,1,10,WNBA,2023
1641660,Zia Cooke,Zia,1611661320,LAS,23.0,39,17,22,0.436,548.825,65,225,0.289,18,69,0.261,39,48,0.813,10,27,37,31,29,13,12,26,36,50,187,-121,323.9,0,0,323.0,36,52,127,92,83,80,57,144,67,59,101,64,66,61,97,115,110,91,88,88,45,137,51,64,76,141,93,54,8,94,1,10,WNBA,2023
