gameId,teamId,teamCity,teamName,teamTricode,teamSlug,personId,firstName,familyName,nameI,playerSlug,position,comment,jerseyNum,minutes,estimatedOffensiveRating,offensiveRating,estimatedDefensiveRating,defensiveRating,estimatedNetRating,netRating,assistPercentage,assistToTurnover,assistRatio,offensiveReboundPercentage,defensiveReboundPercentage,reboundPercentage,turnoverRatio,effectiveFieldGoalPercentage,trueShootingPercentage,usagePercentage,estimatedUsagePercentage,estimatedPace,pace,pacePer40,possessions,PIE,source_game_id,collection_timestamp,endpoint,estimatedTeamTurnoverPercentage
2022300449,1612709909,Delaware,Blue Coats,DEL,blue-coats,1630358.0,Chris,Clarke,C. Clarke,chris-clarke,F,,,36:25,100.0,100.0,115.7,115.7,-15.7,-15.7,0.267,4.0,42.1,0.0,0.147,0.065,10.5,0.286,0.508,0.122,0.122,108.74,108.74,90.62,82.0,0.076,2022300449,2025-08-10T09:49:24.792496,BoxScoreAdvancedV3,
2022300449,1612709909,Delaware,Blue Coats,DEL,blue-coats,1628982.0,Melvin,Frazier Jr.,M. Frazier Jr.,melvin-frazier-jr,F,,,32:25,111.9,111.9,120.6,120.6,-8.6,-8.6,0.048,1.0,5.3,0.075,0.258,0.155,5.3,0.533,0.582,0.24,0.24,99.95,99.95,83.29,67.0,0.121,2022300449,2025-08-10T09:49:24.792496,BoxScoreAdvancedV3,
2022300449,1612709909,Delaware,Blue Coats,DEL,blue-coats,1627775.0,Patrick,McCaw,P. McCaw,patrick-mccaw,C,,,33:49,102.8,102.8,129.2,129.2,-26.4,-26.4,0.25,0.0,46.2,0.022,0.107,0.055,0.0,0.643,0.643,0.088,0.088,102.2,102.2,85.17,72.0,0.082,2022300449,2025-08-10T09:49:24.792496,BoxScoreAdvancedV3,
2022300449,1612709909,Delaware,Blue Coats,DEL,blue-coats,1628876.0,Jared,Brownridge,J. Brownridge,jared-brownridge,G,,,36:05,105.2,105.2,128.2,128.2,-23.0,-23.0,0.074,0.0,12.5,0.0,0.032,0.014,0.0,0.536,0.536,0.167,0.167,103.1,103.1,85.92,77.0,0.04,2022300449,2025-08-10T09:49:24.792496,BoxScoreAdvancedV3,
2022300449,1612709909,Delaware,Blue Coats,DEL,blue-coats,1631198.0,Aminu,Mohammed,A. Mohammed,aminu-mohammed,G,,,33:55,101.4,101.4,91.9,91.9,9.5,9.5,0.125,1.0,14.3,0.125,0.297,0.208,14.3,0.357,0.336,0.225,0.225,103.31,103.31,86.09,72.0,0.093,2022300449,2025-08-10T09:49:24.792496,BoxScoreAdvancedV3,
2022300449,1612709909,Delaware,Blue Coats,DEL,blue-coats,1631173.0,Terquavion,Smith,T. Smith,terquavion-smith,,,,29:58,103.0,103.0,109.1,109.1,-6.1,-6.1,0.188,0.0,12.0,0.051,0.036,0.045,0.0,0.571,0.606,0.293,0.293,105.72,105.72,88.1,66.0,0.132,2022300449,2025-08-10T09:49:24.792496,BoxScoreAdvancedV3,
2022300449,1612709909,Delaware,Blue Coats,DEL,blue-coats,1629051.0,Quinton,Rose,Q. Rose,quinton-rose,,,,19:19,97.7,97.7,79.5,79.5,18.2,18.2,0.273,1.5,17.6,0.048,0.043,0.045,11.8,0.625,0.625,0.292,0.292,109.34,109.34,91.11,44.0,0.155,2022300449,2025-08-10T09:49:24.792496,BoxScoreAdvancedV3,
2022300449,1612709909,Delaware,Blue Coats,DEL,blue-coats,1630306.0,Rob,Edwards,R. Edwards,rob-edwards,,,,18:04,112.8,112.8,70.7,70.7,42.1,42.1,0.2,1.5,25.0,0.0,0.0,0.0,16.7,0.429,0.429,0.191,0.191,106.27,106.27,88.56,39.0,0.062,2022300449,2025-08-10T09:49:24.792496,BoxScoreAdvancedV3,
2022300449,1612709909,Delaware,Blue Coats,DEL,blue-coats,1630542.0,Marcus,Bagley,M. Bagley,marcus-bagley,,DND - Injury/Illness,,,0.0,0.0,0.0,0.0,0.0,0.0,0.0,0.0,0.0,0.0,0.0,0.0,0.0,0.0,0.0,0.0,0.0,0.0,0.0,0.0,0.0,0.0,2022300449,2025-08-10T09:49:24.792496,BoxScoreAdvancedV3,
2022300449,1612709909,Delaware,Blue Coats,DEL,blue-coats,1641741.0,Ricky,Council IV,R. Council IV,ricky-council-iv,,NWT - Not With Team,,,0.0,0.0,0.0,0.0,0.0,0.0,0.0,0.0,0.0,0.0,0.0,0.0,0.0,0.0,0.0,0.0,0.0,0.0,0.0,0.0,0.0,0.0,2022300449,2025-08-10T09:49:24.792496,BoxScoreAdvancedV3,
2022300449,1612709909,Delaware,Blue Coats,DEL,blue-coats,1629600.0,Jarron,Cumberland,J. Cumberland,jarron-cumberland,,DND - Injury/Illness,,,0.0,0.0,0.0,0.0,0.0,0.0,0.0,0.0,0.0,0.0,0.0,0.0,0.0,0.0,0.0,0.0,0.0,0.0,0.0,0.0,0.0,0.0,2022300449,2025-08-10T09:49:24.792496,BoxScoreAdvancedV3,
2022300449,1612709909,Delaware,Blue Coats,DEL,blue-coats,1630288.0,Jeff,Dowtin Jr.,J. Dowtin Jr.,jeff-dowtin-jr,,NWT - Not With Team,,,0.0,0.0,0.0,0.0,0.0,0.0,0.0,0.0,0.0,0.0,0.0,0.0,0.0,0.0,0.0,0.0,0.0,0.0,0.0,0.0,0.0,0.0,2022300449,2025-08-10T09:49:24.792496,BoxScoreAdvancedV3,
2022300449,1612709910,Fort Wayne,Mad Ants,FWN,mad-ants,1631245.0,Quenton,Jackson,Q. Jackson,quenton-jackson,F,,,34:20,107.9,107.9,102.7,102.7,5.2,5.2,0.143,2.0,18.2,0.0,0.122,0.065,9.1,0.357,0.49,0.212,0.212,105.55,105.55,87.96,76.0,0.07,2022300449,2025-08-10T09:49:24.792496,BoxScoreAdvancedV3,
2022300449,1612709910,Fort Wayne,Mad Ants,FWN,mad-ants,1631112.0,Kendall,Brown,K. Brown,kendall-brown,F,,,37:26,132.9,132.9,111.1,111.1,21.8,21.8,0.03,1.0,4.8,0.0,0.128,0.077,4.8,0.633,0.727,0.227,0.227,102.58,102.58,85.49,79.0,0.123,2022300449,2025-08-10T09:49:24.792496,BoxScoreAdvancedV3,
2022300449,1612709910,Fort Wayne,Mad Ants,FWN,mad-ants,1630847.0,Will,Vorhees,W. Vorhees,will-vorhees,C,,,13:12,96.4,96.4,118.5,118.5,-22.1,-22.1,0.0,0.0,0.0,0.063,0.125,0.094,0.0,0.25,0.25,0.118,0.118,100.0,100.0,83.33,28.0,0.0,2022300449,2025-08-10T09:49:24.792496,BoxScoreAdvancedV3,
2022300449,1612709910,Fort Wayne,Mad Ants,FWN,mad-ants,1630667.0,Kyle,Mangas,K. Mangas,kyle-mangas,G,,,34:35,135.1,135.1,101.3,101.3,33.8,33.8,0.088,0.0,16.7,0.037,0.048,0.043,0.0,0.643,0.672,0.183,0.183,103.41,103.41,86.17,74.0,0.102,2022300449,2025-08-10T09:49:24.792496,BoxScoreAdvancedV3,
2022300449,1612709910,Fort Wayne,Mad Ants,FWN,mad-ants,203901.0,Elfrid,Payton,E. Payton,elfrid-payton,G,,,40:41,129.9,129.9,104.5,104.5,25.3,25.3,0.382,1.86,38.2,0.091,0.235,0.179,20.6,0.893,0.866,0.212,0.212,103.24,103.24,86.03,87.0,0.187,2022300449,2025-08-10T09:49:24.792496,BoxScoreAdvancedV3,
2022300449,1612709910,Fort Wayne,Mad Ants,FWN,mad-ants,1631131.0,Oscar,Tshiebwe,O. Tshiebwe,oscar-tshiebwe,,,,31:46,120.0,120.0,106.0,106.0,14.0,14.0,0.094,1.5,20.0,0.115,0.417,0.29,13.3,0.625,0.676,0.158,0.158,103.53,103.53,86.27,70.0,0.149,2022300449,2025-08-10T09:49:24.792496,BoxScoreAdvancedV3,
2022300449,1612709910,Fort Wayne,Mad Ants,FWN,mad-ants,1628591.0,Craig,Sword,C. Sword,craig-sword,,,,12:59,48.4,48.4,96.6,96.6,-48.2,-48.2,0.333,0.0,20.0,0.056,0.0,0.031,0.0,0.875,0.875,0.108,0.108,110.91,110.91,92.43,31.0,0.25,2022300449,2025-08-10T09:49:24.792496,BoxScoreAdvancedV3,
2022300449,1612709910,Fort Wayne,Mad Ants,FWN,mad-ants,1631209.0,Isaiah,Wong,I. Wong,isaiah-wong,,,,9:54,36.4,36.4,95.2,95.2,-58.9,-58.9,0.0,0.0,0.0,0.0,0.0,0.0,37.5,0.2,0.2,0.308,0.308,104.22,104.22,86.85,22.0,-0.205,2022300449,2025-08-10T09:49:24.792496,BoxScoreAdvancedV3,
2022300449,1612709910,Fort Wayne,Mad Ants,FWN,mad-ants,1630817.0,Pedro,Bradshaw,P. Bradshaw,pedro-bradshaw,,,,17:30,47.5,47.5,108.1,108.1,-60.6,-60.6,0.0,0.0,0.0,0.0,0.1,0.043,11.1,0.125,0.125,0.188,0.188,105.6,105.6,88.0,40.0,-0.135,2022300449,2025-08-10T09:49:24.792496,BoxScoreAdvancedV3,
2022300449,1612709910,Fort Wayne,Mad Ants,FWN,mad-ants,1630787.0,Cameron,McGriff,C. McGriff,cameron-mcgriff,,,,7:37,129.4,129.4,77.8,77.8,51.6,51.6,0.0,0.0,0.0,0.0,0.077,0.053,0.0,0.5,0.5,0.263,0.263,110.19,110.19,91.82,17.0,0.082,2022300449,2025-08-10T09:49:24.792496,BoxScoreAdvancedV3,
2022300449,1612709910,Fort Wayne,Mad Ants,FWN,mad-ants,1642057.0,Daniel,Giddens,D. Giddens,daniel-giddens,,DNP - Coach's Decision,,,0.0,0.0,0.0,0.0,0.0,0.0,0.0,0.0,0.0,0.0,0.0,0.0,0.0,0.0,0.0,0.0,0.0,0.0,0.0,0.0,0.0,0.0,2022300449,2025-08-10T09:49:24.792496,BoxScoreAdvancedV3,
2022300449,1612709910,Fort Wayne,Mad Ants,FWN,mad-ants,1627208.0,Stephan,Hicks,S. Hicks,stephan-hicks,,DNP - Coach's Decision,,,0.0,0.0,0.0,0.0,0.0,0.0,0.0,0.0,0.0,0.0,0.0,0.0,0.0,0.0,0.0,0.0,0.0,0.0,0.0,0.0,0.0,0.0,2022300449,2025-08-10T09:49:24.792496,BoxScoreAdvancedV3,
2022300449,1612709910,Fort Wayne,Mad Ants,FWN,mad-ants,1631340.0,Mojave,King,M. King,mojave-king,,DNP - Coach's Decision,,,0.0,0.0,0.0,0.0,0.0,0.0,0.0,0.0,0.0,0.0,0.0,0.0,0.0,0.0,0.0,0.0,0.0,0.0,0.0,0.0,0.0,0.0,2022300449,2025-08-10T09:49:24.792496,BoxScoreAdvancedV3,
2022300449,1612709910,Fort Wayne,Mad Ants,FWN,mad-ants,1641849.0,Darius,McGhee,D. McGhee,darius-mcghee,,DND - Injury/Illness,,,0.0,0.0,0.0,0.0,0.0,0.0,0.0,0.0,0.0,0.0,0.0,0.0,0.0,0.0,0.0,0.0,0.0,0.0,0.0,0.0,0.0,0.0,2022300449,2025-08-10T09:49:24.792496,BoxScoreAdvancedV3,
2022300449,1612709910,Fort Wayne,Mad Ants,FWN,mad-ants,,,,,,,,,240:00,552.9,110.6,524.3,104.9,28.6,5.7,0.532,1.47,17.5,0.34,0.793,0.59,16.3,0.549,0.594,1.0,0.983,20.7,103.5,86.25,104.0,0.545,2022300449,2025-08-10T09:49:24.794277,BoxScoreAdvancedV3,16.346
2022300449,1612709909,Delaware,Blue Coats,DEL,blue-coats,,,,,,,,,240:00,524.3,104.9,552.9,110.6,-28.6,-5.7,0.69,2.9,20.1,0.207,0.66,0.41,9.7,0.51,0.537,1.0,0.983,20.7,103.5,86.25,103.0,0.455,2022300449,2025-08-10T09:49:24.794277,BoxScoreAdvancedV3,9.709
2022200075,1612709890,Austin,Spurs,AUS,spurs,1630602.0,Chaundee,Brown Jr.,C. Brown Jr.,chaundee-brown-jr,F,,,35:02,106.8,106.8,105.6,105.6,1.3,1.3,0.095,2.0,8.0,0.143,0.132,0.137,4.0,0.6,0.666,0.288,0.288,99.33,99.33,82.78,73.0,0.188,2022200075,2025-08-10T09:49:32.357898,BoxScoreAdvancedV3,
2022200075,1612709890,Austin,Spurs,AUS,spurs,1631160.0,Jordan,Hall,J. Hall,jordan-hall,F,,,31:05,106.1,106.1,116.9,116.9,-10.9,-10.9,0.217,2.5,27.8,0.0,0.083,0.042,11.1,0.273,0.273,0.178,0.178,101.15,101.15,84.29,66.0,0.011,2022200075,2025-08-10T09:49:32.357898,BoxScoreAdvancedV3,
2022200075,1612709890,Austin,Spurs,AUS,spurs,1631230.0,Dominick,Barlow,D. Barlow,dominick-barlow,C,,,27:04,103.7,103.7,105.6,105.6,-1.9,-1.9,0.143,2.0,11.8,0.069,0.194,0.133,5.9,0.571,0.571,0.25,0.25,95.76,95.76,79.8,54.0,0.179,2022200075,2025-08-10T09:49:32.357898,BoxScoreAdvancedV3,
2022200075,1612709890,Austin,Spurs,AUS,spurs,1630778.0,Denzel,Mahoney,D. Mahoney,denzel-mahoney,G,,,36:25,126.7,126.7,102.7,102.7,24.0,24.0,0.125,0.0,28.6,0.0,0.05,0.028,0.0,0.65,0.689,0.12,0.12,98.86,98.86,82.38,75.0,0.075,2022200075,2025-08-10T09:49:32.357898,BoxScoreAdvancedV3,
2022200075,1612709890,Austin,Spurs,AUS,spurs,1630681.0,Marcus,Zegarowski,M. Zegarowski,marcus-zegarowski,G,,,28:24,95.1,95.1,127.1,127.1,-32.0,-32.0,0.111,1.0,15.4,0.0,0.069,0.032,15.4,0.667,0.667,0.164,0.164,101.4,101.4,84.5,61.0,0.083,2022200075,2025-08-10T09:49:32.357898,BoxScoreAdvancedV3,
2022200075,1612709890,Austin,Spurs,AUS,spurs,1631339.0,Tommy,Kuhse,T. Kuhse,tommy-kuhse,,,,19:08,135.0,135.0,78.0,78.0,57.0,57.0,0.316,3.0,37.5,0.0,0.273,0.176,12.5,0.438,0.438,0.222,0.222,101.6,101.6,84.67,40.0,0.14,2022200075,2025-08-10T09:49:32.357898,BoxScoreAdvancedV3,
2022200075,1612709890,Austin,Spurs,AUS,spurs,1641505.0,Justin,Kier,J. Kier,justin-kier,,,,28:28,120.6,120.6,106.3,106.3,14.3,14.3,0.24,2.0,35.3,0.0,0.03,0.018,17.6,0.714,0.825,0.155,0.155,106.24,106.24,88.53,63.0,0.092,2022200075,2025-08-10T09:49:32.357898,BoxScoreAdvancedV3,
2022200075,1612709890,Austin,Spurs,AUS,spurs,1629818.0,Jordan,Murphy,J. Murphy,jordan-murphy,,,,22:56,103.8,103.8,96.3,96.3,7.5,7.5,0.111,1.0,16.7,0.045,0.321,0.2,16.7,0.667,0.683,0.175,0.175,110.93,110.93,92.44,52.0,0.162,2022200075,2025-08-10T09:49:32.357898,BoxScoreAdvancedV3,
2022200075,1612709890,Austin,Spurs,AUS,spurs,1631479.0,Adrian,Delph,A. Delph,adrian-delph,,,,11:28,103.6,103.6,85.2,85.2,18.4,18.4,0.0,0.0,0.0,0.0,0.231,0.13,20.0,0.75,0.75,0.161,0.161,115.12,115.12,95.93,28.0,0.093,2022200075,2025-08-10T09:49:32.357898,BoxScoreAdvancedV3,
2022200075,1612709890,Austin,Spurs,AUS,spurs,1631286.0,Jalen,Adaway,J. Adaway,jalen-adaway,,DNP - Coach's Decision,,,0.0,0.0,0.0,0.0,0.0,0.0,0.0,0.0,0.0,0.0,0.0,0.0,0.0,0.0,0.0,0.0,0.0,0.0,0.0,0.0,0.0,0.0,2022200075,2025-08-10T09:49:32.357898,BoxScoreAdvancedV3,
2022200075,1612709890,Austin,Spurs,AUS,spurs,1628993.0,Alize,Johnson,A. Johnson,alize-johnson,,DNP - Coach's Decision,,,0.0,0.0,0.0,0.0,0.0,0.0,0.0,0.0,0.0,0.0,0.0,0.0,0.0,0.0,0.0,0.0,0.0,0.0,0.0,0.0,0.0,0.0,2022200075,2025-08-10T09:49:32.357898,BoxScoreAdvancedV3,
2022200075,1612709929,College Park,Skyhawks,CPS,skyhawks,1631389.0,Davion,Warren,D. Warren,davion-warren,F,,,23:23,120.4,120.4,132.0,132.0,-11.6,-11.6,0.0,0.0,0.0,0.043,0.091,0.067,6.3,0.455,0.644,0.281,0.281,101.61,101.61,84.68,49.0,0.071,2022200075,2025-08-10T09:49:32.357898,BoxScoreAdvancedV3,
2022200075,1612709929,College Park,Skyhawks,CPS,skyhawks,1630707.0,Malik,Ellison,M. Ellison,malik-ellison,F,,,30:33,108.1,108.1,101.6,101.6,6.5,6.5,0.059,0.0,14.3,0.118,0.103,0.111,0.0,0.833,0.799,0.082,0.082,98.19,98.19,81.83,62.0,0.122,2022200075,2025-08-10T09:49:32.357898,BoxScoreAdvancedV3,
2022200075,1612709929,College Park,Skyhawks,CPS,skyhawks,1629735.0,Chris,Silva,C. Silva,chris-silva,C,,,22:18,97.8,97.8,115.2,115.2,-17.4,-17.4,0.0,0.0,0.0,0.0,0.1,0.048,37.5,0.5,0.904,0.16,0.16,97.94,97.94,81.61,45.0,0.039,2022200075,2025-08-10T09:49:32.357898,BoxScoreAdvancedV3,
2022200075,1612709929,College Park,Skyhawks,CPS,skyhawks,204038.0,Langston,Galloway,L. Galloway,langston-galloway,G,,,29:40,101.6,101.6,129.2,129.2,-27.6,-27.6,0.25,4.0,20.0,0.057,0.0,0.034,5.0,0.429,0.538,0.229,0.229,102.74,102.74,85.62,62.0,0.103,2022200075,2025-08-10T09:49:32.357898,BoxScoreAdvancedV3,
2022200075,1612709929,College Park,Skyhawks,CPS,skyhawks,1627760.0,Cat,Barber,C. Barber,cat-barber,G,,,28:38,104.9,104.9,122.6,122.6,-17.7,-17.7,0.105,0.67,13.3,0.029,0.148,0.082,20.0,0.222,0.318,0.188,0.188,103.1,103.1,85.91,61.0,-0.004,2022200075,2025-08-10T09:49:32.357898,BoxScoreAdvancedV3,
2022200075,1612709929,College Park,Skyhawks,CPS,skyhawks,1629633.0,Jarrett,Culver,J. Culver,jarrett-culver,,,,30:31,105.8,105.8,94.3,94.3,11.5,11.5,0.105,0.5,9.5,0.056,0.242,0.145,19.0,0.538,0.648,0.241,0.241,109.32,109.32,91.1,69.0,0.16,2022200075,2025-08-10T09:49:32.357898,BoxScoreAdvancedV3,
2022200075,1612709929,College Park,Skyhawks,CPS,skyhawks,1629717.0,Armoni,Brooks,A. Brooks,armoni-brooks,,,,30:31,107.9,107.9,103.1,103.1,4.8,4.8,0.278,0.0,21.7,0.03,0.172,0.097,0.0,0.471,0.503,0.25,0.25,99.88,99.88,83.23,63.0,0.156,2022200075,2025-08-10T09:49:32.357898,BoxScoreAdvancedV3,
2022200075,1612709929,College Park,Skyhawks,CPS,skyhawks,1630793.0,Giorgi,Bezhanishvili,G. Bezhanishvili,giorgi-bezhanishvili,,,,23:25,100.0,100.0,103.8,103.8,-3.8,-3.8,0.176,0.0,30.0,0.032,0.208,0.109,0.0,0.429,0.429,0.115,0.115,107.62,107.62,89.69,52.0,0.096,2022200075,2025-08-10T09:49:32.357898,BoxScoreAdvancedV3,
2022200075,1612709929,College Park,Skyhawks,CPS,skyhawks,1630623.0,Tyson,Etienne,T. Etienne,tyson-etienne,,,,21:01,100.0,100.0,90.9,90.9,9.1,9.1,0.143,1.0,14.3,0.0,0.182,0.091,14.3,0.389,0.477,0.231,0.231,101.63,101.63,84.69,45.0,0.037,2022200075,2025-08-10T09:49:32.357898,BoxScoreAdvancedV3,
2022200075,1612709929,College Park,Skyhawks,CPS,skyhawks,,,,,,,,,240:00,535.0,107.0,558.8,111.8,-23.8,-4.8,0.514,1.36,14.2,0.278,0.761,0.5,14.0,0.46,0.558,1.0,1.0,20.2,101.0,84.17,100.0,0.453,2022200075,2025-08-10T09:49:32.364265,BoxScoreAdvancedV3,14.0
2022200075,1612709890,Austin,Spurs,AUS,spurs,,,,,,,,,240:00,558.8,111.8,535.0,107.0,23.8,4.8,0.644,1.93,20.4,0.239,0.722,0.5,14.7,0.573,0.607,1.0,0.956,20.2,101.0,84.17,102.0,0.547,2022200075,2025-08-10T09:49:32.364265,BoxScoreAdvancedV3,14.706
1022001035,1611661313,New York,Liberty,NYL,liberty,1630127.0,Leaonna,Odom,L. Odom,leaonna-odom,F,,,27:20,103.8,103.8,86.8,86.8,17.1,17.1,0.083,0.0,12.5,0.136,0.033,0.077,0.0,0.583,0.654,0.123,0.123,92.2,92.2,76.83,52.0,0.082,1022001035,2025-08-10T09:49:57.494420,BoxScoreAdvancedV3,
1022001035,1611661313,New York,Liberty,NYL,liberty,204329.0,Kiah,Stokes,K. Stokes,kiah-stokes,F,,,32:46,106.3,106.3,90.5,90.5,15.8,15.8,0.053,0.25,11.1,0.038,0.086,0.066,44.4,0.375,0.375,0.116,0.116,93.02,93.02,77.52,64.0,-0.029,1022001035,2025-08-10T09:49:57.494420,BoxScoreAdvancedV3,
1022001035,1611661313,New York,Liberty,NYL,liberty,204320.0,Amanda,Zahui B,A. Zahui B,amanda-zahui-b,C,,,33:59,91.0,91.0,92.4,92.4,-1.4,-1.4,0.25,3.0,20.0,0.0,0.4,0.222,6.7,0.7,0.643,0.164,0.164,93.93,93.93,78.27,67.0,0.294,1022001035,2025-08-10T09:49:57.494420,BoxScoreAdvancedV3,
1022001035,1611661313,New York,Liberty,NYL,liberty,1628915.0,Kia,Nurse,K. Nurse,kia-nurse,G,,,28:45,91.4,91.4,84.2,84.2,7.2,7.2,0.182,0.67,10.0,0.045,0.032,0.038,15.0,0.455,0.585,0.29,0.29,96.0,96.0,80.0,58.0,0.128,1022001035,2025-08-10T09:49:57.494420,BoxScoreAdvancedV3,
1022001035,1611661313,New York,Liberty,NYL,liberty,203406.0,Layshia,Clarendon,L. Clarendon,layshia-clarendon,G,,,31:51,106.3,106.3,87.1,87.1,19.3,19.3,0.375,0.86,30.0,0.0,0.125,0.067,35.0,1.0,1.0,0.203,0.203,94.19,94.19,78.49,63.0,0.135,1022001035,2025-08-10T09:49:57.494420,BoxScoreAdvancedV3,
1022001035,1611661313,New York,Liberty,NYL,liberty,1630119.0,Jazmine,Jones,J. Jones,jazmine-jones,,,,10:08,61.9,61.9,60.9,60.9,1.0,1.0,0.25,0.5,14.3,0.0,0.444,0.182,28.6,0.25,0.338,0.24,0.24,104.21,104.21,86.84,21.0,0.154,1022001035,2025-08-10T09:49:57.494420,BoxScoreAdvancedV3,
1022001035,1611661313,New York,Liberty,NYL,liberty,1630131.0,Kylee,Shook,K. Shook,kylee-shook,,,,9:03,68.4,68.4,60.0,60.0,8.4,8.4,0.0,0.0,0.0,0.0,0.0,0.0,0.0,0.0,0.0,0.13,0.13,103.43,103.43,86.19,19.0,-0.353,1022001035,2025-08-10T09:49:57.494420,BoxScoreAdvancedV3,
1022001035,1611661313,New York,Liberty,NYL,liberty,1630139.0,Jocelyn,Willoughby,J. Willoughby,jocelyn-willoughby,,,,14:27,78.6,78.6,89.7,89.7,-11.1,-11.1,0.0,0.0,0.0,0.0,0.071,0.034,11.1,0.25,0.565,0.281,0.281,94.67,94.67,78.89,28.0,0.056,1022001035,2025-08-10T09:49:57.494420,BoxScoreAdvancedV3,
1022001035,1611661313,New York,Liberty,NYL,liberty,1630115.0,Joyner,Holmes,J. Holmes,joyner-holmes,,,,4:12,66.7,66.7,22.2,22.2,44.4,44.4,1.0,0.0,16.7,0.125,0.25,0.167,0.0,0.25,0.307,0.417,0.417,102.86,102.86,85.71,9.0,1.5,1022001035,2025-08-10T09:49:57.494420,BoxScoreAdvancedV3,
1022001035,1611661313,New York,Liberty,NYL,liberty,1630136.0,Megan,Walker,M. Walker,megan-walker,,,,7:29,81.3,81.3,62.5,62.5,18.8,18.8,0.25,0.0,25.0,0.0,0.429,0.167,0.0,0.333,0.333,0.15,0.15,102.63,102.63,85.52,16.0,0.348,1022001035,2025-08-10T09:49:57.494420,BoxScoreAdvancedV3,
1022001035,1611661313,New York,Liberty,NYL,liberty,1629476.0,Asia (AD),Durr,A. Durr,asia-(ad)-durr,,NWT_NOT_WITH_TEAM,,,0.0,0.0,0.0,0.0,0.0,0.0,0.0,0.0,0.0,0.0,0.0,0.0,0.0,0.0,0.0,0.0,0.0,0.0,0.0,0.0,0.0,0.0,1022001035,2025-08-10T09:49:57.494420,BoxScoreAdvancedV3,
1022001035,1611661313,New York,Liberty,NYL,liberty,1629477.0,Sabrina,Ionescu,S. Ionescu,sabrina-ionescu,,NWT_NOT_WITH_TEAM,,,0.0,0.0,0.0,0.0,0.0,0.0,0.0,0.0,0.0,0.0,0.0,0.0,0.0,0.0,0.0,0.0,0.0,0.0,0.0,0.0,0.0,0.0,1022001035,2025-08-10T09:49:57.494420,BoxScoreAdvancedV3,
1022001035,1611661322,Washington,Mystics,WAS,mystics,1627672.0,Aerial,Powers,A. Powers,aerial-powers,F,,,30:18,98.3,98.3,103.5,103.5,-5.2,-5.2,0.067,0.5,5.6,0.0,0.038,0.017,11.1,0.458,0.627,0.266,0.266,91.09,91.09,75.91,58.0,0.182,1022001035,2025-08-10T09:49:57.494420,BoxScoreAdvancedV3,
1022001035,1611661322,Washington,Mystics,WAS,mystics,203416.0,Emma,Meesseman,E. Meesseman,emma-meesseman,F,,,32:12,96.8,96.8,101.6,101.6,-4.8,-4.8,0.133,1.0,12.5,0.0,0.074,0.033,12.5,0.7,0.723,0.203,0.203,92.42,92.42,77.02,63.0,0.153,1022001035,2025-08-10T09:49:57.494420,BoxScoreAdvancedV3,
1022001035,1611661322,Washington,Mystics,WAS,mystics,1628899.0,Myisha,Hines-Allen,M. Hines-Allen,myisha-hines-allen,C,,,26:22,76.9,76.9,98.1,98.1,-21.2,-21.2,0.083,1.0,6.3,0.0,0.4,0.163,6.3,0.385,0.419,0.273,0.273,94.66,94.66,78.89,52.0,0.109,1022001035,2025-08-10T09:49:57.494420,BoxScoreAdvancedV3,
1022001035,1611661322,Washington,Mystics,WAS,mystics,1628878.0,Ariel,Atkins,A. Atkins,ariel-atkins,G,,,23:44,87.0,87.0,100.0,100.0,-13.0,-13.0,0.091,1.0,6.7,0.0,0.053,0.023,6.7,0.375,0.349,0.28,0.28,94.08,94.08,78.4,46.0,-0.055,1022001035,2025-08-10T09:49:57.494420,BoxScoreAdvancedV3,
1022001035,1611661322,Washington,Mystics,WAS,mystics,201507.0,Leilani,Mitchell,L. Mitchell,leilani-mitchell,G,,,29:20,87.9,87.9,91.1,91.1,-3.1,-3.1,0.278,2.5,38.5,0.0,0.074,0.035,15.4,0.0,0.17,0.127,0.127,93.27,93.27,77.73,58.0,-0.008,1022001035,2025-08-10T09:49:57.494420,BoxScoreAdvancedV3,
1022001035,1611661322,Washington,Mystics,WAS,mystics,203403.0,Tianna,Hawkins,T. Hawkins,tianna-hawkins,,,,17:13,80.6,80.6,91.2,91.2,-10.6,-10.6,0.143,0.5,14.3,0.0,0.263,0.139,28.6,0.0,0.0,0.154,0.154,97.58,97.58,81.32,36.0,-0.065,1022001035,2025-08-10T09:49:57.494420,BoxScoreAdvancedV3,
1022001035,1611661322,Washington,Mystics,WAS,mystics,201502.0,Essence,Carson,E. Carson,essence-carson,,,,7:48,50.0,50.0,64.7,64.7,-14.7,-14.7,0.0,0.0,0.0,0.0,0.182,0.125,100.0,0.0,0.0,0.056,0.056,107.69,107.69,89.74,18.0,0.8,1022001035,2025-08-10T09:49:57.494420,BoxScoreAdvancedV3,
1022001035,1611661322,Washington,Mystics,WAS,mystics,1628268.0,Alaina,Coates,A. Coates,alaina-coates,,,,4:13,20.0,20.0,40.0,40.0,-20.0,-20.0,0.0,0.0,0.0,0.0,0.125,0.1,0.0,0.0,0.0,0.0,0.0,113.83,113.83,94.86,10.0,0.0,1022001035,2025-08-10T09:49:57.494420,BoxScoreAdvancedV3,
1022001035,1611661322,Washington,Mystics,WAS,mystics,1629506.0,Kiara,Leslie,K. Leslie,kiara-leslie,,,,18:11,70.3,70.3,83.8,83.8,-13.5,-13.5,0.0,0.0,0.0,0.048,0.167,0.103,20.0,0.75,0.75,0.128,0.128,97.72,97.72,81.43,37.0,0.315,1022001035,2025-08-10T09:49:57.494420,BoxScoreAdvancedV3,
1022001035,1611661322,Washington,Mystics,WAS,mystics,203035.0,Shey,Peddy,S. Peddy,shey-peddy,,,,10:40,71.4,71.4,100.0,100.0,-28.6,-28.6,0.2,0.5,25.0,0.0,0.0,0.0,50.0,0.0,0.0,0.136,0.136,99.0,99.0,82.5,21.0,-0.174,1022001035,2025-08-10T09:49:57.494420,BoxScoreAdvancedV3,
1022001035,1611661322,Washington,Mystics,WAS,mystics,202250.0,Tina,Charles,T. Charles,tina-charles,,NWT_NOT_WITH_TEAM,,,0.0,0.0,0.0,0.0,0.0,0.0,0.0,0.0,0.0,0.0,0.0,0.0,0.0,0.0,0.0,0.0,0.0,0.0,0.0,0.0,0.0,0.0,1022001035,2025-08-10T09:49:57.494420,BoxScoreAdvancedV3,
1022001035,1611661322,Washington,Mystics,WAS,mystics,203399.0,Elena,Delle Donne,E. Delle Donne,elena-delle-donne,,NWT_NOT_WITH_TEAM,,,0.0,0.0,0.0,0.0,0.0,0.0,0.0,0.0,0.0,0.0,0.0,0.0,0.0,0.0,0.0,0.0,0.0,0.0,0.0,0.0,0.0,0.0,1022001035,2025-08-10T09:49:57.494420,BoxScoreAdvancedV3,
1022001035,1611661322,Washington,Mystics,WAS,mystics,,,,,,,,,200:00,423.1,84.6,474.4,94.9,-51.3,-10.3,0.522,0.86,12.5,0.171,0.757,0.449,17.9,0.41,0.473,1.0,0.988,18.72,93.6,78.0,78.0,0.437,1022001035,2025-08-10T09:49:57.494420,BoxScoreAdvancedV3,17.949
1022001035,1611661313,New York,Liberty,NYL,liberty,,,,,,,,,200:00,474.4,94.9,423.1,84.6,51.3,10.3,0.727,0.84,15.5,0.243,0.829,0.551,24.4,0.5,0.556,1.0,0.977,18.72,93.6,78.0,78.0,0.563,1022001035,2025-08-10T09:49:57.494420,BoxScoreAdvancedV3,24.359
2022100396,1612709909,Delaware,Blue Coats,DEL,blue-coats,1627885.0,Shaquille,Harrison,S. Harrison,shaquille-harrison,F,,,26:50,115.3,115.3,104.8,104.8,10.4,10.4,0.182,4.0,22.2,0.056,0.167,0.1,5.6,0.417,0.482,0.197,0.197,108.22,108.22,90.19,59.0,0.102,2022100396,2025-08-10T09:50:07.875915,BoxScoreAdvancedV3,
2022100396,1612709909,Delaware,Blue Coats,DEL,blue-coats,1627775.0,Patrick,McCaw,P. McCaw,patrick-mccaw,F,,,27:24,109.5,109.5,98.4,98.4,11.1,11.1,0.083,0.0,22.2,0.026,0.143,0.068,0.0,0.357,0.357,0.093,0.093,111.24,111.24,92.7,63.0,0.044,2022100396,2025-08-10T09:50:07.875915,BoxScoreAdvancedV3,
2022100396,1612709909,Delaware,Blue Coats,DEL,blue-coats,1629646.0,Charles,Bassey,C. Bassey,charles-bassey,C,,,23:35,126.9,126.9,107.7,107.7,19.2,19.2,0.0,0.0,0.0,0.1,0.222,0.146,7.1,0.792,0.844,0.215,0.215,105.84,105.84,88.2,52.0,0.165,2022100396,2025-08-10T09:50:07.875915,BoxScoreAdvancedV3,
2022100396,1612709909,Delaware,Blue Coats,DEL,blue-coats,1630531.0,Jaden,Springer,J. Springer,jaden-springer,G,,,32:37,119.7,119.7,112.3,112.3,7.4,7.4,0.286,0.0,20.7,0.114,0.121,0.117,0.0,0.65,0.689,0.264,0.264,105.96,105.96,88.3,71.0,0.204,2022100396,2025-08-10T09:50:07.875915,BoxScoreAdvancedV3,
2022100396,1612709909,Delaware,Blue Coats,DEL,blue-coats,1629619.0,Myles,Powell,M. Powell,myles-powell,G,,,28:18,121.0,121.0,117.7,117.7,3.2,3.2,0.16,2.0,18.2,0.026,0.095,0.05,9.1,0.188,0.188,0.234,0.234,105.18,105.18,87.65,62.0,-0.01,2022100396,2025-08-10T09:50:07.875915,BoxScoreAdvancedV3,
2022100396,1612709909,Delaware,Blue Coats,DEL,blue-coats,1629044.0,Shamorie,Ponds,S. Ponds,shamorie-ponds,,,,23:36,128.3,128.3,103.7,103.7,24.6,24.6,0.235,2.0,18.2,0.143,0.074,0.109,9.1,0.667,0.724,0.295,0.295,108.81,108.81,90.68,53.0,0.207,2022100396,2025-08-10T09:50:07.875915,BoxScoreAdvancedV3,
2022100396,1612709909,Delaware,Blue Coats,DEL,blue-coats,1630565.0,Aaron,Henry,A. Henry,aaron-henry,,,,29:29,127.3,127.3,103.0,103.0,24.3,24.3,0.259,0.0,36.8,0.061,0.086,0.074,0.0,0.5,0.5,0.158,0.158,108.25,108.25,90.21,66.0,0.088,2022100396,2025-08-10T09:50:07.875915,BoxScoreAdvancedV3,
2022100396,1612709909,Delaware,Blue Coats,DEL,blue-coats,1630296.0,Braxton,Key,B. Key,braxton-key,,,,24:25,112.3,112.3,106.9,106.9,5.4,5.4,0.105,2.0,13.3,0.031,0.214,0.117,6.7,0.333,0.558,0.203,0.203,113.04,113.04,94.2,57.0,0.1,2022100396,2025-08-10T09:50:07.875915,BoxScoreAdvancedV3,
2022100396,1612709909,Delaware,Blue Coats,DEL,blue-coats,1628113.0,Demarcus,Holland,D. Holland,demarcus-holland,,,,13:06,121.9,121.9,103.1,103.1,18.8,18.8,0.0,0.0,0.0,0.0,0.154,0.071,0.0,0.75,0.75,0.057,0.057,117.25,117.25,97.71,32.0,0.045,2022100396,2025-08-10T09:50:07.875915,BoxScoreAdvancedV3,
2022100396,1612709909,Delaware,Blue Coats,DEL,blue-coats,1628876.0,Jared,Brownridge,J. Brownridge,jared-brownridge,,,,10:40,128.0,128.0,119.2,119.2,8.8,8.8,0.1,0.0,20.0,0.0,0.0,0.0,0.0,0.75,0.75,0.138,0.138,114.75,114.75,95.63,25.0,0.081,2022100396,2025-08-10T09:50:07.875915,BoxScoreAdvancedV3,
2022100396,1612709909,Delaware,Blue Coats,DEL,blue-coats,1630768.0,Barra,Njie,B. Njie,barra-njie,,DNP - Coach's Decision,,,0.0,0.0,0.0,0.0,0.0,0.0,0.0,0.0,0.0,0.0,0.0,0.0,0.0,0.0,0.0,0.0,0.0,0.0,0.0,0.0,0.0,0.0,2022100396,2025-08-10T09:50:07.875915,BoxScoreAdvancedV3,
2022100396,1612709893,Cleveland,Charge,CLC,charge,1629713.0,Justin,James,J. James,justin-james,F,,,36:30,112.0,112.0,121.7,121.7,-9.6,-9.6,0.185,1.25,18.5,0.029,0.125,0.085,14.8,0.406,0.504,0.239,0.239,109.18,109.18,90.98,83.0,0.069,2022100396,2025-08-10T09:50:07.875915,BoxScoreAdvancedV3,
2022100396,1612709893,Cleveland,Charge,CLC,charge,1628411.0,Wes,Iwundu,W. Iwundu,wes-iwundu,F,,,28:03,111.1,111.1,125.4,125.4,-14.3,-14.3,0.091,0.67,16.7,0.045,0.179,0.131,25.0,0.571,0.605,0.145,0.145,107.81,107.81,89.84,63.0,0.091,2022100396,2025-08-10T09:50:07.875915,BoxScoreAdvancedV3,
2022100396,1612709893,Cleveland,Charge,CLC,charge,1629605.0,Tacko,Fall,T. Fall,tacko-fall,C,,,23:49,84.9,84.9,105.7,105.7,-20.8,-20.8,0.167,0.5,5.9,0.273,0.167,0.207,11.8,0.75,0.863,0.262,0.262,106.82,106.82,89.01,53.0,0.295,2022100396,2025-08-10T09:50:07.875915,BoxScoreAdvancedV3,
2022100396,1612709893,Cleveland,Charge,CLC,charge,1629005.0,Malik,Newman,M. Newman,malik-newman,G,,,35:53,114.8,114.8,123.1,123.1,-8.3,-8.3,0.2,1.0,19.2,0.0,0.067,0.039,19.2,0.714,0.751,0.226,0.226,106.34,106.34,88.62,81.0,0.095,2022100396,2025-08-10T09:50:07.875915,BoxScoreAdvancedV3,
2022100396,1612709893,Cleveland,Charge,CLC,charge,1630753.0,Cameron,Young,C. Young,cameron-young,G,,,38:24,111.5,111.5,120.2,120.2,-8.7,-8.7,0.167,1.0,13.3,0.079,0.143,0.115,13.3,0.452,0.526,0.26,0.26,106.88,106.88,89.06,87.0,0.102,2022100396,2025-08-10T09:50:07.875915,BoxScoreAdvancedV3,
2022100396,1612709893,Cleveland,Charge,CLC,charge,203962.0,Josh,Huestis,J. Huestis,josh-huestis,,,,22:59,116.4,116.4,127.5,127.5,-11.1,-11.1,0.059,1.0,11.1,0.08,0.13,0.104,11.1,0.8,0.962,0.127,0.127,110.69,110.69,92.24,55.0,0.124,2022100396,2025-08-10T09:50:07.875915,BoxScoreAdvancedV3,
2022100396,1612709893,Cleveland,Charge,CLC,charge,1628393.0,Jawun,Evans,J. Evans,jawun-evans,,,,21:03,81.6,81.6,128.6,128.6,-46.9,-46.9,0.182,1.0,16.7,0.0,0.192,0.098,16.7,0.5,0.5,0.172,0.172,111.73,111.73,93.11,49.0,0.05,2022100396,2025-08-10T09:50:07.875915,BoxScoreAdvancedV3,
2022100396,1612709893,Cleveland,Charge,CLC,charge,1630642.0,Mitch,Ballock,M. Ballock,mitch-ballock,,,,21:10,114.0,114.0,116.0,116.0,-2.0,-2.0,0.05,0.0,25.0,0.0,0.071,0.042,0.0,0.333,0.333,0.055,0.055,113.4,113.4,94.5,50.0,0.022,2022100396,2025-08-10T09:50:07.875915,BoxScoreAdvancedV3,
2022100396,1612709893,Cleveland,Charge,CLC,charge,1630354.0,Trey,Landers,T. Landers,trey-landers,,,,12:10,103.3,103.3,106.9,106.9,-3.6,-3.6,0.083,0.5,33.3,0.154,0.188,0.172,66.7,0.0,0.0,0.057,0.057,116.43,116.43,97.03,30.0,0.02,2022100396,2025-08-10T09:50:07.875915,BoxScoreAdvancedV3,
2022100396,1612709893,Cleveland,Charge,CLC,charge,,,,,,,,,240:00,541.3,108.3,607.5,121.5,-66.2,-13.2,0.537,0.88,15.1,0.326,0.677,0.528,22.9,0.558,0.637,1.0,0.952,21.6,108.0,90.0,109.0,0.468,2022100396,2025-08-10T09:50:07.875915,BoxScoreAdvancedV3,22.936
2022100396,1612709909,Delaware,Blue Coats,DEL,blue-coats,,,,,,,,,240:00,607.5,121.5,541.3,108.3,66.2,13.2,0.612,3.75,19.1,0.323,0.674,0.472,7.5,0.518,0.569,1.0,0.984,21.6,108.0,90.0,107.0,0.532,2022100396,2025-08-10T09:50:07.875915,BoxScoreAdvancedV3,7.477
2022200296,1612709920,Raptors,905,RAP,905,1630525.0,David,Johnson,D. Johnson,david-johnson,F,,,30:01,98.5,98.5,117.9,117.9,-19.4,-19.4,0.15,1.5,16.7,0.059,0.031,0.045,11.1,0.538,0.538,0.2,0.2,107.16,107.16,89.3,67.0,0.084,2022200296,2025-08-10T09:50:26.323366,BoxScoreAdvancedV3,
2022200296,1612709920,Raptors,905,RAP,905,1631199.0,Ron,Harper Jr.,R. Harper Jr.,ron-harper-jr,F,,,33:03,118.1,118.1,108.3,108.3,9.7,9.7,0.185,2.5,26.3,0.0,0.15,0.08,10.5,0.792,0.792,0.175,0.175,104.57,104.57,87.14,72.0,0.155,2022200296,2025-08-10T09:50:26.323366,BoxScoreAdvancedV3,
2022200296,1612709920,Raptors,905,RAP,905,1630777.0,Jeremiah,Tilmon,J. Tilmon,jeremiah-tilmon,C,,,25:32,121.1,121.1,106.9,106.9,14.2,14.2,0.048,0.33,7.1,0.125,0.107,0.115,21.4,0.857,0.97,0.203,0.203,108.1,108.1,90.08,57.0,0.1,2022200296,2025-08-10T09:50:26.323366,BoxScoreAdvancedV3,
2022200296,1612709920,Raptors,905,RAP,905,1628425.0,Sterling,Brown,S. Brown,sterling-brown,G,,,33:28,95.9,95.9,110.8,110.8,-14.9,-14.9,0.125,1.5,15.8,0.049,0.211,0.127,10.5,0.346,0.335,0.19,0.19,106.14,106.14,88.45,74.0,0.065,2022200296,2025-08-10T09:50:26.323366,BoxScoreAdvancedV3,
2022200296,1612709920,Raptors,905,RAP,905,1630625.0,Dalano,Banton,D. Banton,dalano-banton,G,,,32:45,116.9,116.9,106.9,106.9,10.0,10.0,0.37,3.33,34.5,0.0,0.125,0.065,10.3,0.467,0.518,0.235,0.235,104.79,104.79,87.33,71.0,0.14,2022200296,2025-08-10T09:50:26.323366,BoxScoreAdvancedV3,
2022200296,1612709920,Raptors,905,RAP,905,1629200.0,Aaron,Epps,A. Epps,aaron-epps,,,,17:28,79.5,79.5,95.0,95.0,-15.5,-15.5,0.1,0.0,12.5,0.091,0.174,0.133,0.0,0.429,0.403,0.163,0.163,108.55,108.55,90.46,39.0,0.104,2022200296,2025-08-10T09:50:26.323366,BoxScoreAdvancedV3,
2022200296,1612709920,Raptors,905,RAP,905,1631122.0,Gabe,Brown,G. Brown,gabe-brown,,,,15:57,70.3,70.3,94.6,94.6,-24.3,-24.3,0.111,1.0,11.1,0.048,0.0,0.025,11.1,0.357,0.357,0.2,0.2,111.41,111.41,92.84,37.0,-0.009,2022200296,2025-08-10T09:50:26.323366,BoxScoreAdvancedV3,
2022200296,1612709920,Raptors,905,RAP,905,1628753.0,Tra-Deon,Hollins,T. Hollins,tra-deon-hollins,,,,12:54,79.3,79.3,100.0,100.0,-20.7,-20.7,0.25,2.0,22.2,0.0,0.133,0.067,11.1,0.4,0.368,0.219,0.219,109.77,109.77,91.47,29.0,0.042,2022200296,2025-08-10T09:50:26.323366,BoxScoreAdvancedV3,
2022200296,1612709920,Raptors,905,RAP,905,1641501.0,Ryan,Hawkins,R. Hawkins,ryan-hawkins,,,,14:58,124.2,124.2,109.1,109.1,15.2,15.2,0.0,0.0,0.0,0.0,0.063,0.033,25.0,0.333,0.333,0.114,0.114,105.84,105.84,88.2,33.0,0.0,2022200296,2025-08-10T09:50:26.323366,BoxScoreAdvancedV3,
2022200296,1612709920,Raptors,905,RAP,905,1631458.0,Darryl,Morsell,D. Morsell,darryl-morsell,,,,22:14,110.6,110.6,93.9,93.9,16.8,16.8,0.071,1.0,7.1,0.04,0.107,0.075,7.1,0.667,0.699,0.25,0.25,103.64,103.64,86.36,47.0,0.207,2022200296,2025-08-10T09:50:26.323366,BoxScoreAdvancedV3,
2022200296,1612709920,Raptors,905,RAP,905,1630283.0,Kylor,Kelley,K. Kelley,kylor-kelley,,,,1:41,100.0,100.0,233.3,233.3,-133.3,-133.3,0.0,0.0,0.0,0.0,0.0,0.0,0.0,0.0,0.0,0.0,0.0,85.54,85.54,71.29,3.0,-0.333,2022200296,2025-08-10T09:50:26.323366,BoxScoreAdvancedV3,
2022200296,1612709920,Raptors,905,RAP,905,1630288.0,Jeff,Dowtin Jr.,J. Dowtin Jr.,jeff-dowtin-jr,,DNP - Coach's Decision,,,0.0,0.0,0.0,0.0,0.0,0.0,0.0,0.0,0.0,0.0,0.0,0.0,0.0,0.0,0.0,0.0,0.0,0.0,0.0,0.0,0.0,0.0,2022200296,2025-08-10T09:50:26.323366,BoxScoreAdvancedV3,
2022200296,1612709920,Raptors,905,RAP,905,1631388.0,Keith,Williams,K. Williams,keith-williams,,DNP - Coach's Decision,,,0.0,0.0,0.0,0.0,0.0,0.0,0.0,0.0,0.0,0.0,0.0,0.0,0.0,0.0,0.0,0.0,0.0,0.0,0.0,0.0,0.0,0.0,2022200296,2025-08-10T09:50:26.323366,BoxScoreAdvancedV3,
2022200296,1612709923,Windy City,Bulls,WCB,bulls,1631290.0,Aaron,Wheeler,A. Wheeler,aaron-wheeler,F,,,32:30,115.9,115.9,110.1,110.1,5.8,5.8,0.0,0.0,0.0,0.081,0.194,0.137,0.0,0.455,0.481,0.129,0.129,101.91,101.91,84.92,69.0,0.088,2022200296,2025-08-10T09:50:26.323366,BoxScoreAdvancedV3,
2022200296,1612709923,Windy City,Bulls,WCB,bulls,1630929.0,Henri,Drell,H. Drell,henri-drell,F,,,34:24,120.0,120.0,110.4,110.4,9.6,9.6,0.107,1.0,15.8,0.029,0.135,0.083,15.8,0.667,0.723,0.18,0.18,106.05,106.05,88.37,75.0,0.113,2022200296,2025-08-10T09:50:26.323366,BoxScoreAdvancedV3,
2022200296,1612709923,Windy City,Bulls,WCB,bulls,1630187.0,Daniel,Oturu,D. Oturu,daniel-oturu,C,,,26:57,108.3,108.3,95.1,95.1,13.3,13.3,0.059,0.5,5.9,0.097,0.194,0.145,11.8,0.692,0.663,0.219,0.219,107.76,107.76,89.8,60.0,0.174,2022200296,2025-08-10T09:50:26.323366,BoxScoreAdvancedV3,
2022200296,1612709923,Windy City,Bulls,WCB,bulls,202951.0,Jeremy,Pargo,J. Pargo,jeremy-pargo,G,,,30:26,100.0,100.0,100.0,100.0,0.0,0.0,0.13,1.5,16.7,0.0,0.121,0.056,11.1,0.5,0.563,0.181,0.181,108.83,108.83,90.69,70.0,0.09,2022200296,2025-08-10T09:50:26.323366,BoxScoreAdvancedV3,
2022200296,1612709923,Windy City,Bulls,WCB,bulls,1630637.0,Carlik,Jones,C. Jones,carlik-jones,G,,,40:45,108.0,108.0,118.4,118.4,-10.4,-10.4,0.429,3.0,26.1,0.063,0.136,0.098,8.7,0.42,0.491,0.315,0.315,103.07,103.07,85.89,88.0,0.139,2022200296,2025-08-10T09:50:26.323366,BoxScoreAdvancedV3,
2022200296,1612709923,Windy City,Bulls,WCB,bulls,1626272.0,Lazeric,Jones,L. Jones,lazeric-jones,,,,21:44,108.0,108.0,89.6,89.6,18.4,18.4,0.3,3.0,42.9,0.042,0.143,0.096,14.3,0.3,0.46,0.138,0.138,108.22,108.22,90.18,50.0,0.099,2022200296,2025-08-10T09:50:26.323366,BoxScoreAdvancedV3,
2022200296,1612709923,Windy City,Bulls,WCB,bulls,1631408.0,Ben,Coupet Jr.,B. Coupet Jr.,ben-coupet-jr,,,,25:13,89.8,89.8,91.4,91.4,-1.5,-1.5,0.063,0.5,9.1,0.036,0.065,0.051,18.2,0.625,0.625,0.149,0.149,111.35,111.35,92.8,59.0,0.056,2022200296,2025-08-10T09:50:26.323366,BoxScoreAdvancedV3,
2022200296,1612709923,Windy City,Bulls,WCB,bulls,1630250.0,Marko,Simonovic,M. Simonovic,marko-simonovic,,,,18:33,107.5,107.5,109.8,109.8,-2.3,-2.3,0.154,2.0,20.0,0.0,0.278,0.119,10.0,0.643,0.643,0.167,0.167,104.8,104.8,87.33,40.0,0.099,2022200296,2025-08-10T09:50:26.323366,BoxScoreAdvancedV3,
2022200296,1612709923,Windy City,Bulls,WCB,bulls,1629666.0,Charles,Matthews,C. Matthews,charles-matthews,,,,9:28,87.0,87.0,82.6,82.6,4.3,4.3,0.0,0.0,0.0,0.067,0.167,0.111,25.0,0.0,0.0,0.143,0.143,116.62,116.62,97.18,23.0,-0.037,2022200296,2025-08-10T09:50:26.323366,BoxScoreAdvancedV3,
2022200296,1612709923,Windy City,Bulls,WCB,bulls,1631448.0,Maurice,Calloo,M. Calloo,maurice-calloo,,DNP - Coach's Decision,,,0.0,0.0,0.0,0.0,0.0,0.0,0.0,0.0,0.0,0.0,0.0,0.0,0.0,0.0,0.0,0.0,0.0,0.0,0.0,0.0,0.0,0.0,2022200296,2025-08-10T09:50:26.323366,BoxScoreAdvancedV3,
2022200296,1612709923,Windy City,Bulls,WCB,bulls,,,,,,,,,240:00,537.7,107.5,523.8,104.8,13.9,2.8,0.622,1.47,18.1,0.375,0.778,0.573,17.9,0.516,0.556,1.0,0.961,21.1,105.5,87.92,106.0,0.512,2022200296,2025-08-10T09:50:26.323366,BoxScoreAdvancedV3,17.925
2022200296,1612709920,Raptors,905,RAP,905,,,,,,,,,240:00,523.8,104.8,537.7,107.5,-13.9,-2.8,0.614,1.69,18.8,0.222,0.625,0.427,15.2,0.537,0.559,1.0,0.991,21.1,105.5,87.92,105.0,0.488,2022200296,2025-08-10T09:50:26.323366,BoxScoreAdvancedV3,15.238
2022200282,1612709927,Wisconsin,Herd,WIS,herd,1630190.0,Elijah,Hughes,E. Hughes,elijah-hughes,F,,,42:00,101.0,101.0,118.8,118.8,-17.7,-17.7,0.115,1.5,15.0,0.0,0.095,0.045,10.0,0.367,0.389,0.156,0.156,110.29,110.29,91.9,97.0,0.065,2022200282,2025-08-10T09:50:45.075967,BoxScoreAdvancedV3,
2022200282,1612709927,Wisconsin,Herd,WIS,herd,1628993.0,Alize,Johnson,A. Johnson,alize-johnson,F,,,37:45,106.8,106.8,106.7,106.7,0.1,0.1,0.222,0.5,13.8,0.14,0.333,0.235,27.6,0.692,0.822,0.255,0.255,112.53,112.53,93.77,88.0,0.198,2022200282,2025-08-10T09:50:45.075967,BoxScoreAdvancedV3,
2022200282,1612709927,Wisconsin,Herd,WIS,herd,1628238.0,Paris,Bass,P. Bass,paris-bass,C,,,35:29,119.0,119.0,106.0,106.0,13.0,13.0,0.043,1.0,5.6,0.026,0.098,0.063,5.6,0.464,0.587,0.181,0.181,112.95,112.95,94.13,84.0,0.065,2022200282,2025-08-10T09:50:45.075967,BoxScoreAdvancedV3,
2022200282,1612709927,Wisconsin,Herd,WIS,herd,1630306.0,Rob,Edwards,R. Edwards,rob-edwards,G,,,37:28,123.0,123.0,105.7,105.7,17.2,17.2,0.12,3.0,15.8,0.0,0.089,0.048,5.3,0.818,0.985,0.165,0.165,111.46,111.46,92.88,87.0,0.151,2022200282,2025-08-10T09:50:45.075967,BoxScoreAdvancedV3,
2022200282,1612709927,Wisconsin,Herd,WIS,herd,1629623.0,Lindell,Wigginton,L. Wigginton,lindell-wigginton,G,,,37:40,112.6,112.6,109.1,109.1,3.6,3.6,0.19,2.0,12.9,0.025,0.026,0.026,6.5,0.55,0.737,0.276,0.276,111.5,111.5,92.92,87.0,0.127,2022200282,2025-08-10T09:50:45.075967,BoxScoreAdvancedV3,
2022200282,1612709927,Wisconsin,Herd,WIS,herd,1629007.0,Jontay,Porter,J. Porter,jontay-porter,,,,17:31,85.4,85.4,131.7,131.7,-46.3,-46.3,0.167,2.0,25.0,0.0,0.333,0.147,12.5,0.0,0.0,0.136,0.136,112.35,112.35,93.63,41.0,-0.017,2022200282,2025-08-10T09:50:45.075967,BoxScoreAdvancedV3,
2022200282,1612709927,Wisconsin,Herd,WIS,herd,1630828.0,Alex,Antetokounmpo,A. Antetokounmpo,alex-antetokounmpo,,,,21:49,103.8,103.8,121.2,121.2,-17.3,-17.3,0.0,0.0,0.0,0.037,0.125,0.078,20.0,0.0,0.0,0.086,0.086,114.41,114.41,95.34,52.0,-0.036,2022200282,2025-08-10T09:50:45.075967,BoxScoreAdvancedV3,
2022200282,1612709927,Wisconsin,Herd,WIS,herd,1630340.0,Jaire,Grayer,J. Grayer,jaire-grayer,,,,10:18,56.0,56.0,152.0,152.0,-96.0,-96.0,0.0,0.0,0.0,0.0,0.125,0.05,33.3,0.417,0.417,0.321,0.321,116.5,116.5,97.09,25.0,-0.063,2022200282,2025-08-10T09:50:45.075967,BoxScoreAdvancedV3,
2022200282,1612709927,Wisconsin,Herd,WIS,herd,1631260.0,AJ,Green,A. Green,aj-green,,DNP - Coach's Decision,,,0.0,0.0,0.0,0.0,0.0,0.0,0.0,0.0,0.0,0.0,0.0,0.0,0.0,0.0,0.0,0.0,0.0,0.0,0.0,0.0,0.0,0.0,2022200282,2025-08-10T09:50:45.075967,BoxScoreAdvancedV3,
2022200282,1612709927,Wisconsin,Herd,WIS,herd,1630572.0,Sandro,Mamukelashvili,S. Mamukelashvili,sandro-mamukelashvili,,DNP - Coach's Decision,,,0.0,0.0,0.0,0.0,0.0,0.0,0.0,0.0,0.0,0.0,0.0,0.0,0.0,0.0,0.0,0.0,0.0,0.0,0.0,0.0,0.0,0.0,2022200282,2025-08-10T09:50:45.075967,BoxScoreAdvancedV3,
2022200282,1612709893,Cleveland,Charge,CLC,charge,1630207.0,Nate,Hinton,N. Hinton,nate-hinton,F,,,38:32,110.0,110.0,112.5,112.5,-2.5,-2.5,0.103,0.0,16.7,0.024,0.1,0.061,0.0,0.633,0.633,0.147,0.147,110.87,110.87,92.4,90.0,0.114,2022200282,2025-08-10T09:50:45.075967,BoxScoreAdvancedV3,
2022200282,1612709893,Cleveland,Charge,CLC,charge,1630691.0,Jamorko,Pickett,J. Pickett,jamorko-pickett,F,,,40:06,110.6,110.6,106.4,106.4,4.3,4.3,0.036,1.0,4.3,0.045,0.196,0.122,4.3,0.722,0.743,0.208,0.208,112.52,112.52,93.77,94.0,0.194,2022200282,2025-08-10T09:50:45.075967,BoxScoreAdvancedV3,
2022200282,1612709893,Cleveland,Charge,CLC,charge,1629603.0,Mamadi,Diakite,M. Diakite,mamadi-diakite,C,,,32:42,102.6,102.6,109.2,109.2,-6.6,-6.6,0.15,0.5,10.7,0.118,0.368,0.25,21.4,0.583,0.624,0.294,0.294,113.03,113.03,94.19,78.0,0.194,2022200282,2025-08-10T09:50:45.075967,BoxScoreAdvancedV3,
2022200282,1612709893,Cleveland,Charge,CLC,charge,1630241.0,Sam,Merrill,S. Merrill,sam-merrill,G,,,29:08,119.7,119.7,105.8,105.8,13.9,13.9,0.095,0.0,11.8,0.0,0.083,0.048,0.0,0.714,0.693,0.217,0.217,111.19,111.19,92.66,66.0,0.089,2022200282,2025-08-10T09:50:45.075967,BoxScoreAdvancedV3,
2022200282,1612709893,Cleveland,Charge,CLC,charge,1630536.0,Sharife,Cooper,S. Cooper,sharife-cooper,G,,,24:13,96.6,96.6,115.5,115.5,-19.0,-19.0,0.333,1.0,23.8,0.077,0.074,0.075,23.8,0.722,0.86,0.246,0.246,114.95,114.95,95.8,58.0,0.131,2022200282,2025-08-10T09:50:45.075967,BoxScoreAdvancedV3,
2022200282,1612709893,Cleveland,Charge,CLC,charge,1626173.0,Rashad,Vaughn,R. Vaughn,rashad-vaughn,,,,18:33,127.3,127.3,88.6,88.6,38.6,38.6,0.105,2.0,22.2,0.05,0.05,0.05,11.1,0.333,0.333,0.14,0.14,113.86,113.86,94.89,44.0,0.043,2022200282,2025-08-10T09:50:45.075967,BoxScoreAdvancedV3,
2022200282,1612709893,Cleveland,Charge,CLC,charge,1631341.0,Chandler,Vaudrin,C. Vaudrin,chandler-vaudrin,,,,33:39,120.5,120.5,100.0,100.0,20.5,20.5,0.226,2.33,29.2,0.054,0.057,0.056,12.5,0.45,0.468,0.191,0.191,111.27,111.27,92.72,78.0,0.048,2022200282,2025-08-10T09:50:45.075967,BoxScoreAdvancedV3,
2022200282,1612709893,Cleveland,Charge,CLC,charge,1631436.0,Gabe,Osabuohien,G. Osabuohien,gabe-osabuohien,,,,15:18,141.2,141.2,105.7,105.7,35.5,35.5,0.294,5.0,71.4,0.0,0.2,0.094,14.3,0.0,0.0,0.05,0.05,108.24,108.24,90.2,34.0,0.053,2022200282,2025-08-10T09:50:45.075967,BoxScoreAdvancedV3,
2022200282,1612709893,Cleveland,Charge,CLC,charge,1630771.0,Blake,Francis,B. Francis,blake-francis,,,,7:49,133.3,133.3,133.3,133.3,0.0,0.0,0.25,0.0,40.0,0.0,0.0,0.0,0.0,0.0,1.064,0.158,0.158,110.53,110.53,92.11,18.0,0.094,2022200282,2025-08-10T09:50:45.075967,BoxScoreAdvancedV3,
2022200282,1612709893,Cleveland,Charge,CLC,charge,1630824.0,Jermaine,Haley,J. Haley,jermaine-haley,,DNP - Coach's Decision,,,0.0,0.0,0.0,0.0,0.0,0.0,0.0,0.0,0.0,0.0,0.0,0.0,0.0,0.0,0.0,0.0,0.0,0.0,0.0,0.0,0.0,0.0,2022200282,2025-08-10T09:50:45.075967,BoxScoreAdvancedV3,
2022200282,1612709893,Cleveland,Charge,CLC,charge,,,,,,,,,240:00,576.6,115.3,540.5,108.1,36.0,7.2,0.638,1.76,19.5,0.255,0.736,0.5,15.3,0.615,0.653,1.0,0.984,22.2,111.0,92.5,111.0,0.579,2022200282,2025-08-10T09:50:45.076970,BoxScoreAdvancedV3,15.315
2022200282,1612709927,Wisconsin,Herd,WIS,herd,,,,,,,,,240:00,540.5,108.1,576.6,115.3,-36.0,-7.2,0.472,0.85,12.1,0.264,0.745,0.5,18.0,0.5,0.621,1.0,0.984,22.2,111.0,92.5,111.0,0.421,2022200282,2025-08-10T09:50:45.076970,BoxScoreAdvancedV3,18.018
2022300502,1612709915,Maine,Celtics,MNE,celtics,1641775.0,Jordan,Walsh,J. Walsh,jordan-walsh,F,,,31:04,112.5,112.5,111.1,111.1,1.4,1.4,0.043,0.5,5.3,0.067,0.152,0.111,10.5,0.577,0.745,0.228,0.228,111.24,111.24,92.7,72.0,0.124,2022300502,2025-08-10T09:50:53.625012,BoxScoreAdvancedV3,
2022300502,1612709915,Maine,Celtics,MNE,celtics,1641809.0,Drew,Peterson,D. Peterson,drew-peterson,F,,,39:35,105.6,105.6,123.6,123.6,-18.0,-18.0,0.5,2.0,33.3,0.049,0.317,0.183,16.7,0.438,0.524,0.283,0.283,107.92,107.92,89.94,89.0,0.16,2022300502,2025-08-10T09:50:53.625012,BoxScoreAdvancedV3,
2022300502,1612709915,Maine,Celtics,MNE,celtics,1629674.0,Neemias,Queta,N. Queta,neemias-queta,C,,,26:04,100.0,100.0,122.4,122.4,-22.4,-22.4,0.077,1.0,6.3,0.143,0.133,0.138,6.3,0.692,0.67,0.227,0.227,107.74,107.74,89.79,59.0,0.157,2022300502,2025-08-10T09:50:53.625012,BoxScoreAdvancedV3,
2022300502,1612709915,Maine,Celtics,MNE,celtics,1630580.0,Joe,Wieskamp,J. Wieskamp,joe-wieskamp,G,,,34:43,106.4,106.4,115.0,115.0,-8.6,-8.6,0.0,0.0,0.0,0.0,0.079,0.04,0.0,0.583,0.673,0.23,0.23,109.23,109.23,91.02,78.0,0.136,2022300502,2025-08-10T09:50:53.625012,BoxScoreAdvancedV3,
2022300502,1612709915,Maine,Celtics,MNE,celtics,1641992.0,Donald,Carey,D. Carey,donald-carey,G,,,20:00,104.7,104.7,114.0,114.0,-9.3,-9.3,0.2,1.5,37.5,0.0,0.0,0.0,25.0,1.0,1.0,0.106,0.106,103.17,103.17,85.97,43.0,0.026,2022300502,2025-08-10T09:50:53.625012,BoxScoreAdvancedV3,
2022300502,1612709915,Maine,Celtics,MNE,celtics,1641994.0,Brandon,Slater,B. Slater,brandon-slater,,,,26:26,124.2,124.2,119.7,119.7,4.5,4.5,0.208,5.0,45.5,0.0,0.107,0.057,9.1,0.875,0.922,0.091,0.091,111.71,111.71,93.09,62.0,0.092,2022300502,2025-08-10T09:50:53.625012,BoxScoreAdvancedV3,
2022300502,1612709915,Maine,Celtics,MNE,celtics,203503.0,Tony,Snell,T. Snell,tony-snell,,,,18:34,126.2,126.2,113.3,113.3,12.9,12.9,0.059,0.0,33.3,0.0,0.0,0.0,0.0,1.25,1.25,0.043,0.043,112.43,112.43,93.69,42.0,0.06,2022300502,2025-08-10T09:50:53.625012,BoxScoreAdvancedV3,
2022300502,1612709915,Maine,Celtics,MNE,celtics,1630045.0,Jared,Wilson-Frame,J. Wilson-Frame,jared-wilson-frame,,,,27:24,120.3,120.3,133.9,133.9,-13.6,-13.6,0.13,1.0,17.6,0.0,0.069,0.036,17.6,0.455,0.455,0.197,0.197,110.36,110.36,91.97,64.0,0.012,2022300502,2025-08-10T09:50:53.625012,BoxScoreAdvancedV3,
2022300502,1612709915,Maine,Celtics,MNE,celtics,203816.0,Scotty,Hopson,S. Hopson,scotty-hopson,,,,11:02,92.0,92.0,138.5,138.5,-46.5,-46.5,0.0,0.0,0.0,0.143,0.125,0.136,0.0,0.375,0.375,0.286,0.286,110.94,110.94,92.45,25.0,0.038,2022300502,2025-08-10T09:50:53.625012,BoxScoreAdvancedV3,
2022300502,1612709915,Maine,Celtics,MNE,celtics,1630318.0,Jordan,Jackson,J. Jackson,jordan-jackson,,,,5:08,138.5,138.5,125.0,125.0,13.5,13.5,0.0,0.0,0.0,0.0,0.2,0.111,0.0,0.0,0.0,0.077,0.077,116.88,116.88,97.4,13.0,-0.029,2022300502,2025-08-10T09:50:53.625012,BoxScoreAdvancedV3,
2022300502,1612709929,College Park,Skyhawks,CPS,skyhawks,1641934.0,David,Singleton,D. Singleton,david-singleton,F,,,9:34,131.6,131.6,120.0,120.0,11.6,11.6,0.0,0.0,0.0,0.0,0.125,0.053,0.0,0.0,0.0,0.087,0.087,97.84,97.84,81.53,19.0,-0.011,2022300502,2025-08-10T09:50:53.625012,BoxScoreAdvancedV3,
2022300502,1612709929,College Park,Skyhawks,CPS,skyhawks,1641936.0,Miles,Norris,M. Norris,miles-norris,F,,,37:38,120.5,120.5,118.1,118.1,2.4,2.4,0.031,0.0,10.0,0.05,0.189,0.117,0.0,0.357,0.571,0.094,0.094,105.88,105.88,88.24,83.0,0.065,2022300502,2025-08-10T09:50:53.625012,BoxScoreAdvancedV3,
2022300502,1612709929,College Park,Skyhawks,CPS,skyhawks,1629735.0,Chris,Silva,C. Silva,chris-silva,C,,,19:32,109.1,109.1,120.5,120.5,-11.4,-11.4,0.167,1.0,13.3,0.12,0.063,0.098,13.3,0.375,0.686,0.25,0.25,108.12,108.12,90.1,44.0,0.101,2022300502,2025-08-10T09:50:53.625012,BoxScoreAdvancedV3,
2022300502,1612709929,College Park,Skyhawks,CPS,skyhawks,1630623.0,Tyson,Etienne,T. Etienne,tyson-etienne,G,,,28:19,115.6,115.6,107.8,107.8,7.8,7.8,0.455,2.5,41.7,0.0,0.069,0.031,16.7,0.389,0.354,0.187,0.187,108.52,108.52,90.43,64.0,0.032,2022300502,2025-08-10T09:50:53.625012,BoxScoreAdvancedV3,
2022300502,1612709929,College Park,Skyhawks,CPS,skyhawks,1641754.0,Seth,Lundy,S. Lundy,seth-lundy,G,,,33:11,124.0,124.0,106.8,106.8,17.2,17.2,0.211,2.0,13.3,0.028,0.25,0.132,6.7,0.604,0.614,0.302,0.302,107.76,107.76,89.8,75.0,0.167,2022300502,2025-08-10T09:50:53.625012,BoxScoreAdvancedV3,
2022300502,1612709929,College Park,Skyhawks,CPS,skyhawks,1630275.0,Jordan,Bowden,J. Bowden,jordan-bowden,,,,27:23,131.3,131.3,115.9,115.9,15.4,15.4,0.167,0.0,15.0,0.0,0.097,0.055,0.0,0.767,0.882,0.236,0.236,111.31,111.31,92.76,64.0,0.195,2022300502,2025-08-10T09:50:53.625012,BoxScoreAdvancedV3,
2022300502,1612709929,College Park,Skyhawks,CPS,skyhawks,1629801.0,Brandon,Randolph,B. Randolph,brandon-randolph,,,,22:12,118.0,118.0,109.4,109.4,8.6,8.6,0.059,0.33,6.3,0.091,0.087,0.089,18.8,0.591,0.673,0.273,0.273,111.36,111.36,92.8,50.0,0.11,2022300502,2025-08-10T09:50:53.625012,BoxScoreAdvancedV3,
2022300502,1612709929,College Park,Skyhawks,CPS,skyhawks,1630312.0,Robert,Baker,R. Baker,robert-baker,,,,25:51,132.2,132.2,96.8,96.8,35.4,35.4,0.158,1.5,17.6,0.0,0.129,0.075,11.8,0.833,0.854,0.215,0.215,112.34,112.34,93.62,59.0,0.204,2022300502,2025-08-10T09:50:53.625012,BoxScoreAdvancedV3,
2022300502,1612709929,College Park,Skyhawks,CPS,skyhawks,1641935.0,Jarkel,Joiner,J. Joiner,jarkel-joiner,,,,26:26,123.3,123.3,116.4,116.4,6.9,6.9,0.333,4.0,50.0,0.0,0.074,0.038,12.5,0.0,0.347,0.118,0.118,109.86,109.86,91.55,60.0,0.047,2022300502,2025-08-10T09:50:53.625012,BoxScoreAdvancedV3,
2022300502,1612709929,College Park,Skyhawks,CPS,skyhawks,1642044.0,Emmitt,"Matthews, Jr.","E. Matthews, Jr.","emmitt-matthews,-jr",,,,5:59,142.9,142.9,140.0,140.0,2.9,2.9,0.0,0.0,0.0,0.2,0.0,0.091,0.0,0.5,0.5,0.133,0.133,116.32,116.32,96.94,14.0,0.034,2022300502,2025-08-10T09:50:53.625012,BoxScoreAdvancedV3,
2022300502,1612709929,College Park,Skyhawks,CPS,skyhawks,1641812.0,Spencer,Rodgers,S. Rodgers,spencer-rodgers,,,,3:56,50.0,50.0,44.4,44.4,5.6,5.6,0.0,0.0,0.0,0.0,0.0,0.0,0.0,0.0,0.0,0.0,0.0,115.93,115.93,96.61,10.0,-0.333,2022300502,2025-08-10T09:50:53.625012,BoxScoreAdvancedV3,
2022300502,1612709929,College Park,Skyhawks,CPS,skyhawks,,,,,,,,,240:00,616.8,123.4,564.8,113.0,52.0,10.4,0.711,2.0,20.8,0.32,0.755,0.535,15.0,0.559,0.642,1.0,0.984,21.5,107.5,89.58,107.0,0.527,2022300502,2025-08-10T09:50:53.625012,BoxScoreAdvancedV3,14.953
2022300502,1612709915,Maine,Celtics,MNE,celtics,,,,,,,,,240:00,564.8,113.0,616.8,123.4,-52.0,-10.4,0.636,1.75,19.0,0.245,0.68,0.465,14.8,0.573,0.632,1.0,0.983,21.5,107.5,89.58,108.0,0.473,2022300502,2025-08-10T09:50:53.625012,BoxScoreAdvancedV3,14.815
1022001024,1611661321,Dallas,Wings,DAL,wings,1630149.0,Satou,Sabally,S. Sabally,satou-sabally,F,,,28:12,82.0,82.0,100.0,100.0,-18.0,-18.0,0.118,1.0,12.5,0.028,0.192,0.097,12.5,0.3,0.425,0.203,0.203,102.98,102.98,85.82,61.0,0.071,1022001024,2025-08-10T09:51:06.497771,BoxScoreAdvancedV3,
1022001024,1611661321,Dallas,Wings,DAL,wings,203866.0,Kayla,Thornton,K. Thornton,kayla-thornton,F,,,26:39,71.4,71.4,94.9,94.9,-23.5,-23.5,0.077,0.5,9.1,0.031,0.154,0.086,18.2,0.5,0.5,0.164,0.164,103.59,103.59,86.33,56.0,0.042,1022001024,2025-08-10T09:51:06.497771,BoxScoreAdvancedV3,
1022001024,1611661321,Dallas,Wings,DAL,wings,203838.0,Astou,Ndour-Fall,A. Ndour-Fall,astou-ndour-fall,C,,,20:20,70.7,70.7,112.2,112.2,-41.5,-41.5,0.0,0.0,0.0,0.08,0.118,0.095,0.0,0.45,0.45,0.222,0.222,96.79,96.79,80.66,41.0,0.034,1022001024,2025-08-10T09:51:06.497771,BoxScoreAdvancedV3,
1022001024,1611661321,Dallas,Wings,DAL,wings,1629481.0,Arike,Ogunbowale,A. Ogunbowale,arike-ogunbowale,G,,,31:59,92.3,92.3,89.7,89.7,2.6,2.6,0.143,2.0,8.0,0.0,0.03,0.014,4.0,0.455,0.455,0.311,0.311,99.8,99.8,83.17,65.0,0.118,1022001024,2025-08-10T09:51:06.497771,BoxScoreAdvancedV3,
1022001024,1611661321,Dallas,Wings,DAL,wings,1627669.0,Moriah,Jefferson,M. Jefferson,moriah-jefferson,G,,,19:48,84.1,84.1,100.0,100.0,-15.9,-15.9,0.3,1.5,23.1,0.0,0.095,0.042,15.4,0.5,0.58,0.196,0.196,104.24,104.24,86.87,44.0,0.085,1022001024,2025-08-10T09:51:06.497771,BoxScoreAdvancedV3,
1022001024,1611661321,Dallas,Wings,DAL,wings,1628277.0,Allisha,Gray,A. Gray,allisha-gray,,,,16:53,85.7,85.7,105.7,105.7,-20.0,-20.0,0.0,0.0,0.0,0.056,0.083,0.067,20.0,0.25,0.25,0.132,0.132,99.51,99.51,82.92,35.0,-0.013,1022001024,2025-08-10T09:51:06.497771,BoxScoreAdvancedV3,
1022001024,1611661321,Dallas,Wings,DAL,wings,1630112.0,Tyasha,Harris,T. Harris,tyasha-harris,,,,17:15,76.3,76.3,102.8,102.8,-26.5,-26.5,0.083,0.0,25.0,0.0,0.091,0.034,0.0,0.5,0.521,0.073,0.073,102.96,102.96,85.8,38.0,0.053,1022001024,2025-08-10T09:51:06.497771,BoxScoreAdvancedV3,
1022001024,1611661321,Dallas,Wings,DAL,wings,204330.0,Isabelle,Harrison,I. Harrison,isabelle-harrison,,,,3:55,80.0,80.0,80.0,80.0,0.0,0.0,0.0,0.0,0.0,0.0,0.0,0.0,50.0,0.0,0.0,0.2,0.2,122.55,122.55,102.13,10.0,-0.087,1022001024,2025-08-10T09:51:06.497771,BoxScoreAdvancedV3,
1022001024,1611661321,Dallas,Wings,DAL,wings,1629478.0,Katie Lou,Samuelson,K. Samuelson,katie-lou-samuelson,,,,16:17,85.7,85.7,67.6,67.6,18.1,18.1,0.111,0.0,12.5,0.0,0.143,0.057,0.0,0.357,0.357,0.167,0.167,101.66,101.66,84.71,35.0,0.167,1022001024,2025-08-10T09:51:06.497771,BoxScoreAdvancedV3,
1022001024,1611661321,Dallas,Wings,DAL,wings,1630093.0,Bella,Alarie,B. Alarie,bella-alarie,,,,15:45,94.3,94.3,71.4,71.4,22.9,22.9,0.083,0.0,12.5,0.211,0.111,0.162,0.0,0.167,0.291,0.171,0.171,106.67,106.67,88.89,35.0,0.196,1022001024,2025-08-10T09:51:06.497771,BoxScoreAdvancedV3,
1022001024,1611661321,Dallas,Wings,DAL,wings,1629497.0,Marina,Mabrey,M. Mabrey,marina-mabrey,,,,2:57,66.7,66.7,0.0,0.0,66.7,66.7,0.0,0.0,0.0,0.0,0.2,0.125,100.0,0.0,0.0,0.167,0.167,97.63,97.63,81.36,6.0,-0.333,1022001024,2025-08-10T09:51:06.497771,BoxScoreAdvancedV3,
1022001024,1611661321,Dallas,Wings,DAL,wings,1629484.0,Megan,Gustafson,M. Gustafson,megan-gustafson,,DNP - Coach's Decision,,,0.0,0.0,0.0,0.0,0.0,0.0,0.0,0.0,0.0,0.0,0.0,0.0,0.0,0.0,0.0,0.0,0.0,0.0,0.0,0.0,0.0,0.0,1022001024,2025-08-10T09:51:06.497771,BoxScoreAdvancedV3,
1022001024,1611661319,Las Vegas,Aces,LVA,aces,201881.0,Angel,McCoughtry,A. McCoughtry,angel-mccoughtry,F,,,15:25,128.1,128.1,63.6,63.6,64.5,64.5,0.231,0.0,37.5,0.0,0.19,0.114,0.0,0.25,0.41,0.135,0.135,101.19,101.19,84.32,32.0,0.168,1022001024,2025-08-10T09:51:06.497771,BoxScoreAdvancedV3,
1022001024,1611661319,Las Vegas,Aces,LVA,aces,1628932.0,A'ja,Wilson,A. Wilson,aja-wilson,F,,,31:21,90.9,90.9,77.3,77.3,13.6,13.6,0.214,3.0,12.0,0.0,0.211,0.119,4.0,0.368,0.448,0.301,0.301,101.05,101.05,84.21,66.0,0.214,1022001024,2025-08-10T09:51:06.497771,BoxScoreAdvancedV3,
1022001024,1611661319,Las Vegas,Aces,LVA,aces,202670.0,Carolyn,Swords,C. Swords,carolyn-swords,C,,,20:07,130.2,130.2,88.6,88.6,41.6,41.6,0.0,0.0,0.0,0.063,0.273,0.184,0.0,0.6,0.595,0.122,0.122,103.79,103.79,86.5,43.0,0.134,1022001024,2025-08-10T09:51:06.497771,BoxScoreAdvancedV3,
1022001024,1611661319,Las Vegas,Aces,LVA,aces,203825.0,Kayla,McBride,K. McBride,kayla-mcbride,G,,,31:38,92.5,92.5,72.7,72.7,19.8,19.8,0.118,0.67,14.3,0.0,0.051,0.029,21.4,0.563,0.619,0.162,0.162,100.91,100.91,84.09,67.0,0.098,1022001024,2025-08-10T09:51:06.497771,BoxScoreAdvancedV3,
1022001024,1611661319,Las Vegas,Aces,LVA,aces,1628263.0,Lindsay,Allen,L. Allen,lindsay-allen,G,,,24:54,98.1,98.1,58.5,58.5,39.7,39.7,0.214,1.5,21.4,0.042,0.1,0.074,14.3,0.563,0.619,0.183,0.183,103.13,103.13,85.94,54.0,0.158,1022001024,2025-08-10T09:51:06.497771,BoxScoreAdvancedV3,
1022001024,1611661319,Las Vegas,Aces,LVA,aces,204324.0,Dearica,Hamby,D. Hamby,dearica-hamby,,,,28:32,70.0,70.0,84.7,84.7,-14.7,-14.7,0.4,0.57,18.2,0.103,0.139,0.123,31.8,0.375,0.451,0.277,0.277,100.09,100.09,83.41,60.0,0.096,1022001024,2025-08-10T09:51:06.497771,BoxScoreAdvancedV3,
1022001024,1611661319,Las Vegas,Aces,LVA,aces,1629498.0,Jackie,Young,J. Young,jackie-young,,,,25:38,74.1,74.1,98.1,98.1,-24.0,-24.0,0.083,0.5,10.0,0.042,0.103,0.075,20.0,0.625,0.753,0.155,0.155,99.25,99.25,82.7,54.0,0.159,1022001024,2025-08-10T09:51:06.497771,BoxScoreAdvancedV3,
1022001024,1611661319,Las Vegas,Aces,LVA,aces,203411.0,Sugar,Rodgers,S. Rodgers,sugar-rodgers,,,,7:19,88.2,88.2,133.3,133.3,-45.1,-45.1,0.2,0.5,25.0,0.0,0.0,0.0,50.0,0.0,0.0,0.158,0.158,104.97,104.97,87.47,17.0,-0.078,1022001024,2025-08-10T09:51:06.497771,BoxScoreAdvancedV3,
1022001024,1611661319,Las Vegas,Aces,LVA,aces,202658.0,Danielle,Robinson,D. Robinson,danielle-robinson,,,,15:06,81.3,81.3,130.0,130.0,-48.8,-48.8,0.0,0.0,0.0,0.077,0.111,0.097,16.7,0.6,0.643,0.171,0.171,98.54,98.54,82.12,32.0,0.064,1022001024,2025-08-10T09:51:06.497771,BoxScoreAdvancedV3,
1022001024,1611661319,Las Vegas,Aces,LVA,aces,204332.0,Cierra,Burdick,C. Burdick,cierra-burdick,,DNP - Coach's Decision,,,0.0,0.0,0.0,0.0,0.0,0.0,0.0,0.0,0.0,0.0,0.0,0.0,0.0,0.0,0.0,0.0,0.0,0.0,0.0,0.0,0.0,0.0,1022001024,2025-08-10T09:51:06.497771,BoxScoreAdvancedV3,
1022001024,1611661319,Las Vegas,Aces,LVA,aces,203069.0,Avery,Warley-Talbert,A. Warley-Talbert,avery-warley-talbert,,DNP - Coach's Decision,,,0.0,0.0,0.0,0.0,0.0,0.0,0.0,0.0,0.0,0.0,0.0,0.0,0.0,0.0,0.0,0.0,0.0,0.0,0.0,0.0,0.0,0.0,1022001024,2025-08-10T09:51:06.497771,BoxScoreAdvancedV3,
1022001024,1611661319,Las Vegas,Aces,LVA,aces,,,,,,,,,200:00,470.2,94.0,426.8,85.4,43.4,8.7,0.63,0.94,15.5,0.324,0.771,0.576,21.4,0.46,0.535,1.0,0.989,19.92,99.6,83.0,84.0,0.646,1022001024,2025-08-10T09:51:06.497771,BoxScoreAdvancedV3,21.429
1022001024,1611661321,Dallas,Wings,DAL,wings,,,,,,,,,200:00,426.8,85.4,470.2,94.0,-43.4,-8.7,0.393,1.0,10.6,0.229,0.676,0.424,13.4,0.395,0.431,1.0,0.989,19.92,99.6,83.0,82.0,0.354,1022001024,2025-08-10T09:51:06.497771,BoxScoreAdvancedV3,13.415
2022400366,1612709919,Westchester,Knicks,WES,knicks,1629643.0,Chuma,Okeke,C. Okeke,chuma-okeke,F,,,37:29,100.0,100.0,92.2,92.2,7.8,7.8,0.15,3.0,13.6,0.021,0.157,0.092,4.5,0.375,0.404,0.198,0.198,99.88,99.88,83.24,79.0,0.109,2022400366,2025-08-10T09:51:17.929186,BoxScoreAdvancedV3,
2022400366,1612709919,Westchester,Knicks,WES,knicks,1629650.0,Moses,Brown,M. Brown,moses-brown,F,,,40:17,115.7,115.7,109.8,109.8,5.9,5.9,0.087,2.0,9.1,0.174,0.341,0.253,4.5,0.692,0.847,0.198,0.198,98.31,98.31,81.93,83.0,0.277,2022400366,2025-08-10T09:51:17.929186,BoxScoreAdvancedV3,
2022400366,1612709919,Westchester,Knicks,WES,knicks,203933.0,T.J.,Warren,T. Warren,tj-warren,C,,,33:36,104.3,104.3,89.9,89.9,14.4,14.4,0.211,1.33,20.0,0.0,0.044,0.022,15.0,0.5,0.704,0.184,0.184,99.29,99.29,82.74,70.0,0.148,2022400366,2025-08-10T09:51:17.929186,BoxScoreAdvancedV3,
2022400366,1612709919,Westchester,Knicks,WES,knicks,1641755.0,Kevin,McCullar Jr.,K. McCullar Jr.,kevin-mccullar-jr,G,,,37:11,115.2,115.2,100.0,100.0,15.2,15.2,0.091,1.0,10.0,0.026,0.14,0.086,10.0,0.607,0.706,0.194,0.194,101.34,101.34,84.45,79.0,0.125,2022400366,2025-08-10T09:51:17.929186,BoxScoreAdvancedV3,
2022400366,1612709919,Westchester,Knicks,WES,knicks,1642486.0,Boo,Buie III,B. Buie III,boo-buie-iii,G,,,9:50,110.0,110.0,95.2,95.2,14.8,14.8,0.143,1.0,12.5,0.0,0.0,0.0,12.5,0.167,0.155,0.28,0.28,100.07,100.07,83.39,20.0,-0.192,2022400366,2025-08-10T09:51:17.929186,BoxScoreAdvancedV3,
2022400366,1612709919,Westchester,Knicks,WES,knicks,1631098.0,Johnny,Davis,J. Davis,johnny-davis,,,,25:11,114.8,114.8,94.4,94.4,20.4,20.4,0.167,0.5,10.0,0.071,0.063,0.067,20.0,0.417,0.388,0.277,0.277,102.93,102.93,85.77,54.0,0.0,2022400366,2025-08-10T09:51:17.929186,BoxScoreAdvancedV3,
2022400366,1612709919,Westchester,Knicks,WES,knicks,1641924.0,Jamal,Bey,J. Bey,jamal-bey,,,,21:53,91.8,91.8,108.3,108.3,-16.5,-16.5,0.154,1.0,22.2,0.048,0.111,0.083,22.2,0.4,0.4,0.127,0.127,106.38,106.38,88.65,49.0,0.025,2022400366,2025-08-10T09:51:17.929186,BoxScoreAdvancedV3,
2022400366,1612709919,Westchester,Knicks,WES,knicks,1630733.0,Jordan,Tucker,J. Tucker,jordan-tucker,,,,20:09,106.5,106.5,108.7,108.7,-2.2,-2.2,0.167,1.0,15.4,0.0,0.083,0.048,15.4,0.643,0.825,0.216,0.216,109.56,109.56,91.3,46.0,0.128,2022400366,2025-08-10T09:51:17.929186,BoxScoreAdvancedV3,
2022400366,1612709919,Westchester,Knicks,WES,knicks,1631499.0,Alex,O'Connell,A. O'Connell,alex-oconnell,,,,14:24,115.2,115.2,128.1,128.1,-13.0,-13.0,0.0,0.0,0.0,0.0,0.083,0.05,0.0,0.0,0.694,0.057,0.057,108.33,108.33,90.28,33.0,0.029,2022400366,2025-08-10T09:51:17.929186,BoxScoreAdvancedV3,
2022400366,1612709919,Westchester,Knicks,WES,knicks,1641830.0,Abdullah,Ahmed,A. Ahmed,abdullah-ahmed,,DNP - Coach's Decision,,,0.0,0.0,0.0,0.0,0.0,0.0,0.0,0.0,0.0,0.0,0.0,0.0,0.0,0.0,0.0,0.0,0.0,0.0,0.0,0.0,0.0,0.0,2022400366,2025-08-10T09:51:17.929186,BoxScoreAdvancedV3,
2022400366,1612709919,Westchester,Knicks,WES,knicks,1642028.0,Kaiden,Rice,K. Rice,kaiden-rice,,DNP - Coach's Decision,,,0.0,0.0,0.0,0.0,0.0,0.0,0.0,0.0,0.0,0.0,0.0,0.0,0.0,0.0,0.0,0.0,0.0,0.0,0.0,0.0,0.0,0.0,2022400366,2025-08-10T09:51:17.929186,BoxScoreAdvancedV3,
2022400366,1612709919,Westchester,Knicks,WES,knicks,1631210.0,Jacob,Toppin,J. Toppin,jacob-toppin,,DNP - Coach's Decision,,,0.0,0.0,0.0,0.0,0.0,0.0,0.0,0.0,0.0,0.0,0.0,0.0,0.0,0.0,0.0,0.0,0.0,0.0,0.0,0.0,0.0,0.0,2022400366,2025-08-10T09:51:17.929186,BoxScoreAdvancedV3,
2022400366,1612709890,Austin,Spurs,AUS,spurs,1631127.0,Harrison,Ingram,H. Ingram,harrison-ingram,F,,,39:41,103.7,103.7,104.9,104.9,-1.2,-1.2,0.185,1.67,17.9,0.083,0.042,0.063,10.7,0.35,0.35,0.242,0.242,98.56,98.56,82.14,81.0,0.018,2022400366,2025-08-10T09:51:17.929186,BoxScoreAdvancedV3,
2022400366,1612709890,Austin,Spurs,AUS,spurs,1642755.0,Kyle,Rode,K. Rode,kyle-rode,F,,,28:27,90.2,90.2,103.4,103.4,-13.2,-13.2,0.059,0.0,11.1,0.026,0.091,0.056,0.0,0.688,0.688,0.113,0.113,101.25,101.25,84.38,61.0,0.124,2022400366,2025-08-10T09:51:17.929186,BoxScoreAdvancedV3,
2022400366,1612709890,Austin,Spurs,AUS,spurs,1642496.0,Ibrahima,Diallo,I. Diallo,ibrahima-diallo,C,,,39:50,107.4,107.4,114.6,114.6,-7.2,-7.2,0.0,0.0,0.0,0.049,0.13,0.092,14.3,0.5,0.5,0.078,0.078,98.19,98.19,81.83,81.0,0.062,2022400366,2025-08-10T09:51:17.929186,BoxScoreAdvancedV3,
2022400366,1612709890,Austin,Spurs,AUS,spurs,1630561.0,David,Duke Jr.,D. Duke Jr.,david-duke-jr,G,,,41:45,96.5,96.5,114.0,114.0,-17.5,-17.5,0.286,1.2,15.8,0.02,0.224,0.12,13.2,0.563,0.621,0.327,0.327,98.3,98.3,81.92,85.0,0.173,2022400366,2025-08-10T09:51:17.929186,BoxScoreAdvancedV3,
2022400366,1612709890,Austin,Spurs,AUS,spurs,1642392.0,Jameer,Nelson Jr.,J. Nelson Jr.,jameer-nelson-jr,G,,,32:39,110.1,110.1,114.5,114.5,-4.3,-4.3,0.273,6.0,24.0,0.054,0.056,0.055,4.0,0.5,0.567,0.244,0.244,101.44,101.44,84.53,69.0,0.119,2022400366,2025-08-10T09:51:17.929186,BoxScoreAdvancedV3,
2022400366,1612709890,Austin,Spurs,AUS,spurs,1641988.0,Luke,Avdalovic,L. Avdalovic,luke-avdalovic,,,,27:07,113.8,113.8,125.0,125.0,-11.2,-11.2,0.0,0.0,0.0,0.037,0.174,0.1,12.5,0.571,0.571,0.121,0.121,104.44,104.44,87.03,58.0,0.048,2022400366,2025-08-10T09:51:17.929186,BoxScoreAdvancedV3,
2022400366,1612709890,Austin,Spurs,AUS,spurs,1629051.0,Quinton,Rose,Q. Rose,quinton-rose,,,,25:24,87.5,87.5,94.9,94.9,-7.4,-7.4,0.125,0.67,11.8,0.029,0.12,0.067,17.6,0.333,0.333,0.231,0.231,108.69,108.69,90.57,56.0,0.04,2022400366,2025-08-10T09:51:17.929186,BoxScoreAdvancedV3,
2022400366,1612709890,Austin,Spurs,AUS,spurs,1642684.0,Tray,Jackson,T. Jackson,tray-jackson,,,,5:07,123.1,123.1,46.2,46.2,76.9,76.9,0.0,0.0,0.0,0.125,0.0,0.077,0.0,1.0,1.025,0.125,0.125,121.95,121.95,101.63,13.0,0.333,2022400366,2025-08-10T09:51:17.929186,BoxScoreAdvancedV3,
2022400366,1612709890,Austin,Spurs,AUS,spurs,1631123.0,Jamaree,Bouyea,J. Bouyea,jamaree-bouyea,,DNP - Coach's Decision,,,0.0,0.0,0.0,0.0,0.0,0.0,0.0,0.0,0.0,0.0,0.0,0.0,0.0,0.0,0.0,0.0,0.0,0.0,0.0,0.0,0.0,0.0,2022400366,2025-08-10T09:51:17.929186,BoxScoreAdvancedV3,
2022400366,1612709890,Austin,Spurs,AUS,spurs,1642434.0,Riley,Minix,R. Minix,riley-minix,,DND - Injury/Illness,,,0.0,0.0,0.0,0.0,0.0,0.0,0.0,0.0,0.0,0.0,0.0,0.0,0.0,0.0,0.0,0.0,0.0,0.0,0.0,0.0,0.0,0.0,2022400366,2025-08-10T09:51:17.929186,BoxScoreAdvancedV3,
2022400366,1612709890,Austin,Spurs,AUS,spurs,1642563.0,Osayi,Osifo,O. Osifo,osayi-osifo,,DND - Injury/Illness,,,0.0,0.0,0.0,0.0,0.0,0.0,0.0,0.0,0.0,0.0,0.0,0.0,0.0,0.0,0.0,0.0,0.0,0.0,0.0,0.0,0.0,0.0,2022400366,2025-08-10T09:51:17.929186,BoxScoreAdvancedV3,
2022400366,1612709890,Austin,Spurs,AUS,spurs,1642565.0,Parker,Van Dyke,P. Van Dyke,parker-van-dyke,,DNP - Coach's Decision,,,0.0,0.0,0.0,0.0,0.0,0.0,0.0,0.0,0.0,0.0,0.0,0.0,0.0,0.0,0.0,0.0,0.0,0.0,0.0,0.0,0.0,0.0,2022400366,2025-08-10T09:51:17.929186,BoxScoreAdvancedV3,
2022400366,1612709890,Austin,Spurs,AUS,spurs,,,,,,,,,240:00,515.0,103.0,549.5,109.9,-34.5,-6.9,0.5,1.43,14.8,0.263,0.642,0.445,14.0,0.495,0.526,1.0,0.991,20.1,100.5,83.75,100.0,0.444,2022400366,2025-08-10T09:51:17.929186,BoxScoreAdvancedV3,14.0
2022400366,1612709919,Westchester,Knicks,WES,knicks,,,,,,,,,240:00,549.5,109.9,515.0,103.0,34.5,6.9,0.514,1.13,13.0,0.358,0.737,0.555,15.8,0.488,0.588,1.0,0.983,20.1,100.5,83.75,101.0,0.556,2022400366,2025-08-10T09:51:17.929186,BoxScoreAdvancedV3,15.842
2022300160,1612709913,Birmingham,Squadron,BHM,squadron,1630792.0,Malcolm,Hill,M. Hill,malcolm-hill,F,,,40:04,134.6,134.6,109.9,109.9,24.7,24.7,0.133,4.0,18.2,0.0,0.146,0.073,4.5,0.6,0.693,0.191,0.191,97.04,97.04,80.87,81.0,0.128,2022300160,2025-08-10T09:51:31.906725,BoxScoreAdvancedV3,
2022300160,1612709913,Birmingham,Squadron,BHM,squadron,1641856.0,Tevian,Jones,T. Jones,tevian-jones,F,,,29:54,115.9,115.9,114.5,114.5,1.4,1.4,0.087,2.0,28.6,0.0,0.0,0.0,14.3,1.125,1.125,0.071,0.071,100.33,100.33,83.61,63.0,0.055,2022300160,2025-08-10T09:51:31.906725,BoxScoreAdvancedV3,
2022300160,1612709913,Birmingham,Squadron,BHM,squadron,1630604.0,E.J.,Liddell,E. Liddell,ej-liddell,C,,,30:50,106.3,106.3,115.6,115.6,-9.3,-9.3,0.053,1.0,5.9,0.063,0.269,0.155,5.9,0.409,0.682,0.229,0.229,98.85,98.85,82.38,63.0,0.124,2022300160,2025-08-10T09:51:31.906725,BoxScoreAdvancedV3,
2022300160,1612709913,Birmingham,Squadron,BHM,squadron,1631167.0,Izaiah,Brockington,I. Brockington,izaiah-brockington,G,,,32:24,134.8,134.8,117.4,117.4,17.4,17.4,0.036,0.25,7.1,0.071,0.069,0.07,28.6,0.75,0.829,0.173,0.173,102.22,102.22,85.19,69.0,0.036,2022300160,2025-08-10T09:51:31.906725,BoxScoreAdvancedV3,
2022300160,1612709913,Birmingham,Squadron,BHM,squadron,1630622.0,Jalen,Crutcher,J. Crutcher,jalen-crutcher,G,,,39:39,132.5,132.5,108.6,108.6,23.9,23.9,0.367,5.5,35.5,0.0,0.098,0.049,6.5,0.417,0.434,0.215,0.215,97.45,97.45,81.21,80.0,0.095,2022300160,2025-08-10T09:51:31.906725,BoxScoreAdvancedV3,
2022300160,1612709913,Birmingham,Squadron,BHM,squadron,1629955.0,Galen,Robinson Jr.,G. Robinson Jr.,galen-robinson-jr,,,,28:02,127.6,127.6,93.1,93.1,34.5,34.5,0.143,3.0,21.4,0.0,0.194,0.102,7.1,0.813,0.805,0.162,0.162,99.31,99.31,82.76,58.0,0.197,2022300160,2025-08-10T09:51:31.906725,BoxScoreAdvancedV3,
2022300160,1612709913,Birmingham,Squadron,BHM,squadron,1628387.0,Ike,Anigbogu,I. Anigbogu,ike-anigbogu,,,,9:14,160.0,160.0,73.7,73.7,86.3,86.3,0.0,0.0,0.0,0.444,0.067,0.208,20.0,0.5,0.5,0.192,0.192,101.37,101.37,84.48,20.0,0.063,2022300160,2025-08-10T09:51:31.906725,BoxScoreAdvancedV3,
2022300160,1612709913,Birmingham,Squadron,BHM,squadron,1641805.0,Landers,Nolley II,L. Nolley II,landers-nolley-ii,,,,26:43,119.6,119.6,101.8,101.8,17.9,17.9,0.267,4.0,17.4,0.138,0.257,0.203,4.3,0.676,0.682,0.297,0.297,101.51,101.51,84.59,56.0,0.228,2022300160,2025-08-10T09:51:31.906725,BoxScoreAdvancedV3,
2022300160,1612709913,Birmingham,Squadron,BHM,squadron,1642017.0,Pavel,Savkov,P. Savkov,pavel-savkov,,,,1:35,50.0,50.0,75.0,75.0,-25.0,-25.0,0.0,0.0,0.0,0.0,0.0,0.0,0.0,0.0,0.0,0.25,0.25,121.26,121.26,101.05,4.0,-0.444,2022300160,2025-08-10T09:51:31.906725,BoxScoreAdvancedV3,
2022300160,1612709913,Birmingham,Squadron,BHM,squadron,1630714.0,Josh,Nzeakor,J. Nzeakor,josh-nzeakor,,,,1:35,50.0,50.0,75.0,75.0,-25.0,-25.0,0.0,0.0,0.0,0.0,0.25,0.167,0.0,0.5,0.5,0.5,0.5,121.26,121.26,101.05,4.0,0.444,2022300160,2025-08-10T09:51:31.906725,BoxScoreAdvancedV3,
2022300160,1612709913,Birmingham,Squadron,BHM,squadron,1629962.0,Devin,Cannady,D. Cannady,devin-cannady,,DNP - Coach's Decision,,,0.0,0.0,0.0,0.0,0.0,0.0,0.0,0.0,0.0,0.0,0.0,0.0,0.0,0.0,0.0,0.0,0.0,0.0,0.0,0.0,0.0,0.0,2022300160,2025-08-10T09:51:31.906725,BoxScoreAdvancedV3,
2022300160,1612709913,Birmingham,Squadron,BHM,squadron,1630526.0,Jeremiah,Robinson-Earl,J. Robinson-Earl,jeremiah-robinson-earl,,DNP - Coach's Decision,,,0.0,0.0,0.0,0.0,0.0,0.0,0.0,0.0,0.0,0.0,0.0,0.0,0.0,0.0,0.0,0.0,0.0,0.0,0.0,0.0,0.0,0.0,2022300160,2025-08-10T09:51:31.906725,BoxScoreAdvancedV3,
2022300160,1612709913,Birmingham,Squadron,BHM,squadron,1631220.0,Dereon,Seabron,D. Seabron,dereon-seabron,,DNP - Coach's Decision,,,0.0,0.0,0.0,0.0,0.0,0.0,0.0,0.0,0.0,0.0,0.0,0.0,0.0,0.0,0.0,0.0,0.0,0.0,0.0,0.0,0.0,0.0,2022300160,2025-08-10T09:51:31.906725,BoxScoreAdvancedV3,
2022300160,1612709927,Wisconsin,Herd,WIS,herd,1641753.0,Chris,Livingston,C. Livingston,chris-livingston,F,,,30:10,114.8,114.8,121.9,121.9,-7.1,-7.1,0.095,2.0,12.5,0.033,0.185,0.105,6.3,0.583,0.621,0.203,0.203,99.45,99.45,82.87,61.0,0.104,2022300160,2025-08-10T09:51:31.906725,BoxScoreAdvancedV3,
2022300160,1612709927,Wisconsin,Herd,WIS,herd,1629117.0,Wenyen,Gabriel,W. Gabriel,wenyen-gabriel,F,,,40:46,115.5,115.5,127.4,127.4,-11.9,-11.9,0.0,0.0,0.0,0.075,0.125,0.1,16.7,0.559,0.613,0.25,0.25,98.9,98.9,82.42,84.0,0.068,2022300160,2025-08-10T09:51:31.906725,BoxScoreAdvancedV3,
2022300160,1612709927,Wisconsin,Herd,WIS,herd,1629716.0,Marques,Bolden,M. Bolden,marques-bolden,C,,,16:21,139.4,139.4,133.3,133.3,6.1,6.1,0.0,0.0,0.0,0.143,0.294,0.226,12.5,1.0,1.093,0.211,0.211,96.88,96.88,80.73,33.0,0.171,2022300160,2025-08-10T09:51:31.906725,BoxScoreAdvancedV3,
2022300160,1612709927,Wisconsin,Herd,WIS,herd,203922.0,Glenn,Robinson III,G. Robinson III,glenn-robinson-iii,G,,,26:02,113.0,113.0,130.2,130.2,-17.2,-17.2,0.19,2.0,40.0,0.091,0.115,0.104,20.0,1.0,1.0,0.098,0.098,98.64,98.64,82.2,54.0,0.112,2022300160,2025-08-10T09:51:31.906725,BoxScoreAdvancedV3,
2022300160,1612709927,Wisconsin,Herd,WIS,herd,1631102.0,TyTy,Washington Jr.,T. Washington Jr.,tyty-washington-jr,G,,,38:35,121.3,121.3,132.5,132.5,-11.3,-11.3,0.353,4.0,34.3,0.0,0.061,0.03,8.6,0.289,0.334,0.253,0.253,99.52,99.52,82.94,80.0,0.055,2022300160,2025-08-10T09:51:31.906725,BoxScoreAdvancedV3,
2022300160,1612709927,Wisconsin,Herd,WIS,herd,1630828.0,Alex,Antetokounmpo,A. Antetokounmpo,alex-antetokounmpo,,,,20:03,86.8,86.8,146.2,146.2,-59.3,-59.3,0.0,0.0,0.0,0.0,0.0,0.0,0.0,0.0,0.0,0.091,0.091,92.17,92.17,76.81,38.0,-0.067,2022300160,2025-08-10T09:51:31.906725,BoxScoreAdvancedV3,
2022300160,1612709927,Wisconsin,Herd,WIS,herd,1631166.0,Drew,Timme,D. Timme,drew-timme,,,,18:00,92.3,92.3,116.2,116.2,-23.9,-23.9,0.25,2.0,18.2,0.091,0.1,0.095,9.1,0.688,0.688,0.205,0.205,101.33,101.33,84.44,39.0,0.142,2022300160,2025-08-10T09:51:31.906725,BoxScoreAdvancedV3,
2022300160,1612709927,Wisconsin,Herd,WIS,herd,1630190.0,Elijah,Hughes,E. Hughes,elijah-hughes,,,,10:33,63.6,63.6,119.0,119.0,-55.4,-55.4,0.25,1.0,16.7,0.0,0.071,0.033,16.7,0.0,0.301,0.2,0.2,97.82,97.82,81.52,22.0,-0.075,2022300160,2025-08-10T09:51:31.906725,BoxScoreAdvancedV3,
2022300160,1612709927,Wisconsin,Herd,WIS,herd,1642099.0,Isiaih,Mosley,I. Mosley,isiaih-mosley,,,,5:47,61.5,61.5,114.3,114.3,-52.7,-52.7,0.0,0.0,0.0,0.0,0.0,0.0,0.0,0.0,0.0,0.133,0.133,112.05,112.05,93.37,13.0,-0.176,2022300160,2025-08-10T09:51:31.906725,BoxScoreAdvancedV3,
2022300160,1612709927,Wisconsin,Herd,WIS,herd,1629808.0,Stephen,Thompson,S. Thompson,stephen-thompson,,,,21:23,97.9,97.9,113.0,113.0,-15.2,-15.2,0.364,0.0,26.7,0.071,0.333,0.192,0.0,0.682,0.699,0.204,0.204,104.38,104.38,86.98,47.0,0.279,2022300160,2025-08-10T09:51:31.906725,BoxScoreAdvancedV3,
2022300160,1612709927,Wisconsin,Herd,WIS,herd,1641869.0,Malachi,Smith,M. Smith,malachi-smith,,,,12:20,96.4,96.4,103.7,103.7,-7.3,-7.3,0.0,0.0,0.0,0.0,0.143,0.069,20.0,0.25,0.25,0.156,0.156,107.03,107.03,89.19,28.0,0.021,2022300160,2025-08-10T09:51:31.906725,BoxScoreAdvancedV3,
2022300160,1612709927,Wisconsin,Herd,WIS,herd,1642128.0,Kihei,Clark,K. Clark,kihei-clark,,DND - Injury/Illness,,,0.0,0.0,0.0,0.0,0.0,0.0,0.0,0.0,0.0,0.0,0.0,0.0,0.0,0.0,0.0,0.0,0.0,0.0,0.0,0.0,0.0,0.0,2022300160,2025-08-10T09:51:31.906725,BoxScoreAdvancedV3,
2022300160,1612709927,Wisconsin,Herd,WIS,herd,,,,,,,,,240:00,545.9,109.2,631.3,126.3,-85.4,-17.1,0.595,1.79,18.2,0.275,0.708,0.485,14.3,0.523,0.566,1.0,0.991,19.7,98.5,82.08,98.0,0.433,2022300160,2025-08-10T09:51:31.906725,BoxScoreAdvancedV3,14.286
2022300160,1612709913,Birmingham,Squadron,BHM,squadron,,,,,,,,,240:00,631.3,126.3,545.9,109.2,85.4,17.1,0.591,2.17,18.7,0.292,0.725,0.515,12.1,0.597,0.661,1.0,0.973,19.7,98.5,82.08,99.0,0.567,2022300160,2025-08-10T09:51:31.906725,BoxScoreAdvancedV3,12.121
2022300085,1612709909,Delaware,Blue Coats,DEL,blue-coats,1641741.0,Ricky,Council IV,R. Council IV,ricky-council-iv,F,,,35:20,111.7,111.7,109.0,109.0,2.7,2.7,0.1,1.0,7.1,0.114,0.133,0.125,7.1,0.625,0.653,0.302,0.302,105.28,105.28,87.74,77.0,0.179,2022300085,2025-08-10T09:52:07.315306,BoxScoreAdvancedV3,
2022300085,1612709909,Delaware,Blue Coats,DEL,blue-coats,1631254.0,Kenneth,Lofton Jr.,K. Lofton Jr.,kenneth-lofton-jr,F,,,24:13,122.4,122.4,114.0,114.0,8.4,8.4,0.417,0.0,20.0,0.038,0.259,0.151,0.0,0.733,0.747,0.345,0.345,98.11,98.11,81.76,49.0,0.303,2022300085,2025-08-10T09:52:07.315306,BoxScoreAdvancedV3,
2022300085,1612709909,Delaware,Blue Coats,DEL,blue-coats,1629647.0,Darius,Bazley,D. Bazley,darius-bazley,C,,,35:57,104.9,104.9,100.0,100.0,4.9,4.9,0.259,1.75,29.2,0.0,0.12,0.073,16.7,0.444,0.58,0.198,0.198,108.15,108.15,90.13,81.0,0.125,2022300085,2025-08-10T09:52:07.315306,BoxScoreAdvancedV3,
2022300085,1612709909,Delaware,Blue Coats,DEL,blue-coats,1630606.0,Javonte,Smart,J. Smart,javonte-smart,G,,,32:19,121.7,121.7,109.7,109.7,12.0,12.0,0.194,6.0,42.9,0.0,0.026,0.014,7.1,0.0,0.067,0.103,0.103,104.71,104.71,87.26,69.0,-0.007,2022300085,2025-08-10T09:52:07.315306,BoxScoreAdvancedV3,
2022300085,1612709909,Delaware,Blue Coats,DEL,blue-coats,1629600.0,Jarron,Cumberland,J. Cumberland,jarron-cumberland,G,,,29:13,109.4,109.4,95.3,95.3,14.1,14.1,0.087,2.0,22.2,0.037,0.175,0.119,11.1,0.4,0.551,0.101,0.101,105.15,105.15,87.62,64.0,0.097,2022300085,2025-08-10T09:52:07.315306,BoxScoreAdvancedV3,
2022300085,1612709909,Delaware,Blue Coats,DEL,blue-coats,1631173.0,Terquavion,Smith,T. Smith,terquavion-smith,,,,28:03,114.1,114.1,107.8,107.8,6.3,6.3,0.048,1.0,5.6,0.043,0.054,0.05,5.6,0.75,0.84,0.258,0.258,109.52,109.52,91.27,64.0,0.163,2022300085,2025-08-10T09:52:07.315306,BoxScoreAdvancedV3,
2022300085,1612709909,Delaware,Blue Coats,DEL,blue-coats,1628982.0,Melvin,Frazier Jr.,M. Frazier Jr.,melvin-frazier-jr,,,,18:10,100.0,100.0,115.8,115.8,-15.8,-15.8,0.0,0.0,0.0,0.056,0.043,0.049,0.0,0.8,0.735,0.146,0.146,100.4,100.4,83.67,38.0,0.08,2022300085,2025-08-10T09:52:07.315306,BoxScoreAdvancedV3,
2022300085,1612709909,Delaware,Blue Coats,DEL,blue-coats,1630288.0,Jeff,Dowtin Jr.,J. Dowtin Jr.,jeff-dowtin-jr,,,,18:21,97.7,97.7,93.2,93.2,4.5,4.5,0.214,1.5,30.0,0.0,0.148,0.093,20.0,0.9,0.9,0.152,0.152,115.1,115.1,95.91,44.0,0.165,2022300085,2025-08-10T09:52:07.315306,BoxScoreAdvancedV3,
2022300085,1612709909,Delaware,Blue Coats,DEL,blue-coats,1628876.0,Jared,Brownridge,J. Brownridge,jared-brownridge,,,,12:05,140.0,140.0,126.9,126.9,13.1,13.1,0.0,0.0,0.0,0.083,0.0,0.042,0.0,0.0,0.0,0.065,0.065,101.3,101.3,84.41,25.0,-0.041,2022300085,2025-08-10T09:52:07.315306,BoxScoreAdvancedV3,
2022300085,1612709909,Delaware,Blue Coats,DEL,blue-coats,1630542.0,Marcus,Bagley,M. Bagley,marcus-bagley,,,,4:43,109.1,109.1,136.4,136.4,-27.3,-27.3,0.0,0.0,0.0,0.0,0.0,0.0,0.0,0.0,0.0,0.083,0.083,111.94,111.94,93.29,11.0,-0.095,2022300085,2025-08-10T09:52:07.315306,BoxScoreAdvancedV3,
2022300085,1612709909,Delaware,Blue Coats,DEL,blue-coats,1630358.0,Chris,Clarke,C. Clarke,chris-clarke,,,,1:36,133.3,133.3,125.0,125.0,8.3,8.3,0.0,0.0,0.0,0.0,0.0,0.0,0.0,0.0,0.0,0.0,0.0,105.0,105.0,87.5,3.0,-0.364,2022300085,2025-08-10T09:52:07.315306,BoxScoreAdvancedV3,
2022300085,1612709909,Delaware,Blue Coats,DEL,blue-coats,1631198.0,Aminu,Mohammed,A. Mohammed,aminu-mohammed,,DNP - Coach's Decision,,,0.0,0.0,0.0,0.0,0.0,0.0,0.0,0.0,0.0,0.0,0.0,0.0,0.0,0.0,0.0,0.0,0.0,0.0,0.0,0.0,0.0,0.0,2022300085,2025-08-10T09:52:07.315306,BoxScoreAdvancedV3,
2022300085,1612709929,College Park,Skyhawks,CPS,skyhawks,1641934.0,David,Singleton,D. Singleton,david-singleton,F,,,30:31,102.9,102.9,121.7,121.7,-18.9,-18.9,0.043,0.5,9.1,0.0,0.087,0.032,18.2,0.563,0.563,0.122,0.122,109.32,109.32,91.1,70.0,0.022,2022300085,2025-08-10T09:52:07.315306,BoxScoreAdvancedV3,
2022300085,1612709929,College Park,Skyhawks,CPS,skyhawks,1629735.0,Chris,Silva,C. Silva,chris-silva,F,,,32:31,108.6,108.6,102.9,102.9,5.7,5.7,0.278,1.0,16.1,0.125,0.441,0.27,16.1,0.639,0.727,0.313,0.313,102.59,102.59,85.49,70.0,0.306,2022300085,2025-08-10T09:52:07.315306,BoxScoreAdvancedV3,
2022300085,1612709929,College Park,Skyhawks,CPS,skyhawks,1641936.0,Miles,Norris,M. Norris,miles-norris,C,,,28:39,101.6,101.6,119.4,119.4,-17.8,-17.8,0.105,0.0,14.3,0.027,0.1,0.06,0.0,0.333,0.333,0.164,0.164,104.71,104.71,87.26,63.0,0.053,2022300085,2025-08-10T09:52:07.315306,BoxScoreAdvancedV3,
2022300085,1612709929,College Park,Skyhawks,CPS,skyhawks,1631413.0,Trey,McGowens,T. McGowens,trey-mcgowens,G,,,23:31,115.7,115.7,109.8,109.8,5.9,5.9,0.222,2.0,21.1,0.036,0.08,0.057,10.5,0.273,0.446,0.259,0.259,104.1,104.1,86.75,51.0,0.065,2022300085,2025-08-10T09:52:07.315306,BoxScoreAdvancedV3,
2022300085,1612709929,College Park,Skyhawks,CPS,skyhawks,1641935.0,Jarkel,Joiner,J. Joiner,jarkel-joiner,G,,,38:52,107.1,107.1,114.3,114.3,-7.1,-7.1,0.077,2.0,9.1,0.0,0.051,0.022,4.5,0.528,0.583,0.198,0.198,103.74,103.74,86.45,84.0,0.08,2022300085,2025-08-10T09:52:07.315306,BoxScoreAdvancedV3,
2022300085,1612709929,College Park,Skyhawks,CPS,skyhawks,1629801.0,Brandon,Randolph,B. Randolph,brandon-randolph,,,,40:45,116.5,116.5,112.4,112.4,4.1,4.1,0.111,2.0,15.4,0.0,0.077,0.034,7.7,0.412,0.48,0.202,0.202,106.01,106.01,88.34,91.0,0.049,2022300085,2025-08-10T09:52:07.315306,BoxScoreAdvancedV3,
2022300085,1612709929,College Park,Skyhawks,CPS,skyhawks,1642045.0,Devon,Higgs,D. Higgs,devon-higgs,,,,19:38,110.0,110.0,124.4,124.4,-14.4,-14.4,0.176,0.0,60.0,0.042,0.176,0.098,0.0,1.0,1.389,0.043,0.043,99.02,99.02,82.51,40.0,0.085,2022300085,2025-08-10T09:52:07.315306,BoxScoreAdvancedV3,
2022300085,1612709929,College Park,Skyhawks,CPS,skyhawks,1630312.0,Robert,Baker,R. Baker,robert-baker,,,,25:33,100.0,100.0,100.0,100.0,0.0,0.0,0.105,0.0,11.1,0.162,0.13,0.15,0.0,0.375,0.375,0.219,0.219,109.9,109.9,91.59,59.0,0.072,2022300085,2025-08-10T09:52:07.315306,BoxScoreAdvancedV3,
2022300085,1612709929,College Park,Skyhawks,CPS,skyhawks,,,,,,,,,240:00,548.1,109.6,567.3,113.5,-19.2,-3.8,0.523,1.92,15.6,0.344,0.761,0.523,11.5,0.46,0.528,1.0,0.992,20.8,104.0,86.67,104.0,0.437,2022300085,2025-08-10T09:52:07.315306,BoxScoreAdvancedV3,11.538
2022300085,1612709909,Delaware,Blue Coats,DEL,blue-coats,,,,,,,,,240:00,567.3,113.5,548.1,109.6,19.2,3.8,0.578,2.0,18.4,0.239,0.656,0.477,12.5,0.584,0.637,1.0,0.965,20.8,104.0,86.67,104.0,0.563,2022300085,2025-08-10T09:52:07.315306,BoxScoreAdvancedV3,12.5
