gameId,teamId,teamCity,teamName,teamTricode,teamSlug,personId,firstName,familyName,nameI,playerSlug,position,comment,jerseyNum,minutes,estimatedOffensiveRating,offensiveRating,estimatedDefensiveRating,defensiveRating,estimatedNetRating,netRating,assistPercentage,assistToTurnover,assistRatio,offensiveReboundPercentage,defensiveReboundPercentage,reboundPercentage,turnoverRatio,effectiveFieldGoalPercentage,trueShootingPercentage,usagePercentage,estimatedUsagePercentage,estimatedPace,pace,pacePer40,possessions,PIE,source_game_id,collection_timestamp,estimatedTeamTurnoverPercentage
2022400370,1612709904,Sioux Falls,Skyforce,SXF,skyforce,1630528.0,Josh,Christopher,J. Christopher,josh-christopher,F,,,36:39,119.5,119.5,117.3,117.3,2.2,2.2,0.214,1.0,18.2,0.03,0.103,0.069,18.2,0.7,0.718,0.3,0.3,106.74,106.74,88.95,82.0,0.132,2022400370,2025-08-10T09:32:47.115660,
2022400370,1612709904,Sioux Falls,Skyforce,SXF,skyforce,1629642.0,Nassir,Little,N. Little,nassir-little,F,,,30:34,122.7,122.7,113.2,113.2,9.5,9.5,0.174,2.0,19.0,0.083,0.059,0.069,9.5,0.714,0.762,0.239,0.239,105.21,105.21,87.68,66.0,0.125,2022400370,2025-08-10T09:32:47.115660,
2022400370,1612709904,Sioux Falls,Skyforce,SXF,skyforce,1642013.0,Malik,Williams,M. Williams,malik-williams,C,,,29:43,121.5,121.5,115.2,115.2,6.4,6.4,0.038,1.0,8.3,0.063,0.296,0.169,8.3,0.5,0.644,0.149,0.149,105.8,105.8,88.17,65.0,0.107,2022400370,2025-08-10T09:32:47.115660,
2022400370,1612709904,Sioux Falls,Skyforce,SXF,skyforce,1631214.0,Alondes,Williams,A. Williams,alondes-williams,G,,,34:37,119.2,119.2,115.6,115.6,3.6,3.6,0.107,0.75,11.1,0.034,0.111,0.077,14.8,0.528,0.503,0.286,0.286,107.46,107.46,89.55,78.0,0.066,2022400370,2025-08-10T09:32:47.115660,
2022400370,1612709904,Sioux Falls,Skyforce,SXF,skyforce,1641985.0,Bryson,Warren,B. Warren,bryson-warren,G,,,40:44,124.7,124.7,118.0,118.0,6.7,6.7,0.222,4.0,28.6,0.051,0.027,0.039,7.1,0.667,0.667,0.198,0.198,104.88,104.88,87.4,89.0,0.107,2022400370,2025-08-10T09:32:47.115660,
2022400370,1612709904,Sioux Falls,Skyforce,SXF,skyforce,1642550.0,Xavier,Johnson,X. Johnson,xavier-johnson,,,,19:29,82.9,82.9,126.8,126.8,-43.9,-43.9,0.143,1.0,28.6,0.048,0.0,0.029,28.6,0.0,0.0,0.102,0.102,101.01,101.01,84.17,41.0,-0.033,2022400370,2025-08-10T09:32:47.115660,
2022400370,1612709904,Sioux Falls,Skyforce,SXF,skyforce,1642514.0,Warren,Washington,W. Washington,warren-washington,,,,18:17,97.6,97.6,123.1,123.1,-25.5,-25.5,0.063,0.0,33.3,0.077,0.278,0.194,0.0,1.0,1.0,0.044,0.044,105.01,105.01,87.51,41.0,0.134,2022400370,2025-08-10T09:32:47.115660,
2022400370,1612709904,Sioux Falls,Skyforce,SXF,skyforce,1641915.0,Caleb,Daniels,C. Daniels,caleb-daniels,,,,22:23,85.7,85.7,123.9,123.9,-38.2,-38.2,0.0,0.0,0.0,0.037,0.125,0.07,37.5,0.6,0.6,0.136,0.136,101.86,101.86,84.88,49.0,0.038,2022400370,2025-08-10T09:32:47.115660,
2022400370,1612709904,Sioux Falls,Skyforce,SXF,skyforce,1642628.0,Christian,Brown,C. Brown,christian-brown,,,,7:34,100.0,100.0,123.5,123.5,-23.5,-23.5,0.0,0.0,0.0,0.0,0.25,0.091,0.0,0.0,0.532,0.15,0.15,107.84,107.84,89.87,17.0,0.029,2022400370,2025-08-10T09:32:47.115660,
2022400370,1612709904,Sioux Falls,Skyforce,SXF,skyforce,1642552.0,Tyler,Polley,T. Polley,tyler-polley,,DNP - Coach's Decision,,,0.0,0.0,0.0,0.0,0.0,0.0,0.0,0.0,0.0,0.0,0.0,0.0,0.0,0.0,0.0,0.0,0.0,0.0,0.0,0.0,0.0,0.0,2022400370,2025-08-10T09:32:47.115660,
2022400370,1612709904,Sioux Falls,Skyforce,SXF,skyforce,203503.0,Tony,Snell,T. Snell,tony-snell,,DNP - Coach's Decision,,,0.0,0.0,0.0,0.0,0.0,0.0,0.0,0.0,0.0,0.0,0.0,0.0,0.0,0.0,0.0,0.0,0.0,0.0,0.0,0.0,0.0,0.0,2022400370,2025-08-10T09:32:47.115660,
2022400370,1612709908,Rio Grande Valley,Vipers,RGV,vipers,1631257.0,Jermaine,Samuels Jr.,J. Samuels Jr.,jermaine-samuels-jr,F,,,35:29,112.8,112.8,127.5,127.5,-14.7,-14.7,0.13,1.5,15.8,0.0,0.147,0.074,10.5,0.75,0.676,0.186,0.186,106.87,106.87,89.06,78.0,0.103,2022400370,2025-08-10T09:32:47.115660,
2022400370,1612709908,Rio Grande Valley,Vipers,RGV,vipers,1629098.0,Jack,McVeigh,J. McVeigh,jack-mcveigh,F,,,29:26,113.8,113.8,122.7,122.7,-8.9,-8.9,0.048,0.5,5.6,0.0,0.133,0.068,11.1,0.423,0.508,0.236,0.236,106.82,106.82,89.01,65.0,0.058,2022400370,2025-08-10T09:32:47.115660,
2022400370,1612709908,Rio Grande Valley,Vipers,RGV,vipers,1642368.0,N'Faly,Dante,N. Dante,nfaly-dante,C,,,21:45,108.3,108.3,100.0,100.0,8.3,8.3,0.0,0.0,0.0,0.217,0.4,0.289,0.0,0.889,0.889,0.155,0.155,107.03,107.03,89.2,48.0,0.227,2022400370,2025-08-10T09:32:47.115660,
2022400370,1612709908,Rio Grande Valley,Vipers,RGV,vipers,1630227.0,Daishen,Nix,D. Nix,daishen-nix,G,,,34:30,116.9,116.9,120.5,120.5,-3.6,-3.6,0.429,2.0,41.4,0.056,0.161,0.104,20.7,0.688,0.893,0.193,0.193,107.83,107.83,89.86,77.0,0.16,2022400370,2025-08-10T09:32:47.115660,
2022400370,1612709908,Rio Grande Valley,Vipers,RGV,vipers,1641999.0,John,Knight III,J. Knight III,john-knight-iii,G,,,28:28,95.2,95.2,116.4,116.4,-21.2,-21.2,0.05,0.5,12.5,0.091,0.12,0.103,25.0,0.4,0.4,0.097,0.097,103.7,103.7,86.42,62.0,0.037,2022400370,2025-08-10T09:32:47.115660,
2022400370,1612709908,Rio Grande Valley,Vipers,RGV,vipers,1642591.0,Jeremy,Jones,J. Jones,jeremy-jones,,,,25:57,142.1,142.1,100.0,100.0,42.1,42.1,0.074,2.0,18.2,0.059,0.0,0.022,9.1,0.688,0.688,0.145,0.145,104.51,104.51,87.09,57.0,0.069,2022400370,2025-08-10T09:32:47.115660,
2022400370,1612709908,Rio Grande Valley,Vipers,RGV,vipers,1641806.0,Markquis,Nowell,M. Nowell,markquis-nowell,,,,25:39,136.4,136.4,82.1,82.1,54.2,54.2,0.391,4.5,39.1,0.05,0.1,0.08,8.7,0.682,0.715,0.226,0.226,103.86,103.86,86.55,55.0,0.185,2022400370,2025-08-10T09:32:47.115660,
2022400370,1612709908,Rio Grande Valley,Vipers,RGV,vipers,1629729.0,Josh,Reaves,J. Reaves,josh-reaves,,,,8:44,121.1,121.1,85.0,85.0,36.1,36.1,0.1,0.5,33.3,0.0,0.0,0.0,66.7,0.0,0.0,0.091,0.091,107.18,107.18,89.31,19.0,-0.059,2022400370,2025-08-10T09:32:47.115660,
2022400370,1612709908,Rio Grande Valley,Vipers,RGV,vipers,1642592.0,Teddy,Allen,T. Allen,teddy-allen,,,,20:29,123.3,123.3,106.7,106.7,16.6,16.6,0.267,4.0,19.0,0.111,0.067,0.091,4.8,0.625,0.625,0.34,0.34,103.11,103.11,85.92,43.0,0.184,2022400370,2025-08-10T09:32:47.115660,
2022400370,1612709908,Rio Grande Valley,Vipers,RGV,vipers,1642516.0,Kevin,"Cross, Jr.","K. Cross, Jr.","kevin-cross,-jr",,,,9:33,113.6,113.6,147.6,147.6,-34.0,-34.0,0.0,0.0,0.0,0.0,0.111,0.059,12.5,0.286,0.286,0.333,0.333,108.06,108.06,90.05,22.0,-0.033,2022400370,2025-08-10T09:32:47.115660,
2022400370,1612709908,Rio Grande Valley,Vipers,RGV,vipers,,,,,,,,,240:00,596.2,119.2,566.7,113.3,29.5,5.9,0.702,1.74,21.9,0.311,0.689,0.5,18.3,0.618,0.649,1.0,0.983,20.9,104.5,87.08,104.0,0.539,2022400370,2025-08-10T09:32:47.115660,18.269
2022400370,1612709904,Sioux Falls,Skyforce,SXF,skyforce,,,,,,,,,240:00,566.7,113.3,596.2,119.2,-29.5,-5.9,0.521,1.25,17.5,0.311,0.689,0.5,19.0,0.612,0.637,1.0,0.992,20.9,104.5,87.08,105.0,0.461,2022400370,2025-08-10T09:32:47.115660,19.048
2022300370,1612709932,Motor City,Cruise,MCC,cruise,1641787.0,Tosan,Evbuomwan,T. Evbuomwan,tosan-evbuomwan,F,,,26:55,83.3,83.3,125.5,125.5,-42.1,-42.1,0.308,1.0,25.0,0.0,0.214,0.115,25.0,0.438,0.438,0.214,0.214,97.19,97.19,80.99,54.0,0.084,2022300370,2025-08-10T09:32:59.010392,
2022300370,1612709932,Motor City,Cruise,MCC,cruise,1630649.0,Stanley,Umude,S. Umude,stanley-umude,F,,,33:48,89.9,89.9,124.6,124.6,-34.8,-34.8,0.067,1.0,5.3,0.0,0.206,0.104,5.3,0.471,0.487,0.247,0.247,97.99,97.99,81.66,69.0,0.08,2022300370,2025-08-10T09:32:59.010392,
2022300370,1612709932,Motor City,Cruise,MCC,cruise,1630233.0,Nathan,Knight,N. Knight,nathan-knight,C,,,37:04,97.4,97.4,106.6,106.6,-9.2,-9.2,0.167,2.0,18.2,0.0,0.158,0.083,9.1,0.364,0.682,0.22,0.22,98.42,98.42,82.01,76.0,0.119,2022300370,2025-08-10T09:32:59.010392,
2022300370,1612709932,Motor City,Cruise,MCC,cruise,1631197.0,Jared,Rhoden,J. Rhoden,jared-rhoden,G,,,36:13,88.0,88.0,116.2,116.2,-28.2,-28.2,0.067,0.33,4.5,0.0,0.132,0.067,13.6,0.639,0.639,0.263,0.263,98.74,98.74,82.28,75.0,0.104,2022300370,2025-08-10T09:32:59.010392,
2022300370,1612709932,Motor City,Cruise,MCC,cruise,1630285.0,Zavier,Simpson,Z. Simpson,zavier-simpson,G,,,35:36,101.4,101.4,104.2,104.2,-2.8,-2.8,0.348,8.0,44.4,0.0,0.135,0.07,5.6,0.444,0.444,0.13,0.13,96.4,96.4,80.34,72.0,0.107,2022300370,2025-08-10T09:32:59.010392,
2022300370,1612709932,Motor City,Cruise,MCC,cruise,1642045.0,Devon,Higgs,D. Higgs,devon-higgs,,,,25:10,140.0,140.0,126.5,126.5,13.5,13.5,0.0,0.0,0.0,0.063,0.056,0.059,66.7,1.5,1.5,0.056,0.056,94.41,94.41,78.68,50.0,0.0,2022300370,2025-08-10T09:32:59.010392,
2022300370,1612709932,Motor City,Cruise,MCC,cruise,1631205.0,Buddy,Boeheim,B. Boeheim,buddy-boeheim,,,,27:58,114.0,114.0,125.0,125.0,-11.0,-11.0,0.167,3.0,18.8,0.0,0.167,0.083,6.3,0.727,0.787,0.217,0.217,96.97,96.97,80.81,57.0,0.144,2022300370,2025-08-10T09:32:59.010392,
2022300370,1612709932,Motor City,Cruise,MCC,cruise,1628532.0,ShawnDre,Jones,S. Jones,shawndre-jones,,,,12:24,104.0,104.0,157.7,157.7,-53.7,-53.7,0.2,0.0,50.0,0.0,0.0,0.0,0.0,0.0,0.0,0.077,0.077,98.71,98.71,82.26,25.0,-0.016,2022300370,2025-08-10T09:32:59.010392,
2022300370,1612709932,Motor City,Cruise,MCC,cruise,1642071.0,Sam,Peek,S. Peek,sam-peek,,,,2:26,175.0,175.0,75.0,75.0,100.0,100.0,0.0,0.0,0.0,0.0,0.0,0.0,0.0,1.0,1.0,0.25,0.25,78.9,78.9,65.75,4.0,0.167,2022300370,2025-08-10T09:32:59.010392,
2022300370,1612709932,Motor City,Cruise,MCC,cruise,1631208.0,Ryan,Turell,R. Turell,ryan-turell,,,,2:26,175.0,175.0,75.0,75.0,100.0,100.0,0.0,0.0,0.0,0.0,0.0,0.0,0.0,1.5,1.5,0.25,0.25,78.9,78.9,65.75,4.0,0.25,2022300370,2025-08-10T09:32:59.010392,
2022300370,1612709932,Motor City,Cruise,MCC,cruise,1631384.0,Jayce,Johnson,J. Johnson,jayce-johnson,,DND - Injury/Illness,,,0.0,0.0,0.0,0.0,0.0,0.0,0.0,0.0,0.0,0.0,0.0,0.0,0.0,0.0,0.0,0.0,0.0,0.0,0.0,0.0,0.0,0.0,2022300370,2025-08-10T09:32:59.010392,
2022300370,1612709928,Capital City,Go-Go,CCG,go-go,1628977.0,Hamidou,Diallo,H. Diallo,hamidou-diallo,F,,,31:11,104.9,104.9,91.9,91.9,13.0,13.0,0.063,1.0,5.6,0.067,0.333,0.2,5.6,0.567,0.63,0.254,0.254,94.67,94.67,78.89,61.0,0.195,2022300370,2025-08-10T09:32:59.010392,
2022300370,1612709928,Capital City,Go-Go,CCG,go-go,1641917.0,Taylor,Funk,T. Funk,taylor-funk,F,,,27:11,131.0,131.0,91.2,91.2,39.8,39.8,0.182,0.0,36.4,0.0,0.182,0.082,0.0,0.643,0.643,0.113,0.113,101.53,101.53,84.61,58.0,0.122,2022300370,2025-08-10T09:32:59.010392,
2022300370,1612709928,Capital City,Go-Go,CCG,go-go,1641868.0,Jake,Stephens,J. Stephens,jake-stephens,C,,,33:51,97.1,97.1,104.3,104.3,-7.3,-7.3,0.158,3.0,18.8,0.032,0.25,0.143,6.3,0.636,0.699,0.183,0.183,97.13,97.13,80.95,68.0,0.143,2022300370,2025-08-10T09:32:59.010392,
2022300370,1612709928,Capital City,Go-Go,CCG,go-go,1629653.0,Devon,Dotson,D. Dotson,devon-dotson,G,,,35:31,102.8,102.8,102.8,102.8,0.0,0.0,0.19,4.0,20.0,0.0,0.118,0.059,5.0,0.464,0.519,0.208,0.208,97.31,97.31,81.09,72.0,0.087,2022300370,2025-08-10T09:32:59.010392,
2022300370,1612709928,Capital City,Go-Go,CCG,go-go,1631262.0,Jules,Bernard,J. Bernard,jules-bernard,G,,,28:04,91.2,91.2,100.0,100.0,-8.8,-8.8,0.111,1.0,14.3,0.037,0.08,0.058,14.3,0.278,0.371,0.2,0.2,96.63,96.63,80.52,57.0,0.027,2022300370,2025-08-10T09:32:59.010392,
2022300370,1612709928,Capital City,Go-Go,CCG,go-go,1630181.0,R.J.,Hampton,R. Hampton,rj-hampton,,,,34:46,129.4,129.4,117.4,117.4,12.0,12.0,0.19,0.0,21.1,0.0,0.069,0.034,0.0,0.846,1.047,0.197,0.197,94.57,94.57,78.81,68.0,0.199,2022300370,2025-08-10T09:32:59.010392,
2022300370,1612709928,Capital City,Go-Go,CCG,go-go,1631293.0,Davion,Mintz,D. Mintz,davion-mintz,,,,15:54,161.3,161.3,100.0,100.0,61.3,61.3,0.231,1.5,30.0,0.0,0.154,0.077,20.0,0.7,0.7,0.2,0.2,95.09,95.09,79.25,31.0,0.097,2022300370,2025-08-10T09:32:59.010392,
2022300370,1612709928,Capital City,Go-Go,CCG,go-go,1631219.0,John,Butler Jr.,J. Butler Jr.,john-butler-jr,,,,17:01,145.7,145.7,102.9,102.9,42.8,42.8,0.077,0.0,9.1,0.056,0.154,0.097,0.0,0.5,0.661,0.244,0.244,97.32,97.32,81.1,35.0,0.097,2022300370,2025-08-10T09:32:59.010392,
2022300370,1612709928,Capital City,Go-Go,CCG,go-go,1628539.0,Mychal,Mulder,M. Mulder,mychal-mulder,,,,16:31,158.8,158.8,105.9,105.9,52.9,52.9,0.118,0.0,40.0,0.0,0.083,0.036,0.0,0.0,0.0,0.075,0.075,98.81,98.81,82.34,34.0,0.0,2022300370,2025-08-10T09:32:59.010392,
2022300370,1612709928,Capital City,Go-Go,CCG,go-go,1641914.0,Chase,Audige,C. Audige,chase-audige,,DNP - Coach's Decision,,,0.0,0.0,0.0,0.0,0.0,0.0,0.0,0.0,0.0,0.0,0.0,0.0,0.0,0.0,0.0,0.0,0.0,0.0,0.0,0.0,0.0,0.0,2022300370,2025-08-10T09:32:59.010392,
2022300370,1612709928,Capital City,Go-Go,CCG,go-go,1630701.0,Michael,Foster Jr.,M. Foster Jr.,michael-foster-jr,,DND - Injury/Illness,,,0.0,0.0,0.0,0.0,0.0,0.0,0.0,0.0,0.0,0.0,0.0,0.0,0.0,0.0,0.0,0.0,0.0,0.0,0.0,0.0,0.0,0.0,2022300370,2025-08-10T09:32:59.010392,
2022300370,1612709928,Capital City,Go-Go,CCG,go-go,,,,,,,,,240:00,599.0,119.8,510.3,102.1,88.6,17.7,0.6,2.18,18.6,0.2,0.857,0.517,11.5,0.56,0.647,1.0,0.952,19.3,96.5,80.42,96.0,0.565,2022300370,2025-08-10T09:32:59.010392,11.458
2022300370,1612709932,Motor City,Cruise,MCC,cruise,,,,,,,,,240:00,510.3,102.1,599.0,119.8,-88.6,-17.7,0.622,1.53,18.3,0.143,0.8,0.483,15.5,0.544,0.603,1.0,0.961,19.3,96.5,80.42,97.0,0.435,2022300370,2025-08-10T09:32:59.010392,15.464
2022300410,1612709914,Stockton,Kings,STO,kings,1626169.0,Stanley,Johnson,S. Johnson,stanley-johnson,F,,,39:23,123.4,123.4,105.1,105.1,18.2,18.2,0.2,2.5,20.0,0.033,0.184,0.118,8.0,0.594,0.635,0.244,0.244,94.46,94.46,78.71,77.0,0.151,2022300410,2025-08-10T09:33:07.334477,
2022300410,1612709914,Stockton,Kings,STO,kings,1641771.0,Jalen,Slawson,J. Slawson,jalen-slawson,F,,,38:12,111.7,111.7,110.3,110.3,1.4,1.4,0.042,0.5,4.8,0.061,0.152,0.106,9.5,0.529,0.573,0.235,0.235,97.38,97.38,81.15,77.0,0.098,2022300410,2025-08-10T09:33:07.334477,
2022300410,1612709914,Stockton,Kings,STO,kings,1629792.0,Gabe,Levin,G. Levin,gabe-levin,C,,,28:13,117.2,117.2,94.7,94.7,22.5,22.5,0.042,0.0,10.0,0.038,0.214,0.13,0.0,0.25,0.355,0.143,0.143,97.81,97.81,81.51,58.0,0.077,2022300410,2025-08-10T09:33:07.334477,
2022300410,1612709914,Stockton,Kings,STO,kings,1630222.0,Mason,Jones,M. Jones,mason-jones,G,,,40:05,117.5,117.5,101.3,101.3,16.3,16.3,0.393,3.67,37.9,0.03,0.1,0.068,10.3,0.615,0.779,0.207,0.207,95.8,95.8,79.83,80.0,0.173,2022300410,2025-08-10T09:33:07.334477,
2022300410,1612709914,Stockton,Kings,STO,kings,1630259.0,Jordan,Ford,J. Ford,jordan-ford,G,,,35:24,121.1,121.1,110.0,110.0,11.1,11.1,0.16,4.0,28.6,0.0,0.0,0.0,7.1,0.938,0.957,0.132,0.132,95.59,95.59,79.66,71.0,0.124,2022300410,2025-08-10T09:33:07.334477,
2022300410,1612709914,Stockton,Kings,STO,kings,1629669.0,Jaylen,Nowell,J. Nowell,jaylen-nowell,,,,21:28,102.1,102.1,110.6,110.6,-8.5,-8.5,0.083,0.33,6.3,0.0,0.143,0.071,18.8,0.625,0.625,0.283,0.283,105.09,105.09,87.58,47.0,0.114,2022300410,2025-08-10T09:33:07.334477,
2022300410,1612709914,Stockton,Kings,STO,kings,203498.0,Shabazz,Muhammad,S. Muhammad,shabazz-muhammad,,,,4:44,136.4,136.4,118.2,118.2,18.2,18.2,0.0,0.0,0.0,0.0,0.0,0.0,0.0,0.0,0.0,0.083,0.083,111.55,111.55,92.96,11.0,-0.034,2022300410,2025-08-10T09:33:07.334477,
2022300410,1612709914,Stockton,Kings,STO,kings,1628968.0,Brian,Bowen II,B. Bowen II,brian-bowen-ii,,,,2:42,100.0,100.0,137.5,137.5,-37.5,-37.5,0.0,0.0,0.0,0.0,1.0,0.2,0.0,0.0,0.0,0.0,0.0,133.33,133.33,111.11,7.0,0.056,2022300410,2025-08-10T09:33:07.334477,
2022300410,1612709914,Stockton,Kings,STO,kings,1631399.0,Jon,Elmore,J. Elmore,jon-elmore,,,,10:19,91.3,91.3,108.3,108.3,-17.0,-17.0,0.286,2.0,28.6,0.0,0.111,0.05,14.3,0.333,0.727,0.2,0.2,109.34,109.34,91.11,23.0,0.053,2022300410,2025-08-10T09:33:07.334477,
2022300410,1612709914,Stockton,Kings,STO,kings,1641863.0,Dane,Goodwin,D. Goodwin,dane-goodwin,,,,19:30,141.0,141.0,107.5,107.5,33.5,33.5,0.0,0.0,0.0,0.0,0.211,0.143,0.0,0.875,0.875,0.1,0.1,97.23,97.23,81.03,39.0,0.082,2022300410,2025-08-10T09:33:07.334477,
2022300410,1612709914,Stockton,Kings,STO,kings,1630806.0,Kalob,Ledoux,K. Ledoux,kalob-ledoux,,DNP - Coach's Decision,,,0.0,0.0,0.0,0.0,0.0,0.0,0.0,0.0,0.0,0.0,0.0,0.0,0.0,0.0,0.0,0.0,0.0,0.0,0.0,0.0,0.0,0.0,2022300410,2025-08-10T09:33:07.334477,
2022300410,1612709924,Ontario,Clippers,ONT,clippers,1630563.0,Joshua,Primo,J. Primo,joshua-primo,F,,,31:24,111.5,111.5,128.8,128.8,-17.3,-17.3,0.174,1.0,22.2,0.0,0.0,0.0,22.2,0.667,0.742,0.212,0.212,91.72,91.72,76.43,61.0,0.07,2022300410,2025-08-10T09:33:07.334477,
2022300410,1612709924,Ontario,Clippers,ONT,clippers,1641738.0,Kobe,Brown,K. Brown,kobe-brown,F,,,26:44,116.7,116.7,119.2,119.2,-2.6,-2.6,0.25,6.0,46.2,0.053,0.136,0.098,7.7,0.5,0.5,0.123,0.123,95.16,95.16,79.3,54.0,0.074,2022300410,2025-08-10T09:33:07.334477,
2022300410,1612709924,Ontario,Clippers,ONT,clippers,1631217.0,Moussa,Diabaté,M. Diabaté,moussa-diabaté,C,,,36:01,98.6,98.6,98.6,98.6,0.0,0.0,0.048,1.0,5.6,0.051,0.364,0.194,5.6,0.467,0.453,0.21,0.21,96.62,96.62,80.52,72.0,0.125,2022300410,2025-08-10T09:33:07.334477,
2022300410,1612709924,Ontario,Clippers,ONT,clippers,1641757.0,Jordan,Miller,J. Miller,jordan-miller,G,,,31:47,106.3,106.3,89.1,89.1,17.3,17.3,0.111,2.0,9.1,0.125,0.032,0.079,4.5,0.5,0.586,0.282,0.282,95.9,95.9,79.92,63.0,0.156,2022300410,2025-08-10T09:33:07.334477,
2022300410,1612709924,Ontario,Clippers,ONT,clippers,1629875.0,Xavier,Moon,X. Moon,xavier-moon,G,,,31:28,115.4,115.4,118.8,118.8,-3.4,-3.4,0.348,8.0,33.3,0.0,0.115,0.058,4.2,0.667,0.68,0.232,0.232,98.39,98.39,81.99,65.0,0.156,2022300410,2025-08-10T09:33:07.334477,
2022300410,1612709924,Ontario,Clippers,ONT,clippers,1628237.0,Josh,Hagins,J. Hagins,josh-hagins,,,,16:32,85.7,85.7,114.7,114.7,-29.0,-29.0,0.333,0.0,42.9,0.0,0.071,0.03,0.0,0.5,0.5,0.1,0.1,100.16,100.16,83.47,35.0,0.089,2022300410,2025-08-10T09:33:07.334477,
2022300410,1612709924,Ontario,Clippers,ONT,clippers,1629717.0,Armoni,Brooks,A. Brooks,armoni-brooks,,,,16:13,108.6,108.6,161.1,161.1,-52.5,-52.5,0.0,0.0,0.0,0.0,0.111,0.045,12.5,0.571,0.571,0.222,0.222,105.08,105.08,87.56,35.0,0.038,2022300410,2025-08-10T09:33:07.334477,
2022300410,1612709924,Ontario,Clippers,ONT,clippers,1641792.0,Joey,Hauser,J. Hauser,joey-hauser,,,,14:35,124.2,124.2,150.0,150.0,-25.8,-25.8,0.063,1.0,25.0,0.0,0.0,0.0,25.0,0.5,0.5,0.091,0.091,110.24,110.24,91.86,33.0,-0.02,2022300410,2025-08-10T09:33:07.334477,
2022300410,1612709924,Ontario,Clippers,ONT,clippers,1631258.0,Bryson,Williams,B. Williams,bryson-williams,,,,18:40,87.5,87.5,112.5,112.5,-25.0,-25.0,0.091,0.5,11.1,0.0,0.333,0.132,22.2,0.583,0.621,0.174,0.174,102.88,102.88,85.73,40.0,0.088,2022300410,2025-08-10T09:33:07.334477,
2022300410,1612709924,Ontario,Clippers,ONT,clippers,1630271.0,Brodric,Thomas,B. Thomas,brodric-thomas,,,,16:36,92.5,92.5,102.6,102.6,-10.1,-10.1,0.154,0.0,22.2,0.0,0.056,0.028,0.0,0.333,0.466,0.159,0.159,112.77,112.77,93.98,40.0,0.06,2022300410,2025-08-10T09:33:07.334477,
2022300410,1612709924,Ontario,Clippers,ONT,clippers,1641990.0,Keyshawn,Bryant,K. Bryant,keyshawn-bryant,,DNP - Coach's Decision,,,0.0,0.0,0.0,0.0,0.0,0.0,0.0,0.0,0.0,0.0,0.0,0.0,0.0,0.0,0.0,0.0,0.0,0.0,0.0,0.0,0.0,0.0,2022300410,2025-08-10T09:33:07.334477,
2022300410,1612709924,Ontario,Clippers,ONT,clippers,1642008.0,Nathan,Cayo,N. Cayo,nathan-cayo,,DNP - Coach's Decision,,,0.0,0.0,0.0,0.0,0.0,0.0,0.0,0.0,0.0,0.0,0.0,0.0,0.0,0.0,0.0,0.0,0.0,0.0,0.0,0.0,0.0,0.0,2022300410,2025-08-10T09:33:07.334477,
2022300410,1612709924,Ontario,Clippers,ONT,clippers,1641568.0,Djordije,Jovanovic,D. Jovanovic,djordije-jovanovic,,DNP - Coach's Decision,,,0.0,0.0,0.0,0.0,0.0,0.0,0.0,0.0,0.0,0.0,0.0,0.0,0.0,0.0,0.0,0.0,0.0,0.0,0.0,0.0,0.0,0.0,2022300410,2025-08-10T09:33:07.334477,
2022300410,1612709924,Ontario,Clippers,ONT,clippers,,,,,,,,,240:00,535.7,107.1,592.8,118.6,-57.1,-11.4,0.651,2.33,20.7,0.2,0.8,0.482,12.2,0.54,0.577,1.0,0.972,19.5,97.5,81.25,98.0,0.44,2022300410,2025-08-10T09:33:07.334477,12.245
2022300410,1612709914,Stockton,Kings,STO,kings,,,,,,,,,240:00,592.8,118.6,535.7,107.1,57.1,11.4,0.595,1.79,19.2,0.2,0.8,0.518,14.4,0.585,0.659,1.0,0.971,19.5,97.5,81.25,97.0,0.56,2022300410,2025-08-10T09:33:07.334477,14.433
1022100130,1611661330,Atlanta,Dream,ATL,dream,204325.0,Crystal,Bradford,C. Bradford,crystal-bradford,F,,,32:55,101.7,101.7,116.1,116.1,-14.5,-14.5,0.136,1.5,16.7,0.075,0.167,0.114,11.1,0.409,0.392,0.2,0.2,88.96,88.96,74.13,60.0,0.046,1022100130,2025-08-10T09:33:28.029095,
1022100130,1611661330,Atlanta,Dream,ATL,dream,200676.0,Candice,Dupree,C. Dupree,candice-dupree,F,,,36:22,89.9,89.9,101.5,101.5,-11.6,-11.6,0.045,1.0,7.7,0.0,0.216,0.098,7.7,0.545,0.545,0.141,0.141,89.74,89.74,74.79,69.0,0.146,1022100130,2025-08-10T09:33:28.029095,
1022100130,1611661330,Atlanta,Dream,ATL,dream,204322.0,Elizabeth,Williams,E. Williams,elizabeth-williams,C,,,21:04,100.0,100.0,104.5,104.5,-4.5,-4.5,0.143,1.0,22.2,0.208,0.05,0.136,22.2,1.0,0.846,0.132,0.132,100.22,100.22,83.52,44.0,0.136,1022100130,2025-08-10T09:33:28.029095,
1022100130,1611661330,Atlanta,Dream,ATL,dream,1627675.0,Courtney,Williams,C. Williams,courtney-williams,G,,,36:40,89.2,89.2,87.7,87.7,1.5,1.5,0.192,2.5,25.0,0.021,0.2,0.103,10.0,0.154,0.154,0.163,0.163,96.21,96.21,80.17,74.0,0.042,1022100130,2025-08-10T09:33:28.029095,
1022100130,1611661330,Atlanta,Dream,ATL,dream,203824.0,Odyssey,Sims,O. Sims,odyssey-sims,G,,,39:00,93.5,93.5,97.4,97.4,-3.9,-3.9,0.286,3.0,16.2,0.02,0.05,0.033,5.4,0.444,0.445,0.323,0.323,94.77,94.77,78.97,77.0,0.087,1022100130,2025-08-10T09:33:28.029095,
1022100130,1611661330,Atlanta,Dream,ATL,dream,203403.0,Tianna,Hawkins,T. Hawkins,tianna-hawkins,,,,8:16,75.0,75.0,78.9,78.9,-3.9,-3.9,0.0,0.0,0.0,0.091,0.333,0.2,42.9,0.25,0.25,0.292,0.292,113.13,113.13,94.28,20.0,-0.019,1022100130,2025-08-10T09:33:28.029095,
1022100130,1611661330,Atlanta,Dream,ATL,dream,1628881.0,Monique,Billings,M. Billings,monique-billings,,,,23:54,84.8,84.8,85.4,85.4,-0.6,-0.6,0.182,0.0,18.2,0.135,0.115,0.127,0.0,0.625,0.536,0.148,0.148,94.42,94.42,78.68,46.0,0.186,1022100130,2025-08-10T09:33:28.029095,
1022100130,1611661330,Atlanta,Dream,ATL,dream,1630462.0,Aari,McDonald,A. McDonald,aari-mcdonald,,,,16:25,77.1,77.1,97.1,97.1,-20.0,-20.0,0.1,1.0,11.1,0.04,0.0,0.026,11.1,0.167,0.342,0.182,0.182,102.36,102.36,85.3,35.0,-0.011,1022100130,2025-08-10T09:33:28.029095,
1022100130,1611661330,Atlanta,Dream,ATL,dream,203015.0,Shekinna,Stricklen,S. Stricklen,shekinna-stricklen,,,,10:23,58.3,58.3,45.5,45.5,12.9,12.9,0.0,0.0,0.0,0.0,0.071,0.034,0.0,0.25,0.25,0.138,0.138,106.26,106.26,88.55,24.0,-0.083,1022100130,2025-08-10T09:33:28.029095,
1022100130,1611661320,Los Angeles,Sparks,LAS,sparks,1628279.0,Brittney,Sykes,B. Sykes,brittney-sykes,F,,,40:20,97.5,97.5,87.7,87.7,9.8,9.8,0.2,2.5,20.8,0.049,0.036,0.042,8.3,0.471,0.475,0.207,0.207,95.21,95.21,79.34,79.0,0.093,1022100130,2025-08-10T09:33:28.029095,
1022100130,1611661320,Los Angeles,Sparks,LAS,sparks,203014.0,Nneka,Ogwumike,N. Ogwumike,nneka-ogwumike,F,,,37:38,100.0,100.0,89.2,89.2,10.8,10.8,0.36,9.0,50.0,0.0,0.188,0.106,5.6,0.857,0.825,0.107,0.107,94.38,94.38,78.65,74.0,0.204,1022100130,2025-08-10T09:33:28.029095,
1022100130,1611661320,Los Angeles,Sparks,LAS,sparks,204320.0,Amanda,Zahui B,A. Zahui B,amanda-zahui-b,C,,,24:19,112.8,112.8,95.7,95.7,17.1,17.1,0.25,2.0,20.0,0.042,0.194,0.127,10.0,0.5,0.5,0.286,0.286,91.8,91.8,76.5,47.0,0.146,1022100130,2025-08-10T09:33:28.029095,
1022100130,1611661320,Los Angeles,Sparks,LAS,sparks,201911.0,Kristi,Toliver,K. Toliver,kristi-toliver,G,,,38:40,95.9,95.9,94.7,94.7,1.3,1.3,0.115,3.0,15.8,0.025,0.02,0.022,5.3,0.3,0.346,0.188,0.188,92.48,92.48,77.07,74.0,0.035,1022100130,2025-08-10T09:33:28.029095,
1022100130,1611661320,Los Angeles,Sparks,LAS,sparks,204365.0,Erica,Wheeler,E. Wheeler,erica-wheeler,G,,,37:38,104.1,104.1,95.8,95.8,8.2,8.2,0.185,1.67,21.7,0.0,0.104,0.059,13.0,0.5,0.538,0.212,0.212,93.11,93.11,77.59,74.0,0.122,1022100130,2025-08-10T09:33:28.029095,
1022100130,1611661320,Los Angeles,Sparks,LAS,sparks,1630099.0,Te'a,Cooper,T. Cooper,tea-cooper,,,,13:20,62.1,62.1,61.3,61.3,0.8,0.8,0.125,1.0,14.3,0.0,0.0,0.0,14.3,0.0,0.0,0.188,0.188,108.0,108.0,90.0,29.0,-0.25,1022100130,2025-08-10T09:33:28.029095,
1022100130,1611661320,Los Angeles,Sparks,LAS,sparks,1628269.0,Nia,Coffey,N. Coffey,nia-coffey,,,,18:52,90.0,90.0,84.6,84.6,5.4,5.4,0.083,0.5,10.0,0.0,0.296,0.174,20.0,0.667,0.727,0.205,0.205,100.49,100.49,83.74,40.0,0.243,1022100130,2025-08-10T09:33:28.029095,
1022100130,1611661320,Los Angeles,Sparks,LAS,sparks,1630100.0,Lauren,Cox,L. Cox,lauren-cox,,,,14:13,70.4,70.4,93.1,93.1,-22.7,-22.7,0.2,0.5,16.7,0.125,0.211,0.171,33.3,0.667,0.667,0.161,0.161,94.54,94.54,78.78,27.0,0.209,1022100130,2025-08-10T09:33:28.029095,
1022100130,1611661320,Los Angeles,Sparks,LAS,sparks,1630441.0,Arella,Guirantes,A. Guirantes,arella-guirantes,,DNP - Coach's Decision,,,0.0,0.0,0.0,0.0,0.0,0.0,0.0,0.0,0.0,0.0,0.0,0.0,0.0,0.0,0.0,0.0,0.0,0.0,0.0,0.0,0.0,0.0,1022100130,2025-08-10T09:33:28.029095,
1022100130,1611661320,Los Angeles,Sparks,LAS,sparks,1628317.0,Karlie,Samuelson,K. Samuelson,karlie-samuelson,,DNP - Coach's Decision,,,0.0,0.0,0.0,0.0,0.0,0.0,0.0,0.0,0.0,0.0,0.0,0.0,0.0,0.0,0.0,0.0,0.0,0.0,0.0,0.0,0.0,0.0,1022100130,2025-08-10T09:33:28.029095,
1022100130,1611661320,Los Angeles,Sparks,LAS,sparks,,,,,,,,,225:00,483.0,96.6,454.5,90.9,28.4,5.7,0.806,1.93,22.3,0.283,0.627,0.476,17.0,0.475,0.498,1.0,0.97,18.77,93.87,78.22,88.0,0.582,1022100130,2025-08-10T09:33:28.029095,17.045
1022100130,1611661330,Atlanta,Dream,ATL,dream,,,,,,,,,225:00,454.5,90.9,483.0,96.6,-28.4,-5.7,0.588,1.54,15.4,0.373,0.717,0.524,14.8,0.415,0.417,1.0,0.982,18.77,93.87,78.22,88.0,0.418,1022100130,2025-08-10T09:33:28.029095,14.773
1042100211,1611661317,Phoenix,Mercury,PHO,mercury,1628915.0,Kia,Nurse,K. Nurse,kia-nurse,F,,,28:24,92.7,92.7,96.2,96.2,-3.5,-3.5,0.067,0.0,9.1,0.03,0.086,0.059,0.0,0.5,0.615,0.147,0.147,91.27,91.27,76.06,55.0,0.14,1042100211,2025-08-10T09:33:40.700419,
1042100211,1611661317,Phoenix,Mercury,PHO,mercury,1629488.0,Brianna,Turner,B. Turner,brianna-turner,F,,,33:06,84.6,84.6,90.6,90.6,-6.0,-6.0,0.188,0.0,23.1,0.1,0.211,0.154,0.0,0.6,0.6,0.13,0.13,93.53,93.53,77.95,65.0,0.214,1042100211,2025-08-10T09:33:40.700419,
1042100211,1611661317,Phoenix,Mercury,PHO,mercury,203398.0,Brittney,Griner,B. Griner,brittney-griner,C,,,40:48,97.5,97.5,97.4,97.4,0.1,0.1,0.222,1.33,15.4,0.106,0.244,0.174,11.5,0.647,0.599,0.227,0.227,92.94,92.94,77.45,80.0,0.223,1042100211,2025-08-10T09:33:40.700419,
1042100211,1611661317,Phoenix,Mercury,PHO,mercury,100940.0,Diana,Taurasi,D. Taurasi,diana-taurasi,G,,,32:51,107.5,107.5,85.9,85.9,21.5,21.5,0.217,1.25,20.8,0.0,0.103,0.055,16.7,0.423,0.461,0.244,0.244,95.71,95.71,79.76,67.0,0.058,1042100211,2025-08-10T09:33:40.700419,
1042100211,1611661317,Phoenix,Mercury,PHO,mercury,203400.0,Skylar,Diggins,S. Diggins,skylar-diggins,G,,,43:29,98.8,98.8,95.2,95.2,3.6,3.6,0.24,3.0,19.4,0.061,0.085,0.073,6.5,0.425,0.425,0.243,0.243,93.83,93.83,78.19,86.0,0.086,1042100211,2025-08-10T09:33:40.700419,
1042100211,1611661317,Phoenix,Mercury,PHO,mercury,203035.0,Shey,Peddy,S. Peddy,shey-peddy,,,,21:15,90.7,90.7,80.4,80.4,10.3,10.3,0.2,0.0,42.9,0.036,0.059,0.044,0.0,0.0,0.0,0.075,0.075,100.56,100.56,83.8,43.0,0.008,1042100211,2025-08-10T09:33:40.700419,
1042100211,1611661317,Phoenix,Mercury,PHO,mercury,1629482.0,Sophie,Cunningham,S. Cunningham,sophie-cunningham,,,,9:02,44.4,44.4,89.5,89.5,-45.0,-45.0,0.0,0.0,0.0,0.0,0.333,0.143,0.0,0.0,0.0,0.111,0.111,98.39,98.39,81.99,18.0,0.02,1042100211,2025-08-10T09:33:40.700419,
1042100211,1611661317,Phoenix,Mercury,PHO,mercury,201913.0,Kia,Vaughn,K. Vaughn,kia-vaughn,,,,16:06,108.8,108.8,76.5,76.5,32.4,32.4,0.0,0.0,0.0,0.0,0.0,0.0,14.3,0.2,0.34,0.179,0.179,101.37,101.37,84.47,34.0,-0.021,1042100211,2025-08-10T09:33:40.700419,
1042100211,1611661317,Phoenix,Mercury,PHO,mercury,203829.0,Bria,Hartley,B. Hartley,bria-hartley,,DNP - Coach's Decision,,,0.0,0.0,0.0,0.0,0.0,0.0,0.0,0.0,0.0,0.0,0.0,0.0,0.0,0.0,0.0,0.0,0.0,0.0,0.0,0.0,0.0,0.0,1042100211,2025-08-10T09:33:40.700419,
1042100211,1611661317,Phoenix,Mercury,PHO,mercury,1629501.0,Alanna,Smith,A. Smith,alanna-smith,,DNP - Coach's Decision,,,0.0,0.0,0.0,0.0,0.0,0.0,0.0,0.0,0.0,0.0,0.0,0.0,0.0,0.0,0.0,0.0,0.0,0.0,0.0,0.0,0.0,0.0,1042100211,2025-08-10T09:33:40.700419,
1042100211,1611661317,Phoenix,Mercury,PHO,mercury,1630136.0,Megan,Walker,M. Walker,megan-walker,,DNP - Coach's Decision,,,0.0,0.0,0.0,0.0,0.0,0.0,0.0,0.0,0.0,0.0,0.0,0.0,0.0,0.0,0.0,0.0,0.0,0.0,0.0,0.0,0.0,0.0,1042100211,2025-08-10T09:33:40.700419,
1042100211,1611661328,Seattle,Storm,SEA,storm,1629478.0,Katie Lou,Samuelson,K. Samuelson,katie-lou-samuelson,F,,,34:50,101.5,101.5,98.6,98.6,3.0,3.0,0.0,0.0,0.0,0.0,0.125,0.063,8.3,0.8,0.827,0.16,0.16,92.33,92.33,76.95,65.0,0.127,1042100211,2025-08-10T09:33:40.700419,
1042100211,1611661328,Seattle,Storm,SEA,storm,1629496.0,Ezi,Magbegor,E. Magbegor,ezi-magbegor,F,,,30:41,101.7,101.7,108.2,108.2,-6.5,-6.5,0.133,2.0,16.7,0.091,0.188,0.138,8.3,0.5,0.5,0.154,0.154,93.06,93.06,77.55,58.0,0.083,1042100211,2025-08-10T09:33:40.700419,
1042100211,1611661328,Seattle,Storm,SEA,storm,1628920.0,Mercedes,Russell,M. Russell,mercedes-russell,C,,,44:59,92.0,92.0,96.6,96.6,-4.6,-4.6,0.174,0.0,30.8,0.041,0.192,0.119,0.0,0.556,0.556,0.092,0.092,93.36,93.36,77.8,87.0,0.152,1042100211,2025-08-10T09:33:40.700419,
1042100211,1611661328,Seattle,Storm,SEA,storm,204319.0,Jewell,Loyd,J. Loyd,jewell-loyd,G,,,36:01,95.7,95.7,90.0,90.0,5.7,5.7,0.263,1.67,14.7,0.0,0.068,0.034,8.8,0.208,0.286,0.363,0.363,92.61,92.61,77.18,69.0,-0.021,1042100211,2025-08-10T09:33:40.700419,
1042100211,1611661328,Seattle,Storm,SEA,storm,100720.0,Sue,Bird,S. Bird,sue-bird,G,,,36:43,100.0,100.0,87.5,87.5,12.5,12.5,0.238,2.5,25.0,0.0,0.067,0.034,10.0,0.583,0.621,0.188,0.188,92.82,92.82,77.35,70.0,0.146,1042100211,2025-08-10T09:33:40.700419,
1042100211,1611661328,Seattle,Storm,SEA,storm,1629568.0,Kennedy,Burke,K. Burke,kennedy-burke,,,,4:42,36.4,36.4,66.7,66.7,-30.3,-30.3,0.0,0.0,0.0,0.0,0.5,0.273,100.0,0.0,0.0,0.083,0.083,117.53,117.53,97.94,11.0,0.138,1042100211,2025-08-10T09:33:40.700419,
1042100211,1611661328,Seattle,Storm,SEA,storm,203855.0,Stephanie,Talbot,S. Talbot,stephanie-talbot,,,,17:19,78.4,78.4,70.3,70.3,8.1,8.1,0.0,0.0,0.0,0.059,0.143,0.105,0.0,0.5,0.466,0.15,0.15,102.58,102.58,85.48,37.0,0.109,1042100211,2025-08-10T09:33:40.700419,
1042100211,1611661328,Seattle,Storm,SEA,storm,1628886.0,Jordin,Canada,J. Canada,jordin-canada,,,,10:18,63.6,63.6,114.3,114.3,-50.6,-50.6,0.5,0.67,18.2,0.0,0.0,0.0,27.3,0.0,0.532,0.391,0.391,100.19,100.19,83.5,22.0,0.081,1042100211,2025-08-10T09:33:40.700419,
1042100211,1611661328,Seattle,Storm,SEA,storm,202259.0,Epiphanny,Prince,E. Prince,epiphanny-prince,,,,9:27,63.2,63.2,115.8,115.8,-52.6,-52.6,0.333,0.5,16.7,0.0,0.0,0.0,33.3,0.0,0.0,0.25,0.25,96.56,96.56,80.47,19.0,-0.191,1042100211,2025-08-10T09:33:40.700419,
1042100211,1611661328,Seattle,Storm,SEA,storm,204332.0,Cierra,Burdick,C. Burdick,cierra-burdick,,DNP - Coach's Decision,,,0.0,0.0,0.0,0.0,0.0,0.0,0.0,0.0,0.0,0.0,0.0,0.0,0.0,0.0,0.0,0.0,0.0,0.0,0.0,0.0,0.0,0.0,1042100211,2025-08-10T09:33:40.700419,
1042100211,1611661328,Seattle,Storm,SEA,storm,1628317.0,Karlie,Samuelson,K. Samuelson,karlie-samuelson,,DNP - Coach's Decision,,,0.0,0.0,0.0,0.0,0.0,0.0,0.0,0.0,0.0,0.0,0.0,0.0,0.0,0.0,0.0,0.0,0.0,0.0,0.0,0.0,0.0,0.0,1042100211,2025-08-10T09:33:40.700419,
1042100211,1611661328,Seattle,Storm,SEA,storm,1627668.0,Breanna,Stewart,B. Stewart,breanna-stewart,,DND - Injury/Illness,,,0.0,0.0,0.0,0.0,0.0,0.0,0.0,0.0,0.0,0.0,0.0,0.0,0.0,0.0,0.0,0.0,0.0,0.0,0.0,0.0,0.0,0.0,1042100211,2025-08-10T09:33:40.700419,
1042100211,1611661328,Seattle,Storm,SEA,storm,,,,,,,,,225:00,459.8,92.0,477.5,95.5,-17.8,-3.6,0.679,1.46,16.2,0.224,0.673,0.455,14.9,0.428,0.482,1.0,0.98,18.77,93.87,78.22,87.0,0.46,1042100211,2025-08-10T09:33:40.700419,14.943
1042100211,1611661317,Phoenix,Mercury,PHO,mercury,,,,,,,,,225:00,477.5,95.5,459.8,92.0,17.8,3.6,0.688,1.69,17.2,0.327,0.776,0.545,14.6,0.456,0.475,1.0,0.934,18.77,93.87,78.22,89.0,0.54,1042100211,2025-08-10T09:33:40.700419,14.607
2022200341,1612709893,Cleveland,Charge,CLC,charge,1630691.0,Jamorko,Pickett,J. Pickett,jamorko-pickett,F,,,40:39,110.1,110.1,111.2,111.2,-1.1,-1.1,0.036,0.5,5.0,0.038,0.211,0.11,10.0,0.618,0.631,0.174,0.174,105.09,105.09,87.58,89.0,0.115,2022200341,2025-08-10T09:33:53.660930,
2022200341,1612709893,Cleveland,Charge,CLC,charge,1629603.0,Mamadi,Diakite,M. Diakite,mamadi-diakite,F,,,39:10,103.5,103.5,104.6,104.6,-1.1,-1.1,0.125,1.5,12.5,0.091,0.167,0.121,8.3,0.735,0.755,0.198,0.198,105.99,105.99,88.33,86.0,0.196,2022200341,2025-08-10T09:33:53.660930,
2022200341,1612709893,Cleveland,Charge,CLC,charge,1630600.0,Isaiah,Mobley,I. Mobley,isaiah-mobley,C,,,33:02,98.6,98.6,112.5,112.5,-13.9,-13.9,0.25,1.0,17.2,0.089,0.156,0.117,17.2,0.438,0.479,0.273,0.273,104.6,104.6,87.17,72.0,0.075,2022200341,2025-08-10T09:33:53.660930,
2022200341,1612709893,Cleveland,Charge,CLC,charge,1630207.0,Nate,Hinton,N. Hinton,nate-hinton,G,,,30:13,90.0,90.0,106.0,106.0,-16.0,-16.0,0.043,1.0,10.0,0.065,0.133,0.092,10.0,0.214,0.336,0.105,0.105,108.81,108.81,90.68,70.0,0.044,2022200341,2025-08-10T09:33:53.660930,
2022200341,1612709893,Cleveland,Charge,CLC,charge,1630536.0,Sharife,Cooper,S. Cooper,sharife-cooper,G,,,32:14,100.0,100.0,114.5,114.5,-14.5,-14.5,0.556,3.33,27.8,0.022,0.065,0.039,8.3,0.381,0.448,0.299,0.299,102.73,102.73,85.61,69.0,0.072,2022200341,2025-08-10T09:33:53.660930,
2022200341,1612709893,Cleveland,Charge,CLC,charge,1629685.0,Dylan,Windler,D. Windler,dylan-windler,,,,6:00,61.5,61.5,100.0,100.0,-38.5,-38.5,0.0,0.0,0.0,0.0,0.0,0.0,0.0,0.0,0.0,0.067,0.067,104.0,104.0,86.67,13.0,-0.1,2022200341,2025-08-10T09:33:53.660930,
2022200341,1612709893,Cleveland,Charge,CLC,charge,1629713.0,Justin,James,J. James,justin-james,,,,15:08,100.0,100.0,100.0,100.0,0.0,0.0,0.0,0.0,0.0,0.0,0.118,0.061,16.7,0.2,0.2,0.162,0.162,106.26,106.26,88.55,33.0,-0.075,2022200341,2025-08-10T09:33:53.660930,
2022200341,1612709893,Cleveland,Charge,CLC,charge,1630771.0,Blake,Francis,B. Francis,blake-francis,,,,4:10,122.2,122.2,88.9,88.9,33.3,33.3,0.333,1.0,25.0,0.0,0.0,0.0,25.0,0.75,0.75,0.273,0.273,103.56,103.56,86.3,9.0,0.143,2022200341,2025-08-10T09:33:53.660930,
2022200341,1612709893,Cleveland,Charge,CLC,charge,1631436.0,Gabe,Osabuohien,G. Osabuohien,gabe-osabuohien,,,,13:27,134.4,134.4,109.4,109.4,25.0,25.0,0.063,0.0,33.3,0.188,0.083,0.143,0.0,0.0,0.694,0.05,0.05,114.16,114.16,95.13,32.0,0.052,2022200341,2025-08-10T09:33:53.660930,
2022200341,1612709893,Cleveland,Charge,CLC,charge,1631341.0,Chandler,Vaudrin,C. Vaudrin,chandler-vaudrin,,,,11:46,112.5,112.5,111.5,111.5,1.0,1.0,0.6,6.0,75.0,0.1,0.111,0.105,12.5,0.0,0.0,0.08,0.08,102.03,102.03,85.02,24.0,0.09,2022200341,2025-08-10T09:33:53.660930,
2022200341,1612709893,Cleveland,Charge,CLC,charge,1630675.0,Devontae,Shuler,D. Shuler,devontae-shuler,,,,6:15,133.3,133.3,86.7,86.7,46.7,46.7,0.25,0.0,10.0,0.111,0.0,0.059,0.0,0.5,0.5,0.5,0.5,115.32,115.32,96.1,15.0,0.224,2022200341,2025-08-10T09:33:53.660930,
2022200341,1612709893,Cleveland,Charge,CLC,charge,1626173.0,Rashad,Vaughn,R. Vaughn,rashad-vaughn,,,,7:55,120.0,120.0,137.5,137.5,-17.5,-17.5,0.2,0.0,20.0,0.0,0.0,0.0,0.0,0.375,0.375,0.211,0.211,93.98,93.98,78.32,15.0,0.0,2022200341,2025-08-10T09:33:53.660930,
2022200341,1612709893,Cleveland,Charge,CLC,charge,1629712.0,Didi,Louzada,D. Louzada,didi-louzada,,DNP - Injury/Illness,,,0.0,0.0,0.0,0.0,0.0,0.0,0.0,0.0,0.0,0.0,0.0,0.0,0.0,0.0,0.0,0.0,0.0,0.0,0.0,0.0,0.0,0.0,2022200341,2025-08-10T09:33:53.660930,
2022200341,1612709893,Cleveland,Charge,CLC,charge,1630241.0,Sam,Merrill,S. Merrill,sam-merrill,,DNP - Coach's Decision,,,0.0,0.0,0.0,0.0,0.0,0.0,0.0,0.0,0.0,0.0,0.0,0.0,0.0,0.0,0.0,0.0,0.0,0.0,0.0,0.0,0.0,0.0,2022200341,2025-08-10T09:33:53.660930,
2022200341,1612709902,Santa Cruz,Warriors,SCW,warriors,1630648.0,Jordan,Schakel,J. Schakel,jordan-schakel,F,,,30:37,108.5,108.5,102.8,102.8,5.6,5.6,0.13,3.0,25.0,0.065,0.146,0.111,8.3,0.583,0.799,0.114,0.114,111.31,111.31,92.76,71.0,0.125,2022200341,2025-08-10T09:33:53.660930,
2022200341,1612709902,Santa Cruz,Warriors,SCW,warriors,1630605.0,JaQuori,McLaughlin,J. McLaughlin,jaquori-mclaughlin,F,,,22:53,126.0,126.0,104.2,104.2,21.8,21.8,0.111,0.67,15.4,0.0,0.0,0.0,23.1,0.786,0.874,0.2,0.2,102.75,102.75,85.63,50.0,0.059,2022200341,2025-08-10T09:33:53.660930,
2022200341,1612709902,Santa Cruz,Warriors,SCW,warriors,1631384.0,Jayce,Johnson,J. Johnson,jayce-johnson,C,,,24:29,126.9,126.9,103.8,103.8,23.1,23.1,0.091,2.0,33.3,0.095,0.241,0.18,16.7,0.333,0.333,0.068,0.068,101.95,101.95,84.96,52.0,0.042,2022200341,2025-08-10T09:33:53.660930,
2022200341,1612709902,Santa Cruz,Warriors,SCW,warriors,1631311.0,Lester,Quinones,L. Quinones,lester-quinones,G,,,31:05,107.0,107.0,92.8,92.8,14.3,14.3,0.267,1.33,11.4,0.065,0.209,0.149,8.6,0.522,0.635,0.392,0.392,108.08,108.08,90.07,71.0,0.234,2022200341,2025-08-10T09:33:53.660930,
2022200341,1612709902,Santa Cruz,Warriors,SCW,warriors,1629010.0,Jerome,Robinson,J. Robinson,jerome-robinson,G,,,33:16,113.5,113.5,112.2,112.2,1.4,1.4,0.273,3.0,28.6,0.0,0.065,0.041,9.5,0.727,0.771,0.19,0.19,106.77,106.77,88.98,74.0,0.144,2022200341,2025-08-10T09:33:53.660930,
2022200341,1612709902,Santa Cruz,Warriors,SCW,warriors,1628605.0,Dusty,Hannahs,D. Hannahs,dusty-hannahs,,,,22:59,107.4,107.4,102.0,102.0,5.4,5.4,0.071,0.33,6.3,0.043,0.063,0.055,18.8,0.45,0.53,0.254,0.254,108.64,108.64,90.53,54.0,0.02,2022200341,2025-08-10T09:33:53.660930,
2022200341,1612709902,Santa Cruz,Warriors,SCW,warriors,1630289.0,Elijah,Pemberton,E. Pemberton,elijah-pemberton,,,,25:56,96.5,96.5,114.0,114.0,-17.5,-17.5,0.167,2.0,16.7,0.08,0.132,0.111,8.3,0.75,0.788,0.167,0.167,105.48,105.48,87.9,57.0,0.185,2022200341,2025-08-10T09:33:53.660930,
2022200341,1612709902,Santa Cruz,Warriors,SCW,warriors,1630601.0,EJ,Onu,E. Onu,ej-onu,,,,21:07,89.1,89.1,102.1,102.1,-13.0,-13.0,0.0,0.0,0.0,0.0,0.133,0.077,0.0,0.333,0.581,0.082,0.082,106.88,106.88,89.06,46.0,0.085,2022200341,2025-08-10T09:33:53.660930,
2022200341,1612709902,Santa Cruz,Warriors,SCW,warriors,1631443.0,Armon,Fletcher,A. Fletcher,armon-fletcher,,,,11:31,111.5,111.5,84.6,84.6,26.9,26.9,0.0,0.0,0.0,0.083,0.071,0.077,20.0,0.625,0.625,0.172,0.172,108.36,108.36,90.3,26.0,0.09,2022200341,2025-08-10T09:33:53.660930,
2022200341,1612709902,Santa Cruz,Warriors,SCW,warriors,1631253.0,Hyunjung,Lee,H. Lee,hyunjung-lee,,,,16:07,76.5,76.5,108.3,108.3,-31.9,-31.9,0.286,2.0,20.0,0.0,0.087,0.045,10.0,0.25,0.233,0.216,0.216,104.24,104.24,86.87,34.0,0.033,2022200341,2025-08-10T09:33:53.660930,
2022200341,1612709902,Santa Cruz,Warriors,SCW,warriors,1629660.0,Ty,Jerome,T. Jerome,ty-jerome,,NWT - Not With Team,,,0.0,0.0,0.0,0.0,0.0,0.0,0.0,0.0,0.0,0.0,0.0,0.0,0.0,0.0,0.0,0.0,0.0,0.0,0.0,0.0,0.0,0.0,2022200341,2025-08-10T09:33:53.660930,
2022200341,1612709902,Santa Cruz,Warriors,SCW,warriors,1630237.0,Anthony,Lamb,A. Lamb,anthony-lamb,,NWT - Not With Team,,,0.0,0.0,0.0,0.0,0.0,0.0,0.0,0.0,0.0,0.0,0.0,0.0,0.0,0.0,0.0,0.0,0.0,0.0,0.0,0.0,0.0,0.0,2022200341,2025-08-10T09:33:53.660930,
2022200341,1612709902,Santa Cruz,Warriors,SCW,warriors,1630807.0,Ikenna,Ndugba,I. Ndugba,ikenna-ndugba,,DNP - Injury/Illness,,,0.0,0.0,0.0,0.0,0.0,0.0,0.0,0.0,0.0,0.0,0.0,0.0,0.0,0.0,0.0,0.0,0.0,0.0,0.0,0.0,0.0,0.0,2022200341,2025-08-10T09:33:53.660930,
2022200341,1612709902,Santa Cruz,Warriors,SCW,warriors,,,,,,,,,240:00,547.6,109.5,528.8,105.8,18.8,3.8,0.579,1.29,16.1,0.217,0.641,0.464,16.2,0.562,0.647,1.0,0.974,20.9,104.5,87.08,105.0,0.557,2022200341,2025-08-10T09:33:53.661930,16.19
2022200341,1612709893,Cleveland,Charge,CLC,charge,,,,,,,,,240:00,528.8,105.8,547.6,109.5,-18.8,-3.8,0.732,1.88,19.1,0.359,0.783,0.536,15.4,0.475,0.518,1.0,0.992,20.9,104.5,87.08,104.0,0.443,2022200341,2025-08-10T09:33:53.661930,15.385
2022100269,1612709889,Oklahoma City,Blue,OKL,blue,1627771.0,Michael,Gbinije,M. Gbinije,michael-gbinije,F,,,34:04,122.4,122.4,86.8,86.8,35.5,35.5,0.156,5.0,33.3,0.03,0.082,0.061,6.7,0.688,0.77,0.114,0.114,107.08,107.08,89.24,76.0,0.129,2022100269,2025-08-10T09:34:05.021330,
2022100269,1612709889,Oklahoma City,Blue,OKL,blue,203816.0,Scotty,Hopson,S. Hopson,scotty-hopson,F,,,32:37,106.9,106.9,87.5,87.5,19.4,19.4,0.2,1.0,17.4,0.056,0.068,0.063,17.4,0.533,0.533,0.235,0.235,105.96,105.96,88.3,72.0,0.109,2022100269,2025-08-10T09:34:05.021330,
2022100269,1612709889,Oklahoma City,Blue,OKL,blue,1628391.0,D.J.,Wilson,D. Wilson,dj-wilson,C,,,29:01,106.3,106.3,96.8,96.8,9.6,9.6,0.313,1.67,19.2,0.088,0.278,0.186,11.5,0.528,0.53,0.288,0.288,103.39,103.39,86.16,63.0,0.165,2022100269,2025-08-10T09:34:05.021330,
2022100269,1612709889,Oklahoma City,Blue,OKL,blue,1630306.0,Rob,Edwards,R. Edwards,rob-edwards,G,,,33:25,110.8,110.8,90.5,90.5,20.3,20.3,0.115,3.0,15.0,0.0,0.133,0.072,5.0,0.531,0.547,0.198,0.198,106.29,106.29,88.58,74.0,0.117,2022100269,2025-08-10T09:34:05.021330,
2022100269,1612709889,Oklahoma City,Blue,OKL,blue,1630285.0,Zavier,Simpson,Z. Simpson,zavier-simpson,G,,,39:11,113.5,113.5,71.6,71.6,41.9,41.9,0.226,1.4,28.0,0.05,0.089,0.073,20.0,0.667,0.723,0.18,0.18,108.41,108.41,90.34,89.0,0.134,2022100269,2025-08-10T09:34:05.021330,
2022100269,1612709889,Oklahoma City,Blue,OKL,blue,1630686.0,Georgios,Kalaitzakis,B. Kalaitzakis,georgios-kalaitzakis,,,,33:52,100.0,100.0,72.2,72.2,27.8,27.8,0.095,1.0,10.5,0.024,0.188,0.112,10.5,0.625,0.69,0.195,0.195,110.55,110.55,92.13,77.0,0.184,2022100269,2025-08-10T09:34:05.021330,
2022100269,1612709889,Oklahoma City,Blue,OKL,blue,1629658.0,Jaylen,Hoard,J. Hoard,jaylen-hoard,,,,18:57,108.9,108.9,61.4,61.4,47.5,47.5,0.133,2.0,20.0,0.15,0.226,0.196,10.0,0.75,0.752,0.16,0.16,112.72,112.72,93.93,45.0,0.191,2022100269,2025-08-10T09:34:05.021330,
2022100269,1612709889,Oklahoma City,Blue,OKL,blue,1630845.0,Justin,Jaworski,J. Jaworski,justin-jaworski,,,,18:53,81.0,81.0,74.4,74.4,6.5,6.5,0.091,0.0,10.0,0.0,0.192,0.093,0.0,0.0,0.225,0.188,0.188,108.03,108.03,90.03,42.0,0.052,2022100269,2025-08-10T09:34:05.021330,
2022100269,1612709889,Oklahoma City,Blue,OKL,blue,1628982.0,Melvin,Frazier Jr.,M. Frazier Jr.,melvin-frazier-jr,,DND - Injury/Illness,,,0.0,0.0,0.0,0.0,0.0,0.0,0.0,0.0,0.0,0.0,0.0,0.0,0.0,0.0,0.0,0.0,0.0,0.0,0.0,0.0,0.0,0.0,2022100269,2025-08-10T09:34:05.021330,
2022100269,1612709889,Oklahoma City,Blue,OKL,blue,1630846.0,Olivier,Sarr,O. Sarr,olivier-sarr,,DND - Injury/Illness,,,0.0,0.0,0.0,0.0,0.0,0.0,0.0,0.0,0.0,0.0,0.0,0.0,0.0,0.0,0.0,0.0,0.0,0.0,0.0,0.0,0.0,0.0,2022100269,2025-08-10T09:34:05.021330,
2022100269,1612709926,Memphis,Hustle,MHU,hustle,1629783.0,Shaq,Buchanan,S. Buchanan,shaq-buchanan,F,,,34:39,82.1,82.1,122.1,122.1,-40.0,-40.0,0.105,0.4,9.1,0.0,0.0,0.0,22.7,0.429,0.47,0.225,0.225,107.36,107.36,89.47,78.0,0.023,2022100269,2025-08-10T09:34:05.021330,
2022100269,1612709926,Memphis,Hustle,MHU,hustle,1629681.0,Killian,Tillie,K. Tillie,killian-tillie,F,,,24:59,90.7,90.7,125.9,125.9,-35.2,-35.2,0.0,0.0,0.0,0.0,0.136,0.053,0.0,0.556,0.556,0.136,0.136,103.75,103.75,86.46,54.0,0.088,2022100269,2025-08-10T09:34:05.021330,
2022100269,1612709926,Memphis,Hustle,MHU,hustle,1630583.0,Santi,Aldama,S. Aldama,santi-aldama,C,,,27:22,94.9,94.9,122.0,122.0,-27.1,-27.1,0.125,1.0,9.1,0.179,0.115,0.154,9.1,0.393,0.603,0.278,0.278,103.48,103.48,86.24,59.0,0.113,2022100269,2025-08-10T09:34:05.021330,
2022100269,1612709926,Memphis,Hustle,MHU,hustle,1630179.0,Tyrell,Terry,T. Terry,tyrell-terry,G,,,33:13,83.8,83.8,105.5,105.5,-21.7,-21.7,0.25,5.0,25.0,0.042,0.029,0.036,5.0,0.107,0.104,0.17,0.17,106.21,106.21,88.51,74.0,-0.047,2022100269,2025-08-10T09:34:05.021330,
2022100269,1612709926,Memphis,Hustle,MHU,hustle,1629958.0,Ahmad,Caver,A. Caver,ahmad-caver,G,,,37:08,79.0,79.0,118.3,118.3,-39.3,-39.3,0.286,3.0,25.0,0.0,0.108,0.045,8.3,0.321,0.457,0.196,0.196,105.35,105.35,87.79,81.0,0.08,2022100269,2025-08-10T09:34:05.021330,
2022100269,1612709926,Memphis,Hustle,MHU,hustle,203687.0,Reggie,Hearn,R. Hearn,reggie-hearn,,,,19:36,71.7,71.7,79.5,79.5,-7.8,-7.8,0.222,1.0,14.3,0.038,0.172,0.109,14.3,0.45,0.479,0.24,0.24,110.2,110.2,91.84,46.0,0.101,2022100269,2025-08-10T09:34:05.021330,
2022100269,1612709926,Memphis,Hustle,MHU,hustle,1630601.0,EJ,Onu,E. Onu,ej-onu,,,,19:37,70.8,70.8,91.1,91.1,-20.3,-20.3,0.0,0.0,0.0,0.036,0.222,0.127,16.7,0.0,0.0,0.113,0.113,113.78,113.78,94.82,48.0,0.007,2022100269,2025-08-10T09:34:05.021330,
2022100269,1612709926,Memphis,Hustle,MHU,hustle,1630753.0,Cameron,Young,C. Young,cameron-young,,,,27:23,73.8,73.8,106.3,106.3,-32.4,-32.4,0.0,0.0,0.0,0.0,0.108,0.053,7.7,0.458,0.458,0.176,0.176,113.06,113.06,94.22,65.0,0.073,2022100269,2025-08-10T09:34:05.021330,
2022100269,1612709926,Memphis,Hustle,MHU,hustle,1628500.0,Ben,Moore,B. Moore,ben-moore,,,,16:03,71.4,71.4,77.8,77.8,-6.3,-6.3,0.0,0.0,0.0,0.143,0.4,0.283,14.3,0.6,0.551,0.171,0.171,106.17,106.17,88.47,35.0,0.351,2022100269,2025-08-10T09:34:05.021330,
2022100269,1612709926,Memphis,Hustle,MHU,hustle,1630315.0,Darnell,Cowart,D. Cowart,darnell-cowart,,DNP - Coach's Decision,,,0.0,0.0,0.0,0.0,0.0,0.0,0.0,0.0,0.0,0.0,0.0,0.0,0.0,0.0,0.0,0.0,0.0,0.0,0.0,0.0,0.0,0.0,2022100269,2025-08-10T09:34:05.021330,
2022100269,1612709926,Memphis,Hustle,MHU,hustle,1630273.0,Freddie,Gillespie,F. Gillespie,freddie-gillespie,,DND - Injury/Illness,,,0.0,0.0,0.0,0.0,0.0,0.0,0.0,0.0,0.0,0.0,0.0,0.0,0.0,0.0,0.0,0.0,0.0,0.0,0.0,0.0,0.0,0.0,2022100269,2025-08-10T09:34:05.021330,
2022100269,1612709926,Memphis,Hustle,MHU,hustle,1630253.0,Sean,McDermott,S. McDermott,sean-mcdermott,,DND - Injury/Illness,,,0.0,0.0,0.0,0.0,0.0,0.0,0.0,0.0,0.0,0.0,0.0,0.0,0.0,0.0,0.0,0.0,0.0,0.0,0.0,0.0,0.0,0.0,2022100269,2025-08-10T09:34:05.021330,
2022100269,1612709926,Memphis,Hustle,MHU,hustle,204065.0,David,Stockton,D. Stockton,david-stockton,,NWT - Personal,,,0.0,0.0,0.0,0.0,0.0,0.0,0.0,0.0,0.0,0.0,0.0,0.0,0.0,0.0,0.0,0.0,0.0,0.0,0.0,0.0,0.0,0.0,2022100269,2025-08-10T09:34:05.021330,
2022100269,1612709926,Memphis,Hustle,MHU,hustle,,,,,,,,,240:00,406.5,81.3,547.2,109.4,-140.6,-28.1,0.531,1.13,12.1,0.254,0.722,0.463,14.0,0.37,0.428,1.0,0.968,21.3,106.5,88.75,107.0,0.324,2022100269,2025-08-10T09:34:05.021330,14.019
2022100269,1612709889,Oklahoma City,Blue,OKL,blue,,,,,,,,,240:00,547.2,109.4,406.5,81.3,140.6,28.1,0.674,1.61,19.3,0.278,0.746,0.537,17.0,0.538,0.585,1.0,0.983,21.3,106.5,88.75,106.0,0.676,2022100269,2025-08-10T09:34:05.021330,16.981
2022200111,1612709917,Grand Rapids,Gold,GRG,gold,1631317.0,Adonis,Arms,A. Arms,adonis-arms,F,,,35:18,94.7,94.7,88.3,88.3,6.4,6.4,0.278,5.0,20.8,0.116,0.237,0.173,4.2,0.4,0.567,0.221,0.221,104.02,104.02,86.69,76.0,0.224,2022200111,2025-08-10T09:34:27.805952,
2022200111,1612709917,Grand Rapids,Gold,GRG,gold,1630720.0,Manny,Camper,M. Camper,manny-camper,F,,,34:21,79.5,79.5,85.1,85.1,-5.7,-5.7,0.0,0.0,0.0,0.0,0.133,0.073,14.3,0.6,0.551,0.085,0.085,102.71,102.71,85.59,73.0,0.052,2022200111,2025-08-10T09:34:27.805952,
2022200111,1612709917,Grand Rapids,Gold,GRG,gold,1631371.0,Grant,Golden,G. Golden,grant-golden,C,,,36:31,87.5,87.5,92.5,92.5,-5.0,-5.0,0.053,0.25,5.3,0.026,0.27,0.145,21.1,0.333,0.488,0.202,0.202,105.17,105.17,87.64,80.0,0.092,2022200111,2025-08-10T09:34:27.805952,
2022200111,1612709917,Grand Rapids,Gold,GRG,gold,1630215.0,Jared,Butler,J. Butler,jared-butler,G,,,34:14,89.0,89.0,95.8,95.8,-6.8,-6.8,0.385,1.67,20.8,0.0,0.128,0.065,12.5,0.607,0.685,0.226,0.226,101.66,101.66,84.72,73.0,0.204,2022200111,2025-08-10T09:34:27.805952,
2022200111,1612709917,Grand Rapids,Gold,GRG,gold,1626184.0,Chasson,Randle,C. Randle,chasson-randle,G,,,34:25,85.7,85.7,92.1,92.1,-6.4,-6.4,0.118,0.67,10.0,0.0,0.03,0.014,15.0,0.423,0.454,0.212,0.212,106.69,106.69,88.91,77.0,0.019,2022200111,2025-08-10T09:34:27.805952,
2022200111,1612709917,Grand Rapids,Gold,GRG,gold,1630706.0,Bryce,Wills,B. Wills,bryce-wills,,,,22:09,63.3,63.3,100.0,100.0,-36.7,-36.7,0.0,0.0,0.0,0.0,0.217,0.109,25.0,0.0,0.184,0.148,0.148,106.19,106.19,88.49,49.0,-0.008,2022200111,2025-08-10T09:34:27.805952,
2022200111,1612709917,Grand Rapids,Gold,GRG,gold,1628979.0,Trevon,Duval,T. Duval,trevon-duval,,,,18:03,56.1,56.1,102.5,102.5,-46.4,-46.4,0.4,0.5,15.4,0.0,0.105,0.051,30.8,0.333,0.466,0.244,0.244,107.67,107.67,89.73,41.0,0.0,2022200111,2025-08-10T09:34:27.805952,
2022200111,1612709917,Grand Rapids,Gold,GRG,gold,1630732.0,Lacey,James,L. James,lacey-james,,,,8:56,55.0,55.0,94.7,94.7,-39.7,-39.7,0.0,0.0,0.0,0.182,0.067,0.115,60.0,0.0,0.0,0.208,0.208,104.72,104.72,87.26,20.0,-0.294,2022200111,2025-08-10T09:34:27.805952,
2022200111,1612709917,Grand Rapids,Gold,GRG,gold,202708.0,Norris,Cole,N. Cole,norris-cole,,,,16:03,82.9,82.9,82.4,82.4,0.5,0.5,0.0,0.0,0.0,0.0,0.048,0.025,0.0,0.357,0.357,0.175,0.175,103.21,103.21,86.01,35.0,0.038,2022200111,2025-08-10T09:34:27.805952,
2022200111,1612709917,Grand Rapids,Gold,GRG,gold,1631221.0,Collin,Gillespie,C. Gillespie,collin-gillespie,,NWT - Not With Team,,,0.0,0.0,0.0,0.0,0.0,0.0,0.0,0.0,0.0,0.0,0.0,0.0,0.0,0.0,0.0,0.0,0.0,0.0,0.0,0.0,0.0,0.0,2022200111,2025-08-10T09:34:27.805952,
2022200111,1612709917,Grand Rapids,Gold,GRG,gold,1631242.0,Kellan,Grady,K. Grady,kellan-grady,,DND - Injury/Illness,,,0.0,0.0,0.0,0.0,0.0,0.0,0.0,0.0,0.0,0.0,0.0,0.0,0.0,0.0,0.0,0.0,0.0,0.0,0.0,0.0,0.0,0.0,2022200111,2025-08-10T09:34:27.805952,
2022200111,1612709917,Grand Rapids,Gold,GRG,gold,1631298.0,Jack,White,J. White,jack-white,,NWT - Not With Team,,,0.0,0.0,0.0,0.0,0.0,0.0,0.0,0.0,0.0,0.0,0.0,0.0,0.0,0.0,0.0,0.0,0.0,0.0,0.0,0.0,0.0,0.0,2022200111,2025-08-10T09:34:27.805952,
2022200111,1612709921,Long Island,Nets,LIN,nets,1630561.0,David,Duke Jr.,D. Duke Jr.,david-duke-jr,F,,,35:35,101.3,101.3,76.9,76.9,24.4,24.4,0.263,1.0,15.6,0.032,0.119,0.082,15.6,0.563,0.751,0.333,0.333,104.54,104.54,87.12,77.0,0.219,2022200111,2025-08-10T09:34:27.805952,
2022200111,1612709921,Long Island,Nets,LIN,nets,1630556.0,Kessler,Edwards,K. Edwards,kessler-edwards,F,,,32:12,88.1,88.1,92.6,92.6,-4.6,-4.6,0.056,1.0,7.7,0.054,0.059,0.056,7.7,0.3,0.414,0.16,0.16,100.62,100.62,83.85,67.0,0.041,2022200111,2025-08-10T09:34:27.805952,
2022200111,1612709921,Long Island,Nets,LIN,nets,1630549.0,Day'Ron,Sharpe,D. Sharpe,dayron-sharpe,C,,,29:27,91.8,91.8,92.1,92.1,-0.3,-0.3,0.2,1.5,18.8,0.091,0.273,0.182,12.5,0.5,0.479,0.188,0.188,101.05,101.05,84.21,61.0,0.164,2022200111,2025-08-10T09:34:27.805952,
2022200111,1612709921,Long Island,Nets,LIN,nets,1630275.0,Jordan,Bowden,J. Bowden,jordan-bowden,G,,,32:25,93.0,93.0,85.7,85.7,7.2,7.2,0.188,3.0,16.7,0.0,0.027,0.014,5.6,0.577,0.576,0.188,0.188,104.39,104.39,86.99,71.0,0.073,2022200111,2025-08-10T09:34:27.805952,
2022200111,1612709921,Long Island,Nets,LIN,nets,1629185.0,Chris,Chiozza,C. Chiozza,chris-chiozza,G,,,28:16,86.9,86.9,82.5,82.5,4.3,4.3,0.294,2.5,38.5,0.029,0.229,0.13,15.4,0.5,0.46,0.118,0.118,105.28,105.28,87.74,61.0,0.165,2022200111,2025-08-10T09:34:27.805952,
2022200111,1612709921,Long Island,Nets,LIN,nets,1630696.0,Dru,Smith,D. Smith,dru-smith,,,,32:56,90.4,90.4,76.7,76.7,13.7,13.7,0.333,2.0,26.1,0.0,0.054,0.027,13.0,0.464,0.464,0.21,0.21,106.4,106.4,88.66,73.0,0.121,2022200111,2025-08-10T09:34:27.805952,
2022200111,1612709921,Long Island,Nets,LIN,nets,1629800.0,Kavion,Pippen,K. Pippen,kavion-pippen,,,,6:40,80.0,80.0,73.3,73.3,6.7,6.7,0.0,0.0,0.0,0.0,0.143,0.059,50.0,1.0,1.0,0.118,0.118,108.0,108.0,90.0,15.0,0.077,2022200111,2025-08-10T09:34:27.805952,
2022200111,1612709921,Long Island,Nets,LIN,nets,1631413.0,Trey,McGowens,T. McGowens,trey-mcgowens,,,,7:50,50.0,50.0,83.3,83.3,-33.3,-33.3,0.5,0.67,28.6,0.0,0.167,0.053,42.9,0.0,0.0,0.25,0.25,110.3,110.3,91.91,18.0,-0.261,2022200111,2025-08-10T09:34:27.805952,
2022200111,1612709921,Long Island,Nets,LIN,nets,1629232.0,Kaiser,Gates,K. Gates,kaiser-gates,,,,17:20,115.4,115.4,58.5,58.5,56.8,56.8,0.0,0.0,0.0,0.059,0.143,0.105,0.0,0.571,0.672,0.186,0.186,110.77,110.77,92.31,39.0,0.165,2022200111,2025-08-10T09:34:27.805952,
2022200111,1612709921,Long Island,Nets,LIN,nets,1631452.0,Noah,Kirkwood,N. Kirkwood,noah-kirkwood,,,,17:19,94.7,94.7,66.7,66.7,28.1,28.1,0.154,0.0,25.0,0.0,0.278,0.122,0.0,0.167,0.167,0.13,0.13,106.72,106.72,88.93,38.0,0.024,2022200111,2025-08-10T09:34:27.805952,
2022200111,1612709921,Long Island,Nets,LIN,nets,1626203.0,Treveon,Graham,T. Graham,treveon-graham,,DNP - Coach's Decision,,,0.0,0.0,0.0,0.0,0.0,0.0,0.0,0.0,0.0,0.0,0.0,0.0,0.0,0.0,0.0,0.0,0.0,0.0,0.0,0.0,0.0,0.0,2022200111,2025-08-10T09:34:27.805952,
2022200111,1612709921,Long Island,Nets,LIN,nets,1630564.0,RaiQuan,Gray,R. Gray,raiquan-gray,,DND - Injury/Illness,,,0.0,0.0,0.0,0.0,0.0,0.0,0.0,0.0,0.0,0.0,0.0,0.0,0.0,0.0,0.0,0.0,0.0,0.0,0.0,0.0,0.0,0.0,2022200111,2025-08-10T09:34:27.805952,
2022200111,1612709921,Long Island,Nets,LIN,nets,1631410.0,Kameron,Hankerson,K. Hankerson,kameron-hankerson,,DNP - Coach's Decision,,,0.0,0.0,0.0,0.0,0.0,0.0,0.0,0.0,0.0,0.0,0.0,0.0,0.0,0.0,0.0,0.0,0.0,0.0,0.0,0.0,0.0,0.0,2022200111,2025-08-10T09:34:27.805952,
2022200111,1612709921,Long Island,Nets,LIN,nets,1630672.0,Brandon,Rachal,B. Rachal,brandon-rachal,,DND - Injury/Illness,,,0.0,0.0,0.0,0.0,0.0,0.0,0.0,0.0,0.0,0.0,0.0,0.0,0.0,0.0,0.0,0.0,0.0,0.0,0.0,0.0,0.0,0.0,2022200111,2025-08-10T09:34:27.805952,
2022200111,1612709921,Long Island,Nets,LIN,nets,1631495.0,Donovan,Williams,D. Williams,donovan-williams,,NWT - Not With Team,,,0.0,0.0,0.0,0.0,0.0,0.0,0.0,0.0,0.0,0.0,0.0,0.0,0.0,0.0,0.0,0.0,0.0,0.0,0.0,0.0,0.0,0.0,2022200111,2025-08-10T09:34:27.805952,
2022200111,1612709921,Long Island,Nets,LIN,nets,,,,,,,,,240:00,466.0,93.2,408.7,81.7,57.4,11.5,0.794,1.42,19.0,0.222,0.741,0.481,18.4,0.47,0.53,1.0,0.983,20.7,103.5,86.25,103.0,0.593,2022200111,2025-08-10T09:34:27.805952,18.447
2022200111,1612709917,Grand Rapids,Gold,GRG,gold,,,,,,,,,240:00,408.7,81.7,466.0,93.2,-57.4,-11.5,0.536,0.63,11.4,0.259,0.778,0.519,23.1,0.404,0.497,1.0,0.957,20.7,103.5,86.25,104.0,0.407,2022200111,2025-08-10T09:34:27.805952,23.077
1022400134,1611661319,Las Vegas,Aces,LVA,aces,1629498.0,Jackie,Young,J. Young,jackie-young,F,,,34:46,104.0,104.0,76.0,76.0,28.0,28.0,0.286,2.0,25.0,0.0,0.087,0.049,12.5,0.615,0.644,0.231,0.231,103.55,103.55,86.29,75.0,0.136,1022400134,2025-08-10T09:34:42.129216,
1022400134,1611661319,Las Vegas,Aces,LVA,aces,1628932.0,A'ja,Wilson,A. Wilson,aja-wilson,F,,,37:20,103.7,103.7,77.5,77.5,26.2,26.2,0.063,0.0,3.8,0.053,0.327,0.207,0.0,0.63,0.666,0.298,0.298,103.5,103.5,86.25,81.0,0.352,1022400134,2025-08-10T09:34:42.129216,
1022400134,1611661319,Las Vegas,Aces,LVA,aces,204329.0,Kiah,Stokes,K. Stokes,kiah-stokes,C,,,14:16,75.9,75.9,89.7,89.7,-13.8,-13.8,0.0,0.0,0.0,0.0,0.105,0.054,0.0,0.0,0.0,0.0,0.0,97.57,97.57,81.31,29.0,0.011,1022400134,2025-08-10T09:34:42.129216,
1022400134,1611661319,Las Vegas,Aces,LVA,aces,1628276.0,Kelsey,Plum,K. Plum,kelsey-plum,G,,,32:34,108.6,108.6,78.3,78.3,30.3,30.3,0.318,2.33,30.4,0.0,0.119,0.067,13.0,0.455,0.568,0.219,0.219,102.44,102.44,85.37,70.0,0.137,1022400134,2025-08-10T09:34:42.129216,
1022400134,1611661319,Las Vegas,Aces,LVA,aces,203833.0,Chelsea,Gray,C. Gray,chelsea-gray,G,,,31:16,105.9,105.9,83.3,83.3,22.5,22.5,0.227,5.0,31.3,0.0,0.073,0.041,6.3,0.222,0.253,0.155,0.155,102.85,102.85,85.71,68.0,0.035,1022400134,2025-08-10T09:34:42.129216,
1022400134,1611661319,Las Vegas,Aces,LVA,aces,202252.0,Alysha,Clark,A. Clark,alysha-clark,,,,20:33,79.2,79.2,77.6,77.6,1.6,1.6,0.143,2.0,25.0,0.0,0.083,0.041,12.5,0.3,0.3,0.118,0.118,113.28,113.28,94.4,48.0,0.008,1022400134,2025-08-10T09:34:42.129216,
1022400134,1611661319,Las Vegas,Aces,LVA,aces,203026.0,Tiffany,Hayes,T. Hayes,tiffany-hayes,,,,18:34,85.4,85.4,81.0,81.0,4.4,4.4,0.091,0.0,16.7,0.0,0.0,0.0,0.0,0.25,0.307,0.116,0.116,107.29,107.29,89.41,41.0,0.0,1022400134,2025-08-10T09:34:42.129216,
1022400134,1611661319,Las Vegas,Aces,LVA,aces,1642324.0,Kate,Martin,K. Martin,kate-martin,,,,10:41,68.2,68.2,104.3,104.3,-36.2,-36.2,0.0,0.0,0.0,0.091,0.083,0.087,16.7,0.6,0.6,0.261,0.261,101.09,101.09,84.24,22.0,0.109,1022400134,2025-08-10T09:34:42.129216,
1022400134,1611661319,Las Vegas,Aces,LVA,aces,1631006.0,Kierstan,Bell,K. Bell,kierstan-bell,,DNP - Coach's Decision,,,0.0,0.0,0.0,0.0,0.0,0.0,0.0,0.0,0.0,0.0,0.0,0.0,0.0,0.0,0.0,0.0,0.0,0.0,0.0,0.0,0.0,0.0,1022400134,2025-08-10T09:34:42.129216,
1022400134,1611661319,Las Vegas,Aces,LVA,aces,202641.0,Sydney,Colson,S. Colson,sydney-colson,,DNP - Coach's Decision,,,0.0,0.0,0.0,0.0,0.0,0.0,0.0,0.0,0.0,0.0,0.0,0.0,0.0,0.0,0.0,0.0,0.0,0.0,0.0,0.0,0.0,0.0,1022400134,2025-08-10T09:34:42.129216,
1022400134,1611661319,Las Vegas,Aces,LVA,aces,1629484.0,Megan,Gustafson,M. Gustafson,megan-gustafson,,DNP - Coach's Decision,,,0.0,0.0,0.0,0.0,0.0,0.0,0.0,0.0,0.0,0.0,0.0,0.0,0.0,0.0,0.0,0.0,0.0,0.0,0.0,0.0,0.0,0.0,1022400134,2025-08-10T09:34:42.129216,
1022400134,1611661330,Atlanta,Dream,ATL,dream,1628277.0,Allisha,Gray,A. Gray,allisha-gray,F,,,38:22,81.9,81.9,92.7,92.7,-10.8,-10.8,0.167,1.33,16.7,0.042,0.119,0.078,12.5,0.267,0.32,0.208,0.208,103.21,103.21,86.01,83.0,0.036,1022400134,2025-08-10T09:34:42.129216,
1022400134,1611661330,Atlanta,Dream,ATL,dream,1631044.0,Naz,Hillmon,N. Hillmon,naz-hillmon,F,,,18:00,74.3,74.3,108.1,108.1,-33.8,-33.8,0.091,0.0,50.0,0.103,0.353,0.196,0.0,1.0,1.0,0.023,0.023,96.0,96.0,80.0,35.0,0.193,1022400134,2025-08-10T09:34:42.129216,
1022400134,1611661330,Atlanta,Dream,ATL,dream,202250.0,Tina,Charles,T. Charles,tina-charles,C,,,25:46,69.1,69.1,121.4,121.4,-52.3,-52.3,0.091,1.0,4.8,0.108,0.333,0.197,4.8,0.294,0.32,0.308,0.308,103.39,103.39,86.16,55.0,0.043,1022400134,2025-08-10T09:34:42.129216,
1022400134,1611661330,Atlanta,Dream,ATL,dream,1630471.0,Maya,Caldwell,M. Caldwell,maya-caldwell,G,,,28:46,68.3,68.3,93.8,93.8,-25.5,-25.5,0.0,0.0,0.0,0.025,0.063,0.042,10.5,0.382,0.382,0.26,0.26,105.96,105.96,88.3,63.0,0.006,1022400134,2025-08-10T09:34:42.129216,
1022400134,1611661330,Atlanta,Dream,ATL,dream,1641650.0,Haley,Jones,H. Jones,haley-jones,G,,,26:38,73.2,73.2,105.4,105.4,-32.1,-32.1,0.133,0.67,20.0,0.0,0.036,0.015,30.0,0.3,0.3,0.121,0.121,100.93,100.93,84.11,56.0,-0.04,1022400134,2025-08-10T09:34:42.129216,
1022400134,1611661330,Atlanta,Dream,ATL,dream,204323.0,Cheyenne,Parker-Tyus,C. Parker-Tyus,cheyenne-parker-tyus,,,,20:48,87.2,87.2,72.3,72.3,14.9,14.9,0.0,0.0,0.0,0.045,0.231,0.146,8.3,0.778,0.79,0.226,0.226,108.46,108.46,90.38,47.0,0.316,1022400134,2025-08-10T09:34:42.129216,
1022400134,1611661330,Atlanta,Dream,ATL,dream,1628269.0,Nia,Coffey,N. Coffey,nia-coffey,,,,15:26,100.0,100.0,76.5,76.5,23.5,23.5,0.25,3.0,30.0,0.071,0.211,0.152,10.0,0.2,0.34,0.184,0.184,107.3,107.3,89.42,35.0,0.118,1022400134,2025-08-10T09:34:42.129216,
1022400134,1611661330,Atlanta,Dream,ATL,dream,1631089.0,Destanni,Henderson,D. Henderson,destanni-henderson,,,,26:14,103.6,103.6,98.3,98.3,5.3,5.3,0.238,1.67,31.3,0.0,0.111,0.055,18.8,0.5,0.5,0.169,0.169,104.29,104.29,86.91,56.0,0.074,1022400134,2025-08-10T09:34:42.129216,
1022400134,1611661330,Atlanta,Dream,ATL,dream,1631032.0,Lorela,Cubaj,L. Cubaj,lorela-cubaj,,DNP - Coach's Decision,,,0.0,0.0,0.0,0.0,0.0,0.0,0.0,0.0,0.0,0.0,0.0,0.0,0.0,0.0,0.0,0.0,0.0,0.0,0.0,0.0,0.0,0.0,1022400134,2025-08-10T09:34:42.129216,
1022400134,1611661330,Atlanta,Dream,ATL,dream,,,,,,,,,200:00,407.0,81.4,488.4,97.7,-81.4,-16.3,0.552,1.07,13.8,0.294,0.907,0.574,17.4,0.39,0.419,1.0,0.98,20.64,103.2,86.0,86.0,0.378,1022400134,2025-08-10T09:34:42.129216,17.442
1022400134,1611661319,Las Vegas,Aces,LVA,aces,,,,,,,,,200:00,488.4,97.7,407.0,81.4,81.4,16.3,0.759,2.2,19.6,0.093,0.706,0.426,11.6,0.5,0.542,1.0,0.967,20.64,103.2,86.0,86.0,0.622,1022400134,2025-08-10T09:34:42.129216,11.628
2022300344,1612709910,Fort Wayne,Mad Ants,FWN,mad-ants,1630817.0,Pedro,Bradshaw,P. Bradshaw,pedro-bradshaw,F,,,19:55,88.6,88.6,111.6,111.6,-23.0,-23.0,0.0,0.0,0.0,0.0,0.05,0.022,14.3,0.2,0.368,0.146,0.146,104.84,104.84,87.36,44.0,0.013,2022300344,2025-08-10T09:34:56.605485,
2022300344,1612709910,Fort Wayne,Mad Ants,FWN,mad-ants,1631112.0,Kendall,Brown,K. Brown,kendall-brown,F,,,37:31,120.0,120.0,115.0,115.0,5.0,5.0,0.087,0.67,8.7,0.0,0.075,0.043,13.0,0.844,0.901,0.241,0.241,102.35,102.35,85.3,80.0,0.171,2022300344,2025-08-10T09:34:56.605485,
2022300344,1612709910,Fort Wayne,Mad Ants,FWN,mad-ants,1631131.0,Oscar,Tshiebwe,O. Tshiebwe,oscar-tshiebwe,C,,,36:57,124.7,124.7,106.3,106.3,18.4,18.4,0.179,0.0,20.8,0.143,0.561,0.391,0.0,0.667,0.814,0.224,0.224,104.57,104.57,87.14,81.0,0.291,2022300344,2025-08-10T09:34:56.605485,
2022300344,1612709910,Fort Wayne,Mad Ants,FWN,mad-ants,203901.0,Elfrid,Payton,E. Payton,elfrid-payton,G,,,35:52,111.7,111.7,103.9,103.9,7.7,7.7,0.32,2.0,27.6,0.036,0.125,0.088,13.8,0.4,0.378,0.25,0.25,102.4,102.4,85.33,77.0,0.074,2022300344,2025-08-10T09:34:56.605485,
2022300344,1612709910,Fort Wayne,Mad Ants,FWN,mad-ants,1630667.0,Kyle,Mangas,K. Mangas,kyle-mangas,G,,,36:43,105.0,105.0,92.1,92.1,12.9,12.9,0.036,1.0,6.7,0.0,0.045,0.026,6.7,0.5,0.631,0.159,0.159,101.97,101.97,84.98,80.0,0.082,2022300344,2025-08-10T09:34:56.605485,
2022300344,1612709910,Fort Wayne,Mad Ants,FWN,mad-ants,1630847.0,Will,Vorhees,W. Vorhees,will-vorhees,,,,11:03,68.0,68.0,96.2,96.2,-28.2,-28.2,0.0,0.0,0.0,0.067,0.0,0.033,0.0,0.5,0.5,0.069,0.069,110.77,110.77,92.31,25.0,-0.036,2022300344,2025-08-10T09:34:56.605485,
2022300344,1612709910,Fort Wayne,Mad Ants,FWN,mad-ants,1631209.0,Isaiah,Wong,I. Wong,isaiah-wong,,,,34:29,113.2,113.2,101.3,101.3,11.9,11.9,0.038,0.25,5.0,0.0,0.089,0.053,20.0,0.633,0.648,0.238,0.238,108.55,108.55,90.46,76.0,0.067,2022300344,2025-08-10T09:34:56.605485,
2022300344,1612709910,Fort Wayne,Mad Ants,FWN,mad-ants,1628591.0,Craig,Sword,C. Sword,craig-sword,,,,14:48,130.3,130.3,105.7,105.7,24.6,24.6,0.056,0.0,100.0,0.0,0.095,0.056,0.0,0.0,0.0,0.0,0.0,110.27,110.27,91.89,33.0,0.0,2022300344,2025-08-10T09:34:56.605485,
2022300344,1612709910,Fort Wayne,Mad Ants,FWN,mad-ants,1641849.0,Darius,McGhee,D. McGhee,darius-mcghee,,,,12:42,140.7,140.7,117.9,117.9,22.9,22.9,0.333,0.0,36.4,0.0,0.071,0.042,0.0,0.25,0.363,0.25,0.25,103.94,103.94,86.61,27.0,0.073,2022300344,2025-08-10T09:34:56.605485,
2022300344,1612709910,Fort Wayne,Mad Ants,FWN,mad-ants,1628395.0,Jordan,Bell,J. Bell,jordan-bell,,NWT - Injury/Illness,,,0.0,0.0,0.0,0.0,0.0,0.0,0.0,0.0,0.0,0.0,0.0,0.0,0.0,0.0,0.0,0.0,0.0,0.0,0.0,0.0,0.0,0.0,2022300344,2025-08-10T09:34:56.605485,
2022300344,1612709910,Fort Wayne,Mad Ants,FWN,mad-ants,1627208.0,Stephan,Hicks,S. Hicks,stephan-hicks,,DNP - Coach's Decision,,,0.0,0.0,0.0,0.0,0.0,0.0,0.0,0.0,0.0,0.0,0.0,0.0,0.0,0.0,0.0,0.0,0.0,0.0,0.0,0.0,0.0,0.0,2022300344,2025-08-10T09:34:56.605485,
2022300344,1612709910,Fort Wayne,Mad Ants,FWN,mad-ants,1631340.0,Mojave,King,M. King,mojave-king,,NWT - Injury/Illness,,,0.0,0.0,0.0,0.0,0.0,0.0,0.0,0.0,0.0,0.0,0.0,0.0,0.0,0.0,0.0,0.0,0.0,0.0,0.0,0.0,0.0,0.0,2022300344,2025-08-10T09:34:56.605485,
2022300344,1612709932,Motor City,Cruise,MCC,cruise,1631197.0,Jared,Rhoden,J. Rhoden,jared-rhoden,F,,,37:33,119.5,119.5,107.4,107.4,12.1,12.1,0.0,0.0,0.0,0.0,0.176,0.079,4.5,0.775,0.758,0.237,0.237,104.18,104.18,86.82,82.0,0.147,2022300344,2025-08-10T09:34:56.605485,
2022300344,1612709932,Motor City,Cruise,MCC,cruise,1630649.0,Stanley,Umude,S. Umude,stanley-umude,F,,,21:26,100.0,100.0,122.7,122.7,-22.7,-22.7,0.067,1.0,9.1,0.0,0.167,0.077,9.1,0.111,0.111,0.233,0.233,95.18,95.18,79.32,41.0,-0.038,2022300344,2025-08-10T09:34:56.605485,
2022300344,1612709932,Motor City,Cruise,MCC,cruise,1631384.0,Jayce,Johnson,J. Johnson,jayce-johnson,C,,,29:16,113.1,113.1,106.3,106.3,6.8,6.8,0.0,0.0,0.0,0.161,0.208,0.182,23.1,0.667,0.742,0.188,0.188,101.69,101.69,84.74,61.0,0.098,2022300344,2025-08-10T09:34:56.605485,
2022300344,1612709932,Motor City,Cruise,MCC,cruise,1631205.0,Buddy,Boeheim,B. Boeheim,buddy-boeheim,G,,,32:43,118.1,118.1,100.0,100.0,18.1,18.1,0.12,0.0,15.0,0.029,0.065,0.046,0.0,0.75,0.791,0.213,0.213,105.63,105.63,88.03,72.0,0.172,2022300344,2025-08-10T09:34:56.605485,
2022300344,1612709932,Motor City,Cruise,MCC,cruise,1630285.0,Zavier,Simpson,Z. Simpson,zavier-simpson,G,,,37:44,103.6,103.6,103.6,103.6,0.0,0.0,0.483,4.67,38.9,0.023,0.086,0.051,8.3,0.382,0.419,0.239,0.239,105.58,105.58,87.99,83.0,0.102,2022300344,2025-08-10T09:34:56.605485,
2022300344,1612709932,Motor City,Cruise,MCC,cruise,1641787.0,Tosan,Evbuomwan,T. Evbuomwan,tosan-evbuomwan,,,,34:08,101.3,101.3,110.4,110.4,-9.1,-9.1,0.12,1.5,16.7,0.0,0.25,0.107,11.1,0.577,0.577,0.172,0.172,108.28,108.28,90.23,77.0,0.105,2022300344,2025-08-10T09:34:56.605485,
2022300344,1612709932,Motor City,Cruise,MCC,cruise,1630233.0,Nathan,Knight,N. Knight,nathan-knight,,,,18:44,97.6,97.6,118.6,118.6,-21.0,-21.0,0.0,0.0,0.0,0.12,0.158,0.136,12.5,0.167,0.363,0.174,0.174,108.9,108.9,90.75,42.0,0.027,2022300344,2025-08-10T09:34:56.605485,
2022300344,1612709932,Motor City,Cruise,MCC,cruise,1642045.0,Devon,Higgs,D. Higgs,devon-higgs,,,,15:17,75.8,75.8,139.4,139.4,-63.6,-63.6,0.0,0.0,0.0,0.045,0.0,0.029,0.0,0.5,0.5,0.054,0.054,103.64,103.64,86.37,33.0,0.008,2022300344,2025-08-10T09:34:56.605485,
2022300344,1612709932,Motor City,Cruise,MCC,cruise,1628532.0,ShawnDre,Jones,S. Jones,shawndre-jones,,,,10:16,109.1,109.1,152.4,152.4,-43.3,-43.3,0.333,0.0,37.5,0.0,0.0,0.0,0.0,0.0,0.0,0.2,0.2,100.52,100.52,83.77,22.0,-0.037,2022300344,2025-08-10T09:34:56.605485,
2022300344,1612709932,Motor City,Cruise,MCC,cruise,1631208.0,Ryan,Turell,R. Turell,ryan-turell,,,,2:53,42.9,42.9,166.7,166.7,-123.8,-123.8,0.0,0.0,0.0,0.0,0.0,0.0,0.0,0.0,0.0,0.125,0.125,108.21,108.21,90.17,7.0,-0.083,2022300344,2025-08-10T09:34:56.605485,
2022300344,1612709932,Motor City,Cruise,MCC,cruise,1642071.0,Sam,Peek,S. Peek,sam-peek,,DNP - Coach's Decision,,,0.0,0.0,0.0,0.0,0.0,0.0,0.0,0.0,0.0,0.0,0.0,0.0,0.0,0.0,0.0,0.0,0.0,0.0,0.0,0.0,0.0,0.0,2022300344,2025-08-10T09:34:56.605485,
2022300344,1612709932,Motor City,Cruise,MCC,cruise,1631341.0,Chandler,Vaudrin,C. Vaudrin,chandler-vaudrin,,DNP - Injury/Illness,,,0.0,0.0,0.0,0.0,0.0,0.0,0.0,0.0,0.0,0.0,0.0,0.0,0.0,0.0,0.0,0.0,0.0,0.0,0.0,0.0,0.0,0.0,2022300344,2025-08-10T09:34:56.605485,
2022300344,1612709932,Motor City,Cruise,MCC,cruise,,,,,,,,,240:00,534.0,106.8,567.3,113.5,-33.3,-6.7,0.545,2.18,17.3,0.232,0.791,0.475,10.7,0.515,0.544,1.0,1.0,20.7,103.5,86.25,103.0,0.428,2022300344,2025-08-10T09:34:56.605485,10.68
2022300344,1612709910,Fort Wayne,Mad Ants,FWN,mad-ants,,,,,,,,,240:00,567.3,113.5,534.0,106.8,33.3,6.7,0.489,1.57,16.4,0.209,0.768,0.525,13.5,0.565,0.638,1.0,0.982,20.7,103.5,86.25,104.0,0.572,2022300344,2025-08-10T09:34:56.605485,13.462
2022200397,1612709928,Capital City,Go-Go,CCG,go-go,1628591.0,Craig,Sword,C. Sword,craig-sword,F,,,27:43,84.9,84.9,122.6,122.6,-37.7,-37.7,0.0,0.0,0.0,0.037,0.25,0.116,10.0,0.571,0.661,0.167,0.167,91.79,91.79,76.49,53.0,0.098,2022200397,2025-08-10T09:35:37.105292,
2022200397,1612709928,Capital City,Go-Go,CCG,go-go,1631262.0,Jules,Bernard,J. Bernard,jules-bernard,F,,,36:05,105.7,105.7,124.7,124.7,-18.9,-18.9,0.043,0.33,5.6,0.107,0.0,0.058,16.7,0.375,0.526,0.21,0.21,95.11,95.11,79.26,70.0,0.083,2022200397,2025-08-10T09:35:37.105292,
2022200397,1612709928,Capital City,Go-Go,CCG,go-go,1630643.0,Jay,Huff,J. Huff,jay-huff,C,,,19:53,81.1,81.1,139.5,139.5,-58.4,-58.4,0.286,2.0,16.7,0.25,0.2,0.231,8.3,0.625,0.711,0.233,0.233,90.53,90.53,75.44,37.0,0.172,2022200397,2025-08-10T09:35:37.105292,
2022200397,1612709928,Capital City,Go-Go,CCG,go-go,1631293.0,Davion,Mintz,D. Mintz,davion-mintz,G,,,39:27,114.3,114.3,126.0,126.0,-11.7,-11.7,0.143,2.0,20.0,0.0,0.087,0.038,10.0,0.375,0.505,0.178,0.178,93.69,93.69,78.07,77.0,0.06,2022200397,2025-08-10T09:35:37.105292,
2022200397,1612709928,Capital City,Go-Go,CCG,go-go,1629653.0,Devon,Dotson,D. Dotson,devon-dotson,G,,,27:09,90.2,90.2,127.5,127.5,-37.3,-37.3,0.0,0.0,0.0,0.038,0.063,0.048,33.3,0.143,0.269,0.197,0.197,90.17,90.17,75.14,51.0,-0.046,2022200397,2025-08-10T09:35:37.105292,
2022200397,1612709928,Capital City,Go-Go,CCG,go-go,1630652.0,Trevion,Williams,T. Williams,trevion-williams,,,,27:02,114.8,114.8,112.1,112.1,2.7,2.7,0.182,1.0,11.8,0.217,0.35,0.279,11.8,0.833,0.884,0.234,0.234,99.43,99.43,82.86,54.0,0.259,2022200397,2025-08-10T09:35:37.105292,
2022200397,1612709928,Capital City,Go-Go,CCG,go-go,1631245.0,Quenton,Jackson,Q. Jackson,quenton-jackson,,,,14:06,87.5,87.5,121.9,121.9,-34.4,-34.4,0.125,0.14,9.1,0.0,0.0,0.0,63.6,1.0,0.82,0.278,0.278,108.94,108.94,90.78,32.0,-0.051,2022200397,2025-08-10T09:35:37.105292,
2022200397,1612709928,Capital City,Go-Go,CCG,go-go,1630225.0,Isaiah,Todd,I. Todd,isaiah-todd,,,,25:44,107.5,107.5,120.0,120.0,-12.5,-12.5,0.0,0.0,0.0,0.048,0.077,0.059,0.0,0.5,0.683,0.131,0.131,100.73,100.73,83.94,53.0,0.033,2022200397,2025-08-10T09:35:37.105292,
2022200397,1612709928,Capital City,Go-Go,CCG,go-go,1628600.0,JD,Tisdale Jr.,J. Tisdale Jr.,jd-tisdale-jr,,,,14:53,123.3,123.3,112.9,112.9,10.4,10.4,0.222,2.0,25.0,0.0,0.0,0.0,12.5,0.375,0.563,0.167,0.167,98.37,98.37,81.97,30.0,0.05,2022200397,2025-08-10T09:35:37.105292,
2022200397,1612709928,Capital City,Go-Go,CCG,go-go,1631294.0,Theo,John,T. John,theo-john,,,,4:33,50.0,50.0,110.0,110.0,-60.0,-60.0,0.0,0.0,0.0,0.0,0.0,0.0,0.0,0.0,0.0,0.0,0.0,105.49,105.49,87.91,10.0,0.0,2022200397,2025-08-10T09:35:37.105292,
2022200397,1612709928,Capital City,Go-Go,CCG,go-go,1631426.0,Isaiah,Mucius,I. Mucius,isaiah-mucius,,,,3:25,42.9,42.9,100.0,100.0,-57.1,-57.1,0.0,0.0,0.0,0.0,0.0,0.0,0.0,0.0,0.0,0.429,0.429,105.37,105.37,87.8,7.0,-0.429,2022200397,2025-08-10T09:35:37.105292,
2022200397,1612709928,Capital City,Go-Go,CCG,go-go,1630588.0,Makur,Maker,M. Maker,makur-maker,,DNP - Coach's Decision,,,0.0,0.0,0.0,0.0,0.0,0.0,0.0,0.0,0.0,0.0,0.0,0.0,0.0,0.0,0.0,0.0,0.0,0.0,0.0,0.0,0.0,0.0,2022200397,2025-08-10T09:35:37.105292,
2022200397,1612709925,Osceola,Magic,OSC,magic,1630284.0,Kevon,Harris,K. Harris,kevon-harris,F,,,31:10,131.1,131.1,83.3,83.3,47.8,47.8,0.192,2.5,31.3,0.0,0.103,0.063,12.5,0.556,0.583,0.162,0.162,93.18,93.18,77.65,61.0,0.119,2022200397,2025-08-10T09:35:37.105292,
2022200397,1612709925,Osceola,Magic,OSC,magic,1631421.0,Au'Diese,Toney,A. Toney,audiese-toney,F,,,26:11,128.0,128.0,87.5,87.5,40.5,40.5,0.0,0.0,0.0,0.167,0.087,0.122,0.0,0.688,0.845,0.175,0.175,89.83,89.83,74.86,50.0,0.186,2022200397,2025-08-10T09:35:37.105292,
2022200397,1612709925,Osceola,Magic,OSC,magic,1630312.0,Robert,Baker,R. Baker,robert-baker,C,,,31:12,136.7,136.7,86.7,86.7,50.0,50.0,0.087,1.0,11.8,0.083,0.207,0.171,11.8,0.909,1.01,0.234,0.234,92.31,92.31,76.92,60.0,0.239,2022200397,2025-08-10T09:35:37.105292,
2022200397,1612709925,Osceola,Magic,OSC,magic,1630206.0,Jay,Scrubb,J. Scrubb,jay-scrubb,G,,,8:43,117.6,117.6,64.7,64.7,52.9,52.9,0.0,0.0,0.0,0.0,0.2,0.143,50.0,0.875,0.875,0.471,0.471,93.61,93.61,78.01,17.0,0.12,2022200397,2025-08-10T09:35:37.105292,
2022200397,1612709925,Osceola,Magic,OSC,magic,1630285.0,Zavier,Simpson,Z. Simpson,zavier-simpson,G,,,32:08,126.6,126.6,98.4,98.4,28.2,28.2,0.44,2.75,40.7,0.042,0.115,0.08,14.8,0.6,0.643,0.222,0.222,93.36,93.36,77.8,64.0,0.171,2022200397,2025-08-10T09:35:37.105292,
2022200397,1612709925,Osceola,Magic,OSC,magic,1631216.0,Caleb,Houstan,C. Houstan,caleb-houstan,,,,28:00,129.3,129.3,96.5,96.5,32.8,32.8,0.091,0.67,12.5,0.095,0.143,0.119,18.8,0.773,0.773,0.212,0.212,98.57,98.57,82.14,58.0,0.131,2022200397,2025-08-10T09:35:37.105292,
2022200397,1612709925,Osceola,Magic,OSC,magic,1630555.0,Joel,Ayayi,J. Ayayi,joel-ayayi,,,,21:49,117.0,117.0,112.8,112.8,4.3,4.3,0.143,1.5,37.5,0.0,0.053,0.034,25.0,0.833,0.833,0.1,0.1,103.41,103.41,86.17,47.0,0.085,2022200397,2025-08-10T09:35:37.105292,
2022200397,1612709925,Osceola,Magic,OSC,magic,1629245.0,Nuni,Omot,N. Omot,nuni-omot,,,,14:19,112.9,112.9,132.3,132.3,-19.4,-19.4,0.167,0.0,50.0,0.0,0.0,0.0,0.0,1.25,1.25,0.059,0.059,103.93,103.93,86.61,31.0,0.056,2022200397,2025-08-10T09:35:37.105292,
2022200397,1612709925,Osceola,Magic,OSC,magic,1630758.0,Aleem,Ford,A. Ford,aleem-ford,,,,22:09,113.0,113.0,123.9,123.9,-10.9,-10.9,0.067,1.0,8.3,0.0,0.056,0.036,8.3,0.85,0.85,0.22,0.22,99.68,99.68,83.07,46.0,0.13,2022200397,2025-08-10T09:35:37.105292,
2022200397,1612709925,Osceola,Magic,OSC,magic,1630726.0,Riley,LaChance,R. LaChance,riley-lachance,,,,14:28,100.0,100.0,110.7,110.7,-10.7,-10.7,0.2,1.0,22.2,0.0,0.083,0.045,22.2,0.4,0.4,0.212,0.212,92.9,92.9,77.42,28.0,0.02,2022200397,2025-08-10T09:35:37.105292,
2022200397,1612709925,Osceola,Magic,OSC,magic,1631457.0,Alex,Morales,A. Morales,alex-morales,,,,9:51,115.0,115.0,115.0,115.0,0.0,0.0,0.111,0.33,20.0,0.0,0.25,0.2,60.0,0.0,0.0,0.19,0.19,97.46,97.46,81.22,20.0,-0.078,2022200397,2025-08-10T09:35:37.105292,
2022200397,1612709925,Osceola,Magic,OSC,magic,1631300.0,Drake,Jeffries,D. Jeffries,drake-jeffries,,DNP - Coach's Decision,,,0.0,0.0,0.0,0.0,0.0,0.0,0.0,0.0,0.0,0.0,0.0,0.0,0.0,0.0,0.0,0.0,0.0,0.0,0.0,0.0,0.0,0.0,2022200397,2025-08-10T09:35:37.105292,
2022200397,1612709925,Osceola,Magic,OSC,magic,,,,,,,,,240:00,619.8,124.0,505.3,101.1,114.5,22.9,0.617,1.26,21.5,0.393,0.643,0.543,24.0,0.73,0.772,1.0,0.972,19.0,95.0,79.17,96.0,0.642,2022200397,2025-08-10T09:35:37.105292,23.958
2022200397,1612709928,Capital City,Go-Go,CCG,go-go,,,,,,,,,240:00,505.3,101.1,619.8,124.0,-114.5,-22.9,0.364,0.52,9.9,0.357,0.607,0.457,24.5,0.486,0.593,1.0,0.982,19.0,95.0,79.17,94.0,0.358,2022200397,2025-08-10T09:35:37.105292,24.468
2022400192,1612709934,Valley,Suns,VAL,suns,1642473.0,Moses,Wood,M. Wood,moses-wood,F,,,22:56,112.0,112.0,118.4,118.4,-6.4,-6.4,0.0,0.0,0.0,0.03,0.08,0.052,0.0,0.438,0.438,0.129,0.129,103.6,103.6,86.34,50.0,0.03,2022400192,2025-08-10T09:35:50.315810,
2022400192,1612709934,Valley,Suns,VAL,suns,1641779.0,Jalen,Bridges,J. Bridges,jalen-bridges,F,,,33:14,116.9,116.9,109.3,109.3,7.5,7.5,0.036,1.0,5.0,0.067,0.139,0.099,5.0,0.472,0.488,0.204,0.204,109.77,109.77,91.47,77.0,0.103,2022400192,2025-08-10T09:35:50.315810,
2022400192,1612709934,Valley,Suns,VAL,suns,1642345.0,Oso,Ighodaro,O. Ighodaro,oso-ighodaro,C,,,33:21,116.5,116.5,101.3,101.3,15.2,15.2,0.185,1.67,22.7,0.116,0.342,0.222,13.6,0.643,0.623,0.185,0.185,112.98,112.98,94.15,79.0,0.175,2022400192,2025-08-10T09:35:50.315810,
2022400192,1612709934,Valley,Suns,VAL,suns,1631102.0,TyTy,Washington Jr.,T. Washington Jr.,tyty-washington-jr,G,,,30:37,111.1,111.1,105.6,105.6,5.5,5.5,0.154,2.0,20.0,0.024,0.059,0.04,10.0,0.464,0.464,0.188,0.188,112.1,112.1,93.41,72.0,0.066,2022400192,2025-08-10T09:35:50.315810,
2022400192,1612709934,Valley,Suns,VAL,suns,1631221.0,Collin,Gillespie,C. Gillespie,collin-gillespie,G,,,41:39,119.1,119.1,105.2,105.2,13.9,13.9,0.265,3.0,25.7,0.058,0.136,0.094,8.6,0.65,0.685,0.236,0.236,109.48,109.48,91.24,94.0,0.164,2022400192,2025-08-10T09:35:50.315810,
2022400192,1612709934,Valley,Suns,VAL,suns,204065.0,David,Stockton,D. Stockton,david-stockton,,,,23:58,101.9,101.9,100.0,100.0,1.9,1.9,0.389,2.33,36.8,0.038,0.069,0.055,15.8,0.5,0.592,0.203,0.203,109.15,109.15,90.96,54.0,0.084,2022400192,2025-08-10T09:35:50.315810,
2022400192,1612709934,Valley,Suns,VAL,suns,1628778.0,Paul,Watson,P. Watson,paul-watson,,,,16:26,105.7,105.7,100.0,100.0,5.7,5.7,0.0,0.0,0.0,0.0,0.053,0.028,0.0,0.0,0.0,0.081,0.081,105.15,105.15,87.63,35.0,-0.041,2022400192,2025-08-10T09:35:50.315810,
2022400192,1612709934,Valley,Suns,VAL,suns,1631455.0,Jaden,Shackelford,J. Shackelford,jaden-shackelford,,,,23:10,107.4,107.4,94.5,94.5,12.9,12.9,0.125,0.0,9.5,0.038,0.034,0.036,0.0,0.382,0.469,0.328,0.328,112.92,112.92,94.1,54.0,0.072,2022400192,2025-08-10T09:35:50.315810,
2022400192,1612709934,Valley,Suns,VAL,suns,1642487.0,Tyrese,Samuel,T. Samuel,tyrese-samuel,,,,14:39,100.0,100.0,112.5,112.5,-12.5,-12.5,0.0,0.0,0.0,0.059,0.438,0.242,0.0,0.75,0.788,0.118,0.118,101.57,101.57,84.64,30.0,0.204,2022400192,2025-08-10T09:35:50.315810,
2022400192,1612709934,Valley,Suns,VAL,suns,1630711.0,Olin,Carter III,O. Carter III,olin-carter-iii,,DNP - Coach's Decision,,,0.0,0.0,0.0,0.0,0.0,0.0,0.0,0.0,0.0,0.0,0.0,0.0,0.0,0.0,0.0,0.0,0.0,0.0,0.0,0.0,0.0,0.0,2022400192,2025-08-10T09:35:50.315810,
2022400192,1612709934,Valley,Suns,VAL,suns,1629603.0,Mamadi,Diakite,M. Diakite,mamadi-diakite,,DND - Injury/Illness,,,0.0,0.0,0.0,0.0,0.0,0.0,0.0,0.0,0.0,0.0,0.0,0.0,0.0,0.0,0.0,0.0,0.0,0.0,0.0,0.0,0.0,0.0,2022400192,2025-08-10T09:35:50.315810,
2022400192,1612709934,Valley,Suns,VAL,suns,1629993.0,Kaleb,Johnson,K. Johnson,kaleb-johnson,,DNP - Coach's Decision,,,0.0,0.0,0.0,0.0,0.0,0.0,0.0,0.0,0.0,0.0,0.0,0.0,0.0,0.0,0.0,0.0,0.0,0.0,0.0,0.0,0.0,0.0,2022400192,2025-08-10T09:35:50.315810,
2022400192,1612709934,Valley,Suns,VAL,suns,1630199.0,Cassius,Stanley,C. Stanley,cassius-stanley,,DNP - Coach's Decision,,,0.0,0.0,0.0,0.0,0.0,0.0,0.0,0.0,0.0,0.0,0.0,0.0,0.0,0.0,0.0,0.0,0.0,0.0,0.0,0.0,0.0,0.0,2022400192,2025-08-10T09:35:50.315810,
2022400192,1612709934,Valley,Suns,VAL,suns,1628698.0,Eric,Washington,E. Washington,eric-washington,,DNP - Coach's Decision,,,0.0,0.0,0.0,0.0,0.0,0.0,0.0,0.0,0.0,0.0,0.0,0.0,0.0,0.0,0.0,0.0,0.0,0.0,0.0,0.0,0.0,0.0,2022400192,2025-08-10T09:35:50.315810,
2022400192,1612709903,Salt Lake City,Stars,SLC,stars,1641795.0,Taevion,Kinsey,T. Kinsey,taevion-kinsey,F,,,39:06,113.5,113.5,106.7,106.7,6.8,6.8,0.0,0.0,0.0,0.07,0.039,0.053,8.3,0.8,0.766,0.12,0.12,109.89,109.89,91.58,89.0,0.073,2022400192,2025-08-10T09:35:50.315810,
2022400192,1612709903,Salt Lake City,Stars,SLC,stars,1641864.0,Keshawn,Justice,K. Justice,keshawn-justice,F,,,28:55,119.7,119.7,110.6,110.6,9.1,9.1,0.077,2.0,15.4,0.0,0.206,0.117,7.7,0.444,0.53,0.151,0.151,109.53,109.53,91.28,66.0,0.076,2022400192,2025-08-10T09:35:50.315810,
2022400192,1612709903,Salt Lake City,Stars,SLC,stars,1642693.0,Jaylan,Gainey,J. Gainey,jaylan-gainey,C,,,24:43,110.7,110.7,107.5,107.5,3.2,3.2,0.091,1.0,28.6,0.042,0.29,0.182,28.6,0.667,0.667,0.081,0.081,105.84,105.84,88.2,56.0,0.106,2022400192,2025-08-10T09:35:50.315810,
2022400192,1612709903,Salt Lake City,Stars,SLC,stars,1631220.0,Dereon,Seabron,D. Seabron,dereon-seabron,G,,,41:41,105.3,105.3,117.2,117.2,-11.9,-11.9,0.25,1.75,26.9,0.044,0.17,0.112,15.4,0.667,0.648,0.181,0.181,108.24,108.24,90.2,95.0,0.11,2022400192,2025-08-10T09:35:50.315810,
2022400192,1612709903,Salt Lake City,Stars,SLC,stars,202738.0,Isaiah,Thomas,I. Thomas,isaiah-thomas,G,,,33:29,107.8,107.8,112.8,112.8,-5.0,-5.0,0.5,1.5,19.1,0.053,0.022,0.036,12.8,0.536,0.662,0.437,0.437,111.1,111.1,92.58,77.0,0.168,2022400192,2025-08-10T09:35:50.315810,
2022400192,1612709903,Salt Lake City,Stars,SLC,stars,1631171.0,Justin,Lewis,J. Lewis,justin-lewis,,,,23:17,94.6,94.6,116.1,116.1,-21.4,-21.4,0.176,1.0,20.0,0.067,0.241,0.153,20.0,0.278,0.278,0.194,0.194,115.45,115.45,96.21,56.0,0.073,2022400192,2025-08-10T09:35:50.315810,
2022400192,1612709903,Salt Lake City,Stars,SLC,stars,1630546.0,Max,Abmas,M. Abmas,max-abmas,,,,20:50,97.9,97.9,100.0,100.0,-2.1,-2.1,0.125,0.0,16.7,0.0,0.048,0.022,0.0,0.313,0.394,0.192,0.192,109.44,109.44,91.2,48.0,0.021,2022400192,2025-08-10T09:35:50.315810,
2022400192,1612709903,Salt Lake City,Stars,SLC,stars,1641526.0,Babacar,Sane,B. Sane,babacar-sane,,,,4:12,63.6,63.6,160.0,160.0,-96.4,-96.4,0.0,0.0,0.0,0.0,0.0,0.0,0.0,0.0,0.0,0.091,0.091,120.0,120.0,100.0,11.0,-0.04,2022400192,2025-08-10T09:35:50.315810,
2022400192,1612709903,Salt Lake City,Stars,SLC,stars,1641863.0,Dane,Goodwin,D. Goodwin,dane-goodwin,,,,23:47,82.7,82.7,113.5,113.5,-30.8,-30.8,0.083,0.0,8.3,0.03,0.188,0.108,0.0,0.591,0.591,0.19,0.19,104.95,104.95,87.46,52.0,0.134,2022400192,2025-08-10T09:35:50.315810,
2022400192,1612709903,Salt Lake City,Stars,SLC,stars,1641989.0,Elijah,Harkless,E. Harkless,elijah-harkless,,DNP - Coach's Decision,,,0.0,0.0,0.0,0.0,0.0,0.0,0.0,0.0,0.0,0.0,0.0,0.0,0.0,0.0,0.0,0.0,0.0,0.0,0.0,0.0,0.0,0.0,2022400192,2025-08-10T09:35:50.315810,
2022400192,1612709903,Salt Lake City,Stars,SLC,stars,1642640.0,Justin,Harmon,J. Harmon,justin-harmon,,DNP - Coach's Decision,,,0.0,0.0,0.0,0.0,0.0,0.0,0.0,0.0,0.0,0.0,0.0,0.0,0.0,0.0,0.0,0.0,0.0,0.0,0.0,0.0,0.0,0.0,2022400192,2025-08-10T09:35:50.315810,
2022400192,1612709903,Salt Lake City,Stars,SLC,stars,1630695.0,Micah,Potter,M. Potter,micah-potter,,DNP - Coach's Decision,,,0.0,0.0,0.0,0.0,0.0,0.0,0.0,0.0,0.0,0.0,0.0,0.0,0.0,0.0,0.0,0.0,0.0,0.0,0.0,0.0,0.0,0.0,2022400192,2025-08-10T09:35:50.315810,
2022400192,1612709903,Salt Lake City,Stars,SLC,stars,1631131.0,Oscar,Tshiebwe,O. Tshiebwe,oscar-tshiebwe,,DNP - Coach's Decision,,,0.0,0.0,0.0,0.0,0.0,0.0,0.0,0.0,0.0,0.0,0.0,0.0,0.0,0.0,0.0,0.0,0.0,0.0,0.0,0.0,0.0,0.0,2022400192,2025-08-10T09:35:50.315810,
2022400192,1612709903,Salt Lake City,Stars,SLC,stars,,,,,,,,,240:00,527.5,105.5,559.6,111.9,-32.1,-6.4,0.605,1.53,17.7,0.241,0.717,0.491,15.6,0.537,0.584,1.0,0.983,21.8,109.0,90.83,109.0,0.477,2022400192,2025-08-10T09:35:50.317943,15.596
2022400192,1612709934,Valley,Suns,VAL,suns,,,,,,,,,240:00,559.6,111.9,527.5,105.5,32.1,6.4,0.583,2.33,18.2,0.283,0.759,0.509,11.0,0.509,0.542,1.0,0.984,21.8,109.0,90.83,109.0,0.523,2022400192,2025-08-10T09:35:50.317943,11.009
