SEASON_ID,Player_ID,Game_ID,GAME_DATE,MATCHUP,WL,MIN,FGM,FGA,FG_PCT,FG3M,FG3A,FG3_PCT,FTM,FTA,FT_PCT,OREB,DREB,REB,AST,STL,BLK,TOV,PF,PTS,PLUS_MINUS,VIDEO_AVAILABLE,source_player_id,collection_timestamp
22024,1630696,0022400396,"Dec 23, 2024",MIA vs. BKN,W,7,0,1,0.0,0,0,0.0,0,0,0.0,0,1,1,1,0,0,2,1,0,6,1,1630696,2025-08-10T09:40:18.515273
22024,1630696,0022400377,"Dec 21, 2024",MIA @ ORL,L,26,4,8,0.5,2,4,0.5,3,4,0.75,2,2,4,0,4,0,1,5,13,-17,1,1630696,2025-08-10T09:40:18.515273
22024,1630696,0022400375,"Dec 20, 2024",MIA vs. OKC,L,30,5,6,0.833,3,4,0.75,0,0,0.0,0,0,0,4,2,1,3,3,13,-9,1,1630696,2025-08-10T09:40:18.515273
22024,1630696,0022401221,"Dec 16, 2024",MIA @ DET,L,31,2,4,0.5,1,2,0.5,2,2,1.0,0,0,0,2,6,0,1,6,7,21,1,1630696,2025-08-10T09:40:18.515273
22024,1630696,0022401206,"Dec 12, 2024",MIA vs. TOR,W,34,3,7,0.429,1,3,0.333,4,6,0.667,0,3,3,3,1,0,1,1,11,14,1,1630696,2025-08-10T09:40:18.515273
22024,1630696,0022400351,"Dec 08, 2024",MIA vs. CLE,W,26,4,9,0.444,3,6,0.5,0,0,0.0,3,1,4,2,0,0,2,2,11,-2,1,1630696,2025-08-10T09:40:18.515273
22024,1630696,0022400346,"Dec 07, 2024",MIA vs. PHX,W,29,3,5,0.6,1,3,0.333,0,0,0.0,1,3,4,1,2,1,1,5,7,-6,1,1630696,2025-08-10T09:40:18.515273
22024,1630696,0022400321,"Dec 04, 2024",MIA vs. LAL,W,12,1,2,0.5,1,1,1.0,0,0,0.0,1,2,3,3,1,0,2,2,3,8,1,1630696,2025-08-10T09:40:18.515273
22024,1630696,0022400316,"Dec 02, 2024",MIA @ BOS,L,21,3,6,0.5,2,2,1.0,0,0,0.0,3,1,4,2,2,0,1,1,8,-2,1,1630696,2025-08-10T09:40:18.515273
22024,1630696,0022400245,"Nov 18, 2024",MIA vs. PHI,W,25,4,7,0.571,2,4,0.5,0,0,0.0,0,6,6,3,3,0,1,1,10,23,1,1630696,2025-08-10T09:40:18.515273
22024,1630696,0022400147,"Nov 02, 2024",MIA @ WAS,W,2,1,1,1.0,0,0,0.0,0,0,0.0,0,1,1,0,0,0,1,0,2,-2,1,1630696,2025-08-10T09:40:18.515273
22024,1630696,0022400122,"Oct 30, 2024",MIA vs. NYK,L,16,1,4,0.25,0,1,0.0,0,0,0.0,0,4,4,0,0,3,0,0,2,-7,1,1630696,2025-08-10T09:40:18.515273
22024,1630696,0022400088,"Oct 26, 2024",MIA @ CHA,W,3,0,0,0.0,0,0,0.0,0,0,0.0,1,0,1,1,0,0,1,3,0,-2,1,1630696,2025-08-10T09:40:18.515273
22024,1630696,0022400065,"Oct 23, 2024",MIA vs. ORL,L,6,0,1,0.0,0,0,0.0,0,0,0.0,1,0,1,1,0,1,0,0,0,13,1,1630696,2025-08-10T09:40:18.515273
22024,203903,0022401030,"Mar 23, 2025",UTA vs. CLE,L,23,3,11,0.273,2,7,0.286,2,2,1.0,0,3,3,2,0,1,4,0,10,1,1,203903,2025-08-10T09:40:19.185416
22024,203903,0022400627,"Mar 19, 2025",UTA vs. WAS,W,20,5,11,0.455,1,4,0.25,3,4,0.75,0,3,3,4,0,0,5,0,14,10,1,203903,2025-08-10T09:40:19.185416
22024,203903,0022400989,"Mar 17, 2025",UTA vs. CHI,L,22,5,10,0.5,1,5,0.2,3,5,0.6,1,2,3,3,0,0,4,1,14,3,1,203903,2025-08-10T09:40:19.185416
22024,203903,0022400966,"Mar 14, 2025",UTA vs. TOR,L,23,5,9,0.556,2,3,0.667,7,9,0.778,1,1,2,3,2,0,2,1,19,-14,1,203903,2025-08-10T09:40:19.185416
22024,203903,0022400950,"Mar 12, 2025",UTA @ MEM,L,24,3,10,0.3,2,5,0.4,4,5,0.8,1,3,4,2,2,0,5,0,12,-13,1,203903,2025-08-10T09:40:19.185416
22024,203903,0022400843,"Feb 26, 2025",UTA vs. SAC,L,31,1,14,0.071,0,8,0.0,0,0,0.0,0,0,0,6,2,0,3,1,2,2,1,203903,2025-08-10T09:40:19.185416
22024,203903,0022400804,"Feb 21, 2025",UTA vs. OKC,L,30,7,16,0.438,4,10,0.4,1,1,1.0,3,1,4,2,0,0,1,1,19,-18,1,203903,2025-08-10T09:40:19.185416
22024,203903,0022400781,"Feb 12, 2025",UTA vs. LAL,W,29,7,17,0.412,3,7,0.429,4,8,0.5,2,7,9,7,0,0,0,3,21,33,1,203903,2025-08-10T09:40:19.185416
22024,203903,0022400768,"Feb 10, 2025",UTA @ LAL,L,29,6,15,0.4,3,10,0.3,1,2,0.5,0,1,1,4,0,0,1,3,16,-20,1,203903,2025-08-10T09:40:19.185416
22024,203903,0022400751,"Feb 08, 2025",UTA @ LAC,L,34,8,19,0.421,6,12,0.5,2,2,1.0,0,3,3,3,1,1,2,1,24,-19,1,203903,2025-08-10T09:40:19.185416
22024,203903,0022400725,"Feb 05, 2025",UTA vs. GSW,W,33,10,19,0.526,5,8,0.625,6,6,1.0,1,3,4,5,0,0,1,2,31,17,1,203903,2025-08-10T09:40:19.185416
22024,203903,0022400707,"Feb 03, 2025",UTA vs. IND,L,35,8,17,0.471,3,8,0.375,2,2,1.0,1,3,4,3,1,0,1,0,21,-14,1,203903,2025-08-10T09:40:19.185416
22024,203903,0022400687,"Feb 01, 2025",UTA vs. ORL,W,21,4,12,0.333,4,8,0.5,4,4,1.0,0,1,1,2,2,0,0,0,16,0,1,203903,2025-08-10T09:40:19.185416
22024,203903,0022400677,"Jan 30, 2025",UTA vs. MIN,L,25,6,13,0.462,3,8,0.375,1,1,1.0,0,0,0,3,2,0,1,3,16,-31,1,203903,2025-08-10T09:40:19.185416
22024,203903,0022400658,"Jan 27, 2025",UTA vs. MIL,L,22,4,12,0.333,4,8,0.5,1,2,0.5,1,2,3,5,0,0,1,3,13,8,1,203903,2025-08-10T09:40:19.185416
22024,203903,0022400481,"Jan 04, 2025",UTA @ MIA,W,3,1,2,0.5,0,1,0.0,0,0,0.0,0,0,0,1,0,0,0,0,2,2,1,203903,2025-08-10T09:40:19.185416
22024,203903,0022400458,"Jan 01, 2025",UTA @ NYK,L,32,8,20,0.4,3,7,0.429,6,9,0.667,1,3,4,1,1,2,5,1,25,-10,1,203903,2025-08-10T09:40:19.185416
22024,203903,0022400445,"Dec 30, 2024",UTA vs. DEN,L,28,7,15,0.467,3,5,0.6,7,7,1.0,2,3,5,4,1,0,4,2,24,-7,1,203903,2025-08-10T09:40:19.185416
22024,203903,0022400433,"Dec 28, 2024",UTA vs. PHI,L,30,7,16,0.438,0,3,0.0,3,3,1.0,1,2,3,4,0,1,2,1,17,-9,1,203903,2025-08-10T09:40:19.185416
22024,203903,0022400392,"Dec 23, 2024",UTA @ CLE,L,33,7,17,0.412,3,5,0.6,10,11,0.909,0,6,6,5,2,1,4,5,27,4,1,203903,2025-08-10T09:40:19.185416
22024,203903,0022400379,"Dec 21, 2024",UTA @ BKN,W,31,6,12,0.5,2,5,0.4,2,4,0.5,0,3,3,8,1,0,1,0,16,4,1,203903,2025-08-10T09:40:19.185416
22024,203903,0022400360,"Dec 19, 2024",UTA @ DET,W,14,1,6,0.167,1,3,0.333,0,0,0.0,0,1,1,5,1,1,4,1,3,-10,1,203903,2025-08-10T09:40:19.185416
22024,203903,0022401226,"Dec 16, 2024",UTA @ LAC,L,23,6,13,0.462,3,6,0.5,5,6,0.833,0,0,0,2,1,0,6,0,20,-21,1,203903,2025-08-10T09:40:19.185416
22024,203903,0022401214,"Dec 13, 2024",UTA vs. PHX,L,31,8,13,0.615,4,6,0.667,3,4,0.75,0,2,2,4,1,1,3,4,23,-4,1,203903,2025-08-10T09:40:19.185416
22024,203903,0022400264,"Nov 23, 2024",UTA vs. NYK,W,25,2,9,0.222,0,0,0.0,0,0,0.0,2,2,4,6,0,0,4,2,4,-8,1,203903,2025-08-10T09:40:19.185416
22024,203903,0022400026,"Nov 19, 2024",UTA @ LAL,L,26,6,15,0.4,1,5,0.2,5,5,1.0,0,4,4,2,0,0,0,2,18,-1,1,203903,2025-08-10T09:40:19.185416
22024,203903,0022400243,"Nov 17, 2024",UTA @ LAC,L,30,7,17,0.412,2,11,0.182,5,5,1.0,1,3,4,2,1,0,2,0,21,2,1,203903,2025-08-10T09:40:19.185416
22024,203903,0022400233,"Nov 16, 2024",UTA @ SAC,L,30,7,18,0.389,1,5,0.2,2,4,0.5,0,3,3,5,3,0,3,0,17,-6,1,203903,2025-08-10T09:40:19.185416
22024,203903,0022400228,"Nov 14, 2024",UTA vs. DAL,W,30,7,16,0.438,3,9,0.333,3,3,1.0,2,2,4,4,0,0,0,1,20,3,1,203903,2025-08-10T09:40:19.185416
22024,203903,0022400006,"Nov 12, 2024",UTA vs. PHX,L,30,6,14,0.429,4,9,0.444,0,0,0.0,1,4,5,8,2,0,1,3,16,-11,1,203903,2025-08-10T09:40:19.185416
22024,203903,0022400197,"Nov 09, 2024",UTA @ SAS,W,24,5,15,0.333,2,6,0.333,4,5,0.8,1,2,3,4,3,0,1,3,16,-11,1,203903,2025-08-10T09:40:19.185416
22024,203903,0022400182,"Nov 07, 2024",UTA @ MIL,L,21,5,11,0.455,4,9,0.444,4,4,1.0,0,4,4,2,0,0,4,0,18,-9,1,203903,2025-08-10T09:40:19.185416
22024,203903,0022400130,"Oct 31, 2024",UTA vs. SAS,L,21,1,6,0.167,0,4,0.0,1,2,0.5,0,3,3,1,2,0,3,1,3,-21,1,203903,2025-08-10T09:40:19.185416
22024,203903,0022400115,"Oct 29, 2024",UTA vs. SAC,L,26,8,16,0.5,2,7,0.286,3,3,1.0,1,4,5,3,0,0,1,3,21,-15,1,203903,2025-08-10T09:40:19.185416
22024,203903,0022400110,"Oct 28, 2024",UTA @ DAL,L,27,3,11,0.273,1,6,0.167,6,8,0.75,0,5,5,4,0,0,3,1,13,-5,1,203903,2025-08-10T09:40:19.185416
22024,203903,0022400084,"Oct 25, 2024",UTA vs. GSW,L,24,4,10,0.4,0,4,0.0,3,5,0.6,0,1,1,2,0,0,2,2,11,-13,1,203903,2025-08-10T09:40:19.185416
22024,203903,0022400070,"Oct 23, 2024",UTA vs. MEM,L,25,7,16,0.438,2,5,0.4,1,2,0.5,2,3,5,7,0,1,2,1,17,-3,1,203903,2025-08-10T09:40:19.185416
22024,1630249,0022401186,"Apr 13, 2025",ATL vs. ORL,W,28,5,5,1.0,2,2,1.0,1,1,1.0,2,5,7,7,3,0,3,2,13,11,1,1630249,2025-08-10T09:40:19.870041
22024,1630249,0022401173,"Apr 11, 2025",ATL @ PHI,W,11,0,2,0.0,0,2,0.0,2,2,1.0,1,0,1,1,0,0,0,0,2,-5,1,1630249,2025-08-10T09:40:19.870041
22024,1630249,0022401169,"Apr 10, 2025",ATL @ BKN,W,17,3,3,1.0,1,1,1.0,2,2,1.0,0,2,2,2,1,0,1,1,9,3,1,1630249,2025-08-10T09:40:19.870041
22024,1630249,0022401149,"Apr 08, 2025",ATL @ ORL,L,15,1,2,0.5,1,2,0.5,0,0,0.0,0,4,4,0,0,0,1,2,3,-3,1,1630249,2025-08-10T09:40:19.870041
22024,1630249,0022401136,"Apr 06, 2025",ATL vs. UTA,W,24,6,6,1.0,5,5,1.0,0,0,0.0,2,1,3,5,1,0,1,1,17,12,1,1630249,2025-08-10T09:40:19.870041
22024,1630249,0022401128,"Apr 05, 2025",ATL vs. NYK,L,19,3,6,0.5,2,5,0.4,0,0,0.0,0,3,3,1,0,1,0,1,8,7,1,1630249,2025-08-10T09:40:19.870041
22024,1630249,0022401109,"Apr 02, 2025",ATL @ DAL,L,16,4,5,0.8,3,4,0.75,0,0,0.0,0,1,1,0,0,0,0,1,11,-18,1,1630249,2025-08-10T09:40:19.870041
22024,1630249,0022401097,"Apr 01, 2025",ATL vs. POR,L,24,5,7,0.714,3,5,0.6,0,0,0.0,1,6,7,2,0,0,0,1,13,6,1,1630249,2025-08-10T09:40:19.870041
22024,1630249,0022401083,"Mar 30, 2025",ATL @ MIL,W,16,1,2,0.5,1,2,0.5,0,0,0.0,0,2,2,0,0,0,0,1,3,3,1,1630249,2025-08-10T09:40:19.870041
22024,1630249,0022401062,"Mar 27, 2025",ATL @ MIA,L,26,5,8,0.625,4,6,0.667,0,0,0.0,0,6,6,4,0,1,2,3,14,-8,1,1630249,2025-08-10T09:40:19.870041
22024,1630249,0022401049,"Mar 25, 2025",ATL @ HOU,L,12,1,2,0.5,1,2,0.5,2,3,0.667,0,1,1,1,0,1,1,1,5,6,1,1630249,2025-08-10T09:40:19.870041
22024,1630249,0022401031,"Mar 23, 2025",ATL vs. PHI,W,16,2,3,0.667,1,2,0.5,0,0,0.0,0,2,2,3,0,0,0,4,5,-10,1,1630249,2025-08-10T09:40:19.870041
22024,1630249,0022401025,"Mar 22, 2025",ATL vs. GSW,W,13,1,2,0.5,0,1,0.0,1,2,0.5,0,1,1,6,0,0,1,3,3,-5,1,1630249,2025-08-10T09:40:19.870041
22024,1630249,0022400993,"Mar 18, 2025",ATL @ CHA,W,31,1,4,0.25,1,4,0.25,2,2,1.0,1,3,4,2,0,1,0,2,5,5,1,1630249,2025-08-10T09:40:19.870041
22024,1630249,0022400978,"Mar 16, 2025",ATL @ BKN,L,27,3,6,0.5,2,5,0.4,0,0,0.0,0,1,1,2,2,1,0,3,8,-2,1,1630249,2025-08-10T09:40:19.870041
22024,1630249,0022400960,"Mar 14, 2025",ATL vs. LAC,L,17,2,4,0.5,2,4,0.5,0,0,0.0,0,2,2,2,0,1,1,0,6,-8,1,1630249,2025-08-10T09:40:19.870041
22024,1630249,0022400945,"Mar 12, 2025",ATL vs. CHA,W,15,3,4,0.75,3,3,1.0,2,3,0.667,0,1,1,0,1,0,2,1,11,2,1,1630249,2025-08-10T09:40:19.870041
22024,1630249,0022400928,"Mar 10, 2025",ATL vs. PHI,W,17,3,6,0.5,2,5,0.4,0,0,0.0,0,1,1,4,0,1,2,4,8,19,1,1630249,2025-08-10T09:40:19.870041
22024,1630249,0022400756,"Feb 10, 2025",ATL @ ORL,W,18,3,5,0.6,1,3,0.333,1,1,1.0,0,1,1,4,1,0,0,2,8,-7,1,1630249,2025-08-10T09:40:19.870041
22024,1630249,0022400744,"Feb 08, 2025",ATL @ WAS,W,32,4,8,0.5,4,8,0.5,0,0,0.0,0,8,8,7,1,2,0,1,12,12,1,1630249,2025-08-10T09:40:19.870041
22024,1630249,0022400736,"Feb 07, 2025",ATL vs. MIL,W,31,4,7,0.571,3,6,0.5,0,2,0.0,1,9,10,3,0,0,1,1,11,4,1,1630249,2025-08-10T09:40:19.870041
22024,1630249,0022400719,"Feb 05, 2025",ATL vs. SAS,L,19,2,4,0.5,1,2,0.5,0,0,0.0,1,4,5,2,0,0,3,1,5,-6,1,1630249,2025-08-10T09:40:19.870041
22024,1630249,0022400701,"Feb 03, 2025",ATL @ DET,W,28,5,9,0.556,3,6,0.5,0,0,0.0,0,4,4,2,1,1,1,2,13,0,1,1630249,2025-08-10T09:40:19.870041
22024,1630249,0022400686,"Feb 01, 2025",ATL @ IND,L,15,1,3,0.333,1,3,0.333,2,2,1.0,0,0,0,0,0,0,0,4,5,-10,1,1630249,2025-08-10T09:40:19.870041
22024,1630249,0022400675,"Jan 30, 2025",ATL @ CLE,L,21,2,3,0.667,1,2,0.5,1,2,0.5,1,0,1,0,0,0,1,6,6,-22,1,1630249,2025-08-10T09:40:19.870041
22024,1630249,0022400532,"Jan 28, 2025",ATL vs. HOU,L,36,5,14,0.357,2,10,0.2,1,2,0.5,0,5,5,2,2,1,1,1,13,1,1,1630249,2025-08-10T09:40:19.870041
22024,1630249,0022400656,"Jan 27, 2025",ATL @ MIN,L,34,2,6,0.333,0,4,0.0,0,0,0.0,1,4,5,6,1,0,4,3,4,-11,1,1630249,2025-08-10T09:40:19.870041
22024,1630249,0022400639,"Jan 25, 2025",ATL vs. TOR,L,35,6,13,0.462,6,11,0.545,2,4,0.5,0,2,2,7,3,2,0,2,20,-16,1,1630249,2025-08-10T09:40:19.870041
22024,1630249,0022400623,"Jan 23, 2025",ATL vs. TOR,L,25,5,10,0.5,3,7,0.429,0,0,0.0,0,2,2,2,2,0,0,2,13,-2,1,1630249,2025-08-10T09:40:19.870041
22024,1630249,0022400612,"Jan 22, 2025",ATL vs. DET,L,23,3,6,0.5,3,5,0.6,0,0,0.0,0,1,1,3,0,0,0,2,9,-6,1,1630249,2025-08-10T09:40:19.870041
22024,1630249,0022400602,"Jan 20, 2025",ATL @ NYK,L,33,4,6,0.667,3,4,0.75,0,0,0.0,0,2,2,4,1,0,1,0,11,-1,1,1630249,2025-08-10T09:40:19.870041
22024,1630249,0022400587,"Jan 18, 2025",ATL @ BOS,W,26,3,8,0.375,1,5,0.2,0,0,0.0,0,2,2,2,0,3,1,1,7,-3,1,1630249,2025-08-10T09:40:19.870041
22024,1630249,0022400563,"Jan 15, 2025",ATL @ CHI,W,29,4,10,0.4,1,5,0.2,2,2,1.0,0,3,3,6,0,2,1,1,11,21,1,1630249,2025-08-10T09:40:19.870041
22024,1630249,0022400556,"Jan 14, 2025",ATL vs. PHX,W,35,6,9,0.667,3,6,0.5,0,0,0.0,1,4,5,6,2,0,0,2,15,-1,1,1630249,2025-08-10T09:40:19.870041
22024,1630249,0022400522,"Jan 09, 2025",ATL @ PHX,L,26,4,8,0.5,3,5,0.6,1,1,1.0,0,3,3,6,1,0,1,2,12,-10,1,1630249,2025-08-10T09:40:19.870041
22024,1630249,0022400506,"Jan 07, 2025",ATL @ UTA,W,22,5,6,0.833,3,4,0.75,0,0,0.0,0,4,4,0,1,0,0,4,13,7,1,1630249,2025-08-10T09:40:19.870041
22024,1630249,0022400486,"Jan 04, 2025",ATL @ LAC,L,28,3,8,0.375,3,6,0.5,0,0,0.0,0,2,2,2,1,0,4,2,9,-26,1,1630249,2025-08-10T09:40:19.870041
22024,1630249,0022400461,"Jan 01, 2025",ATL @ DEN,L,28,5,12,0.417,3,8,0.375,1,1,1.0,1,5,6,5,0,2,0,5,14,3,1,1630249,2025-08-10T09:40:19.870041
22024,1630249,0022400438,"Dec 29, 2024",ATL @ TOR,W,30,2,7,0.286,1,5,0.2,0,0,0.0,1,3,4,3,3,1,1,0,5,14,1,1630249,2025-08-10T09:40:19.870041
22024,1630249,0022400427,"Dec 28, 2024",ATL vs. MIA,W,23,2,6,0.333,1,4,0.25,2,2,1.0,1,2,3,5,0,0,1,3,7,-5,1,1630249,2025-08-10T09:40:19.870041
22024,1630249,0022400413,"Dec 26, 2024",ATL vs. CHI,W,11,1,2,0.5,1,2,0.5,0,0,0.0,0,1,1,4,0,1,1,0,3,-3,1,1630249,2025-08-10T09:40:19.870041
22024,1630249,0022400395,"Dec 23, 2024",ATL vs. MIN,W,17,1,2,0.5,0,1,0.0,0,0,0.0,0,3,3,1,0,0,2,0,2,4,1,1630249,2025-08-10T09:40:19.870041
22024,1630249,0022400378,"Dec 21, 2024",ATL vs. MEM,L,20,2,4,0.5,1,3,0.333,2,2,1.0,0,0,0,3,1,0,2,5,7,-2,1,1630249,2025-08-10T09:40:19.870041
22024,1630249,0022400370,"Dec 19, 2024",ATL @ SAS,L,20,0,4,0.0,0,4,0.0,0,0,0.0,0,3,3,3,3,1,2,1,0,2,1,1630249,2025-08-10T09:40:19.870041
22024,1630249,0022401229,"Dec 14, 2024",ATL @ MIL,L,5,0,0,0.0,0,0,0.0,0,0,0.0,0,0,0,0,0,0,0,2,0,-3,1,1630249,2025-08-10T09:40:19.870041
22024,1630249,0022401202,"Dec 11, 2024",ATL @ NYK,W,8,0,2,0.0,0,1,0.0,0,0,0.0,2,1,3,1,0,0,0,1,0,4,1,1630249,2025-08-10T09:40:19.870041
22024,1630249,0022400350,"Dec 08, 2024",ATL vs. DEN,L,20,1,6,0.167,0,4,0.0,1,2,0.5,1,1,2,3,0,0,2,0,3,-14,1,1630249,2025-08-10T09:40:19.870041
22024,1630249,0022400334,"Dec 06, 2024",ATL vs. LAL,W,14,2,5,0.4,0,1,0.0,0,0,0.0,1,6,7,3,0,1,0,3,4,6,1,1630249,2025-08-10T09:40:19.870041
22024,1630249,0022400300,"Nov 30, 2024",ATL @ CHA,W,12,0,0,0.0,0,0,0.0,0,0,0.0,1,2,3,1,0,0,0,2,0,9,1,1630249,2025-08-10T09:40:19.870041
22024,1630249,0022400041,"Nov 29, 2024",ATL vs. CLE,W,1,0,0,0.0,0,0,0.0,0,0,0.0,0,0,0,0,0,0,0,0,0,-2,1,1630249,2025-08-10T09:40:19.870041
22024,1630249,0022400030,"Nov 22, 2024",ATL @ CHI,L,3,0,2,0.0,0,0,0.0,0,0,0.0,0,0,0,0,0,0,0,1,0,-3,1,1630249,2025-08-10T09:40:19.870041
22024,1630249,0022400258,"Nov 20, 2024",ATL @ GSW,L,4,0,1,0.0,0,1,0.0,0,0,0.0,0,0,0,2,0,0,0,0,0,-2,1,1630249,2025-08-10T09:40:19.870041
22024,1630249,0022400239,"Nov 17, 2024",ATL @ POR,L,21,3,5,0.6,2,3,0.667,0,0,0.0,1,1,2,3,1,1,1,3,8,-5,1,1630249,2025-08-10T09:40:19.870041
22024,1630249,0022400103,"Oct 28, 2024",ATL vs. WAS,L,10,2,3,0.667,1,2,0.5,2,4,0.5,0,0,0,0,1,0,1,0,7,2,1,1630249,2025-08-10T09:40:19.870041
22024,1630249,0022400100,"Oct 27, 2024",ATL @ OKC,L,20,2,7,0.286,1,3,0.333,0,0,0.0,1,3,4,2,1,0,2,3,5,-6,1,1630249,2025-08-10T09:40:19.870041
22024,1630249,0022400079,"Oct 25, 2024",ATL vs. CHA,W,15,1,2,0.5,0,1,0.0,1,2,0.5,0,0,0,0,1,1,1,5,3,4,1,1630249,2025-08-10T09:40:19.870041
22024,1630249,0022400064,"Oct 23, 2024",ATL vs. BKN,W,11,1,2,0.5,0,1,0.0,1,1,1.0,0,1,1,2,0,0,0,1,3,-8,1,1630249,2025-08-10T09:40:19.870041
22024,1629637,0022401185,"Apr 11, 2025",LAL vs. HOU,W,12,3,3,1.0,0,0,0.0,1,4,0.25,1,0,1,0,0,0,0,2,7,1,1,1629637,2025-08-10T09:40:20.535725
22024,1629637,0022401159,"Apr 09, 2025",LAL @ DAL,W,14,1,3,0.333,0,0,0.0,1,2,0.5,3,2,5,0,2,0,0,2,3,-9,1,1629637,2025-08-10T09:40:20.535725
22024,1629637,0022401153,"Apr 08, 2025",LAL @ OKC,L,27,3,4,0.75,0,0,0.0,1,2,0.5,2,4,6,2,0,2,1,2,7,-1,1,1629637,2025-08-10T09:40:20.535725
22024,1629637,0022401135,"Apr 06, 2025",LAL @ OKC,W,13,3,4,0.75,0,0,0.0,1,4,0.25,1,4,5,0,0,0,2,2,7,10,1,1629637,2025-08-10T09:40:20.535725
22024,1629637,0022401126,"Apr 04, 2025",LAL vs. NOP,W,24,3,4,0.75,0,0,0.0,0,0,0.0,1,11,12,0,1,2,1,4,6,8,1,1629637,2025-08-10T09:40:20.535725
22024,1629637,0022401117,"Apr 03, 2025",LAL vs. GSW,L,15,1,4,0.25,0,0,0.0,0,0,0.0,2,1,3,0,1,0,0,2,2,3,1,1629637,2025-08-10T09:40:20.535725
22024,1629637,0022401096,"Mar 31, 2025",LAL vs. HOU,W,14,1,2,0.5,0,0,0.0,1,1,1.0,1,2,3,1,0,0,2,2,3,-9,1,1629637,2025-08-10T09:40:20.535725
22024,1629637,0022401078,"Mar 29, 2025",LAL @ MEM,W,17,1,1,1.0,0,0,0.0,0,0,0.0,0,5,5,0,0,0,1,4,2,3,1,1629637,2025-08-10T09:40:20.535725
22024,1629637,0022401063,"Mar 27, 2025",LAL @ CHI,L,32,9,11,0.818,0,0,0.0,1,2,0.5,3,5,8,1,0,1,0,3,19,-9,1,1629637,2025-08-10T09:40:20.535725
22024,1629637,0022401055,"Mar 26, 2025",LAL @ IND,W,18,6,6,1.0,0,0,0.0,1,3,0.333,0,2,2,1,0,1,1,3,13,-13,1,1629637,2025-08-10T09:40:20.535725
22024,1629637,0022401038,"Mar 24, 2025",LAL @ ORL,L,18,2,4,0.5,0,0,0.0,0,0,0.0,2,2,4,0,0,1,1,5,4,-10,1,1629637,2025-08-10T09:40:20.535725
22024,1629637,0022401028,"Mar 22, 2025",LAL vs. CHI,L,25,5,6,0.833,0,0,0.0,0,1,0.0,0,4,4,2,1,0,0,2,10,-17,1,1629637,2025-08-10T09:40:20.535725
22024,1629637,0022400996,"Mar 20, 2025",LAL vs. MIL,L,16,4,5,0.8,0,1,0.0,1,2,0.5,0,5,5,3,0,0,1,4,9,-5,1,1629637,2025-08-10T09:40:20.535725
22024,1629637,0022401006,"Mar 19, 2025",LAL vs. DEN,W,24,3,4,0.75,0,0,0.0,0,2,0.0,2,5,7,0,1,1,0,1,6,11,1,1629637,2025-08-10T09:40:20.535725
22024,1629637,0022400537,"Mar 17, 2025",LAL vs. SAS,W,28,3,5,0.6,0,0,0.0,3,4,0.75,2,9,11,3,2,1,2,1,9,21,1,1629637,2025-08-10T09:40:20.535725
22024,1629637,0022400977,"Mar 16, 2025",LAL vs. PHX,W,29,8,10,0.8,0,0,0.0,3,7,0.429,2,4,6,3,1,1,0,4,19,7,1,1629637,2025-08-10T09:40:20.535725
22024,1629637,0022400903,"Mar 06, 2025",LAL vs. NYK,W,33,3,5,0.6,0,0,0.0,2,2,1.0,1,4,5,3,0,2,2,6,8,5,1,1629637,2025-08-10T09:40:20.535725
22024,1629637,0022400890,"Mar 04, 2025",LAL vs. NOP,W,24,8,8,1.0,0,0,0.0,3,3,1.0,3,7,10,0,0,0,1,5,19,4,1,1629637,2025-08-10T09:40:20.535725
22024,1629637,0022400874,"Mar 02, 2025",LAL vs. LAC,W,26,2,2,1.0,0,0,0.0,2,3,0.667,2,5,7,0,0,2,2,2,6,11,1,1629637,2025-08-10T09:40:20.535725
22024,1629637,0022400859,"Feb 28, 2025",LAL vs. LAC,W,26,2,3,0.667,0,0,0.0,1,2,0.5,0,1,1,2,0,2,2,1,5,-15,1,1629637,2025-08-10T09:40:20.535725
22024,1629637,0022400849,"Feb 27, 2025",LAL vs. MIN,W,23,3,5,0.6,0,0,0.0,4,6,0.667,4,3,7,0,1,1,0,3,10,18,1,1629637,2025-08-10T09:40:20.535725
22024,1629637,0022400835,"Feb 25, 2025",LAL vs. DAL,W,17,4,5,0.8,0,0,0.0,0,0,0.0,1,7,8,0,0,2,1,3,8,8,1,1629637,2025-08-10T09:40:20.535725
22024,1629637,0022400808,"Feb 22, 2025",LAL @ DEN,W,25,2,3,0.667,0,0,0.0,0,0,0.0,1,3,4,1,1,1,1,3,4,8,1,1629637,2025-08-10T09:40:20.535725
22024,1629637,0022400796,"Feb 20, 2025",LAL @ POR,W,28,4,7,0.571,0,0,0.0,1,2,0.5,2,5,7,4,0,1,1,2,9,2,1,1629637,2025-08-10T09:40:20.535725
22024,1629637,0022400524,"Feb 19, 2025",LAL vs. CHA,L,18,4,5,0.8,0,0,0.0,0,0,0.0,1,3,4,0,2,0,1,2,8,12,1,1629637,2025-08-10T09:40:20.535725
22024,1629637,0022400781,"Feb 12, 2025",LAL @ UTA,L,7,2,2,1.0,0,0,0.0,0,0,0.0,1,1,2,1,0,1,0,1,4,2,1,1629637,2025-08-10T09:40:20.535725
22024,1629637,0022400768,"Feb 10, 2025",LAL vs. UTA,W,23,6,6,1.0,0,0,0.0,0,0,0.0,0,2,2,2,3,1,0,3,12,12,1,1629637,2025-08-10T09:40:20.535725
22024,1629637,0022400742,"Feb 08, 2025",LAL vs. IND,W,29,4,4,1.0,0,0,0.0,1,2,0.5,3,9,12,2,0,2,0,2,9,3,1,1629637,2025-08-10T09:40:20.535725
22024,1629637,0022400731,"Feb 06, 2025",LAL vs. GSW,W,25,4,6,0.667,0,0,0.0,3,4,0.75,1,2,3,2,1,1,0,3,11,7,1,1629637,2025-08-10T09:40:20.535725
22024,1629637,0022400715,"Feb 04, 2025",LAL @ LAC,W,24,3,6,0.5,0,0,0.0,0,1,0.0,2,4,6,4,1,2,1,2,6,14,1,1629637,2025-08-10T09:40:20.535725
22024,1629637,0022400692,"Feb 01, 2025",LAL @ NYK,W,22,2,2,1.0,0,0,0.0,0,0,0.0,0,2,2,1,3,1,2,2,4,5,1,1629637,2025-08-10T09:40:20.535725
22024,1629637,0022400674,"Jan 30, 2025",LAL @ WAS,W,25,4,4,1.0,0,0,0.0,2,2,1.0,2,8,10,2,0,3,3,4,10,26,1,1629637,2025-08-10T09:40:20.535725
22024,1629637,0022400660,"Jan 28, 2025",LAL @ PHI,L,19,1,1,1.0,0,0,0.0,2,2,1.0,1,2,3,0,0,2,1,4,4,-19,1,1629637,2025-08-10T09:40:20.535725
22024,1629637,0022400648,"Jan 27, 2025",LAL @ CHA,W,17,4,5,0.8,0,1,0.0,1,1,1.0,0,0,0,1,2,2,2,1,9,-9,1,1629637,2025-08-10T09:40:20.535725
22024,1629637,0022400644,"Jan 25, 2025",LAL @ GSW,W,12,0,0,0.0,0,0,0.0,0,0,0.0,2,1,3,1,0,0,1,1,0,-8,1,1629637,2025-08-10T09:40:20.535725
22024,1629637,0022400629,"Jan 23, 2025",LAL vs. BOS,W,14,2,4,0.5,0,0,0.0,1,2,0.5,1,7,8,1,0,0,0,0,5,14,1,1629637,2025-08-10T09:40:20.535725
22024,1629637,0022400610,"Jan 21, 2025",LAL vs. WAS,W,19,3,3,1.0,0,0,0.0,2,3,0.667,0,3,3,0,0,2,0,1,8,3,1,1629637,2025-08-10T09:40:20.535725
22024,1629637,0022400596,"Jan 19, 2025",LAL @ LAC,L,13,2,2,1.0,0,0,0.0,0,0,0.0,0,2,2,2,1,0,0,0,4,4,1,1629637,2025-08-10T09:40:20.535725
22024,1629637,0022400585,"Jan 17, 2025",LAL vs. BKN,W,33,3,7,0.429,0,0,0.0,0,0,0.0,1,8,9,1,0,0,1,2,6,9,1,1629637,2025-08-10T09:40:20.535725
22024,1629637,0022400570,"Jan 15, 2025",LAL vs. MIA,W,14,2,3,0.667,0,0,0.0,0,0,0.0,1,0,1,0,1,0,0,1,4,2,1,1629637,2025-08-10T09:40:20.535725
22024,1629637,0022400552,"Jan 13, 2025",LAL vs. SAS,L,13,2,4,0.5,0,1,0.0,0,0,0.0,1,0,1,1,0,1,0,2,4,-4,1,1629637,2025-08-10T09:40:20.535725
22024,1629637,0022400504,"Jan 07, 2025",LAL @ DAL,L,12,0,1,0.0,0,0,0.0,1,2,0.5,1,2,3,1,1,2,0,4,1,-5,1,1629637,2025-08-10T09:40:20.535725
22024,1629637,0022400491,"Jan 05, 2025",LAL @ HOU,L,6,0,2,0.0,0,0,0.0,2,2,1.0,1,1,2,1,0,0,0,2,2,-7,1,1629637,2025-08-10T09:40:20.535725
22024,1629637,0022400477,"Jan 03, 2025",LAL vs. ATL,W,11,1,2,0.5,0,0,0.0,1,2,0.5,0,1,1,0,0,0,0,0,3,0,1,1629637,2025-08-10T09:40:20.535725
22024,1629637,0022400468,"Jan 02, 2025",LAL vs. POR,W,18,2,4,0.5,0,0,0.0,0,0,0.0,2,4,6,0,1,1,1,3,4,5,1,1629637,2025-08-10T09:40:20.535725
22024,1629637,0022400039,"Nov 26, 2024",LAL @ PHX,L,17,2,2,1.0,0,0,0.0,3,4,0.75,2,2,4,0,1,0,2,1,7,-8,1,1629637,2025-08-10T09:40:20.535725
22024,1629637,0022400211,"Nov 10, 2024",LAL vs. TOR,W,21,4,6,0.667,0,0,0.0,4,6,0.667,3,3,6,1,0,1,0,4,12,21,1,1629637,2025-08-10T09:40:20.535725
22024,1629637,0022400195,"Nov 08, 2024",LAL vs. PHI,W,16,3,4,0.75,0,0,0.0,2,2,1.0,1,1,2,0,0,4,0,3,8,0,1,1629637,2025-08-10T09:40:20.535725
22024,1629637,0022400174,"Nov 06, 2024",LAL @ MEM,L,35,3,6,0.5,0,0,0.0,2,2,1.0,2,8,10,1,0,0,1,5,8,-13,1,1629637,2025-08-10T09:40:20.535725
22024,1629637,0022400156,"Nov 04, 2024",LAL @ DET,L,9,2,5,0.4,0,0,0.0,1,3,0.333,3,0,3,0,1,0,0,0,5,-12,1,1629637,2025-08-10T09:40:20.535725
22024,1629637,0022400137,"Nov 01, 2024",LAL @ TOR,W,15,1,1,1.0,0,0,0.0,2,2,1.0,3,3,6,0,0,2,0,3,4,2,1,1629637,2025-08-10T09:40:20.535725
22024,1629637,0022400118,"Oct 30, 2024",LAL @ CLE,L,19,2,2,1.0,0,0,0.0,2,2,1.0,2,1,3,2,1,0,1,2,6,-11,1,1629637,2025-08-10T09:40:20.535725
22024,1629637,0022400111,"Oct 28, 2024",LAL @ PHX,L,12,0,0,0.0,0,0,0.0,0,0,0.0,0,4,4,0,0,0,3,2,0,-18,1,1629637,2025-08-10T09:40:20.535725
22024,1629637,0022400096,"Oct 26, 2024",LAL vs. SAC,W,14,2,2,1.0,0,0,0.0,0,0,0.0,1,1,2,1,0,0,0,2,4,24,1,1629637,2025-08-10T09:40:20.535725
22024,1629637,0022400085,"Oct 25, 2024",LAL vs. PHX,W,18,3,3,1.0,0,0,0.0,0,0,0.0,1,5,6,4,1,1,1,3,6,5,1,1629637,2025-08-10T09:40:20.535725
22024,1629637,0022400062,"Oct 22, 2024",LAL vs. MIN,W,15,4,5,0.8,0,0,0.0,2,2,1.0,3,1,4,0,0,1,0,3,10,-1,1,1629637,2025-08-10T09:40:20.535725
22024,1642259,0022401190,"Apr 13, 2025",WAS @ MIA,W,16,3,6,0.5,1,2,0.5,3,4,0.75,1,7,8,4,1,0,0,2,10,3,1,1642259,2025-08-10T09:40:27.025926
22024,1642259,0022401176,"Apr 11, 2025",WAS @ CHI,L,26,3,15,0.2,1,8,0.125,0,0,0.0,0,3,3,3,0,1,3,1,7,-19,1,1642259,2025-08-10T09:40:27.025926
22024,1642259,0022401157,"Apr 09, 2025",WAS vs. PHI,L,25,5,14,0.357,0,1,0.0,2,2,1.0,0,4,4,3,1,1,1,2,12,4,1,1642259,2025-08-10T09:40:27.025926
22024,1642259,0022401148,"Apr 08, 2025",WAS @ IND,L,32,8,17,0.471,1,6,0.167,3,3,1.0,3,9,12,6,0,3,3,2,20,16,1,1642259,2025-08-10T09:40:27.025926
22024,1642259,0022401137,"Apr 06, 2025",WAS @ BOS,L,32,7,17,0.412,2,9,0.222,0,0,0.0,2,2,4,2,0,1,4,0,16,-27,1,1642259,2025-08-10T09:40:27.025926
22024,1642259,0022401112,"Apr 03, 2025",WAS vs. ORL,L,32,4,16,0.25,0,5,0.0,2,2,1.0,1,5,6,6,1,0,3,2,10,2,1,1642259,2025-08-10T09:40:27.025926
22024,1642259,0022401105,"Apr 02, 2025",WAS vs. SAC,W,26,6,9,0.667,3,5,0.6,0,0,0.0,0,4,4,1,1,1,4,3,15,4,1,1642259,2025-08-10T09:40:27.025926
22024,1642259,0022401092,"Mar 31, 2025",WAS vs. MIA,L,31,3,17,0.176,1,7,0.143,1,1,1.0,0,3,3,3,1,2,2,5,8,-26,1,1642259,2025-08-10T09:40:27.025926
22024,1642259,0022401075,"Mar 29, 2025",WAS vs. BKN,L,25,4,12,0.333,0,5,0.0,4,4,1.0,0,4,4,1,0,3,1,0,12,-7,1,1642259,2025-08-10T09:40:27.025926
22024,1642259,0022401061,"Mar 27, 2025",WAS vs. IND,L,28,8,15,0.533,1,4,0.25,5,6,0.833,4,3,7,1,1,1,3,4,22,-27,1,1642259,2025-08-10T09:40:27.025926
22024,1642259,0022401053,"Mar 26, 2025",WAS @ PHI,W,31,10,17,0.588,4,7,0.571,0,0,0.0,4,3,7,2,1,2,3,2,24,8,1,1642259,2025-08-10T09:40:27.025926
22024,1642259,0022401039,"Mar 24, 2025",WAS vs. TOR,L,32,6,19,0.316,1,7,0.143,3,9,0.333,1,4,5,2,1,3,2,1,16,3,1,1642259,2025-08-10T09:40:27.025926
22024,1642259,0022401026,"Mar 22, 2025",WAS @ NYK,L,27,3,10,0.3,0,4,0.0,2,2,1.0,0,5,5,1,0,2,5,2,8,-25,1,1642259,2025-08-10T09:40:27.025926
22024,1642259,0022401014,"Mar 21, 2025",WAS vs. ORL,L,28,7,15,0.467,3,6,0.5,2,4,0.5,4,6,10,2,0,0,3,0,19,-24,1,1642259,2025-08-10T09:40:27.025926
22024,1642259,0022400627,"Mar 19, 2025",WAS @ UTA,L,23,7,14,0.5,4,8,0.5,4,4,1.0,5,4,9,2,2,0,2,0,22,-7,1,1642259,2025-08-10T09:40:27.025926
22024,1642259,0022400995,"Mar 17, 2025",WAS @ POR,L,22,7,16,0.438,3,9,0.333,3,3,1.0,4,0,4,3,1,2,0,1,20,-7,1,1642259,2025-08-10T09:40:27.025926
22024,1642259,0022400975,"Mar 15, 2025",WAS @ DEN,W,32,12,28,0.429,5,9,0.556,5,5,1.0,4,2,6,5,1,1,2,4,34,8,1,1642259,2025-08-10T09:40:27.025926
22024,1642259,0022400954,"Mar 13, 2025",WAS @ DET,W,30,7,12,0.583,3,6,0.5,2,2,1.0,1,4,5,3,0,4,4,3,19,6,1,1642259,2025-08-10T09:40:27.025926
22024,1642259,0022400941,"Mar 11, 2025",WAS @ DET,L,23,2,9,0.222,1,3,0.333,3,6,0.5,2,5,7,2,0,1,4,1,8,-22,1,1642259,2025-08-10T09:40:27.025926
22024,1642259,0022400932,"Mar 10, 2025",WAS @ TOR,L,30,5,19,0.263,2,7,0.286,4,5,0.8,5,6,11,2,0,3,0,1,16,-15,1,1642259,2025-08-10T09:40:27.025926
22024,1642259,0022400915,"Mar 08, 2025",WAS @ TOR,W,28,5,16,0.313,0,3,0.0,0,2,0.0,3,11,14,3,0,1,3,2,10,7,1,1642259,2025-08-10T09:40:27.025926
22024,1642259,0022400894,"Mar 05, 2025",WAS vs. UTA,W,29,8,12,0.667,2,4,0.5,3,4,0.75,2,3,5,4,1,2,1,4,21,8,1,1642259,2025-08-10T09:40:27.025926
22024,1642259,0022400877,"Mar 03, 2025",WAS @ MIA,L,25,3,12,0.25,1,4,0.25,2,2,1.0,1,3,4,3,0,0,0,1,9,-1,1,1642259,2025-08-10T09:40:27.025926
22024,1642259,0022400860,"Mar 01, 2025",WAS @ CHA,W,26,4,11,0.364,2,7,0.286,0,0,0.0,1,2,3,2,2,0,1,1,10,3,1,1642259,2025-08-10T09:40:27.025926
22024,1642259,0022400799,"Feb 21, 2025",WAS vs. MIL,L,26,8,19,0.421,4,10,0.4,2,6,0.333,1,6,7,1,2,1,2,4,22,-3,1,1642259,2025-08-10T09:40:27.025926
22024,1642259,0022400771,"Feb 12, 2025",WAS vs. IND,L,32,3,13,0.231,2,6,0.333,1,2,0.5,0,6,6,4,0,2,1,1,9,1,1,1642259,2025-08-10T09:40:27.025926
22024,1642259,0022400657,"Jan 27, 2025",WAS @ DAL,L,11,2,6,0.333,0,2,0.0,0,0,0.0,1,1,2,1,0,0,0,0,4,-18,1,1642259,2025-08-10T09:40:27.025926
22024,1642259,0022400645,"Jan 25, 2025",WAS @ PHX,L,31,4,12,0.333,1,4,0.25,2,3,0.667,0,6,6,3,1,2,0,1,11,-1,1,1642259,2025-08-10T09:40:27.025926
22024,1642259,0022400983,"Jan 23, 2025",WAS @ LAC,L,28,6,14,0.429,2,7,0.286,0,0,0.0,3,7,10,2,1,0,1,3,14,-10,1,1642259,2025-08-10T09:40:27.025926
22024,1642259,0022400610,"Jan 21, 2025",WAS @ LAL,L,27,5,14,0.357,0,3,0.0,0,0,0.0,1,5,6,2,1,5,1,1,10,-15,1,1642259,2025-08-10T09:40:27.025926
22024,1642259,0022400598,"Jan 19, 2025",WAS @ SAC,L,22,1,8,0.125,1,5,0.2,3,4,0.75,0,7,7,1,0,0,2,1,6,-14,1,1642259,2025-08-10T09:40:27.025926
22024,1642259,0022400589,"Jan 18, 2025",WAS @ GSW,L,30,4,10,0.4,3,7,0.429,0,0,0.0,2,7,9,2,1,1,1,0,11,-2,1,1642259,2025-08-10T09:40:27.025926
22024,1642259,0022400573,"Jan 16, 2025",WAS vs. PHX,L,28,7,17,0.412,1,7,0.143,1,2,0.5,2,7,9,2,1,2,0,1,16,-14,1,1642259,2025-08-10T09:40:27.025926
22024,1642259,0022400548,"Jan 13, 2025",WAS vs. MIN,L,28,4,10,0.4,3,5,0.6,2,4,0.5,2,1,3,5,2,2,1,2,13,-18,1,1642259,2025-08-10T09:40:27.025926
22024,1642259,0022400545,"Jan 12, 2025",WAS vs. OKC,L,25,4,7,0.571,2,4,0.5,0,0,0.0,1,5,6,0,0,2,0,1,10,-20,1,1642259,2025-08-10T09:40:27.025926
22024,1642259,0022400530,"Jan 10, 2025",WAS @ CHI,L,26,4,14,0.286,1,4,0.25,2,3,0.667,3,8,11,1,0,0,1,2,11,-22,1,1642259,2025-08-10T09:40:27.025926
22024,1642259,0022400503,"Jan 07, 2025",WAS vs. HOU,L,23,1,12,0.083,0,5,0.0,0,0,0.0,2,7,9,1,1,1,3,3,2,-14,1,1642259,2025-08-10T09:40:27.025926
22024,1642259,0022400489,"Jan 05, 2025",WAS vs. NOP,L,28,6,9,0.667,3,6,0.5,3,5,0.6,2,9,11,3,0,0,2,2,18,7,1,1642259,2025-08-10T09:40:27.025926
22024,1642259,0022400472,"Jan 03, 2025",WAS @ NOP,L,27,7,13,0.538,0,2,0.0,5,5,1.0,3,4,7,5,0,0,2,4,19,-17,1,1642259,2025-08-10T09:40:27.025926
22024,1642259,0022400456,"Jan 01, 2025",WAS vs. CHI,W,25,5,11,0.455,1,2,0.5,0,1,0.0,1,9,10,5,0,1,2,1,11,10,1,1642259,2025-08-10T09:40:27.025926
22024,1642259,0022400443,"Dec 30, 2024",WAS vs. NYK,L,25,7,13,0.538,3,6,0.5,1,2,0.5,1,3,4,0,0,1,2,4,18,-9,1,1642259,2025-08-10T09:40:27.025926
22024,1642259,0022400429,"Dec 28, 2024",WAS vs. NYK,L,32,3,10,0.3,2,4,0.5,4,4,1.0,2,4,6,5,0,1,2,4,12,2,1,1642259,2025-08-10T09:40:27.025926
22024,1642259,0022400412,"Dec 26, 2024",WAS vs. CHA,W,25,6,11,0.545,3,6,0.5,0,2,0.0,1,2,3,1,1,3,1,2,15,1,1,1642259,2025-08-10T09:40:27.025926
22024,1642259,0022400382,"Dec 21, 2024",WAS @ MIL,L,33,4,7,0.571,3,6,0.5,0,0,0.0,0,5,5,3,2,0,1,0,11,-7,1,1642259,2025-08-10T09:40:27.025926
22024,1642259,0022400362,"Dec 19, 2024",WAS vs. CHA,W,33,6,13,0.462,3,6,0.5,4,8,0.5,2,7,9,5,0,3,3,1,19,4,1,1642259,2025-08-10T09:40:27.025926
22024,1642259,0022401217,"Dec 15, 2024",WAS vs. BOS,L,28,6,18,0.333,2,6,0.333,0,0,0.0,2,4,6,1,0,2,3,6,14,10,1,1642259,2025-08-10T09:40:27.025926
22024,1642259,0022401208,"Dec 13, 2024",WAS @ CLE,L,27,6,10,0.6,2,4,0.5,0,0,0.0,2,5,7,2,1,1,1,4,14,-2,1,1642259,2025-08-10T09:40:27.025926
22024,1642259,0022400326,"Dec 05, 2024",WAS vs. DAL,L,27,5,10,0.5,1,2,0.5,0,0,0.0,4,4,8,0,1,2,1,1,11,-9,1,1642259,2025-08-10T09:40:27.025926
22024,1642259,0022400051,"Dec 03, 2024",WAS @ CLE,L,27,4,10,0.4,1,4,0.25,1,2,0.5,3,6,9,2,1,2,4,3,10,-19,1,1642259,2025-08-10T09:40:27.025926
22024,1642259,0022400302,"Nov 30, 2024",WAS @ MIL,L,36,2,8,0.25,1,6,0.167,2,2,1.0,2,0,2,1,0,1,0,2,7,-9,1,1642259,2025-08-10T09:40:27.025926
22024,1642259,0022400291,"Nov 27, 2024",WAS vs. LAC,L,23,5,12,0.417,2,6,0.333,1,2,0.5,2,3,5,0,1,1,4,3,13,-35,1,1642259,2025-08-10T09:40:27.025926
22024,1642259,0022400035,"Nov 26, 2024",WAS vs. CHI,L,31,7,11,0.636,4,5,0.8,2,4,0.5,1,6,7,3,1,1,0,2,20,-18,1,1642259,2025-08-10T09:40:27.025926
22024,1642259,0022400272,"Nov 24, 2024",WAS @ IND,L,31,7,15,0.467,1,4,0.25,2,4,0.5,3,11,14,3,1,2,2,2,17,-13,1,1642259,2025-08-10T09:40:27.025926
22024,1642259,0022400028,"Nov 22, 2024",WAS vs. BOS,L,28,3,9,0.333,0,2,0.0,0,0,0.0,3,6,9,1,0,1,1,3,6,-9,1,1642259,2025-08-10T09:40:27.025926
22024,1642259,0022400246,"Nov 18, 2024",WAS @ NYK,L,24,4,12,0.333,0,4,0.0,0,0,0.0,3,1,4,3,0,0,1,4,8,-25,1,1642259,2025-08-10T09:40:27.025926
22024,1642259,0022400237,"Nov 17, 2024",WAS vs. DET,L,24,1,7,0.143,1,3,0.333,1,2,0.5,0,3,3,3,0,1,2,2,4,-22,1,1642259,2025-08-10T09:40:27.025926
22024,1642259,0022400012,"Nov 15, 2024",WAS @ ATL,L,31,7,13,0.538,3,4,0.75,3,4,0.75,4,3,7,2,4,3,2,4,20,10,1,1642259,2025-08-10T09:40:27.025926
22024,1642259,0022400224,"Nov 13, 2024",WAS @ SAS,L,26,6,14,0.429,0,5,0.0,0,0,0.0,1,1,2,2,1,1,2,2,12,-17,1,1642259,2025-08-10T09:40:27.025926
22024,1642259,0022400213,"Nov 11, 2024",WAS @ HOU,L,28,2,9,0.222,0,3,0.0,1,4,0.25,2,4,6,1,0,2,0,3,5,-12,1,1642259,2025-08-10T09:40:27.025926
22024,1642259,0022400204,"Nov 10, 2024",WAS @ ORL,L,25,3,10,0.3,2,6,0.333,3,4,0.75,1,2,3,4,1,2,1,3,11,-19,1,1642259,2025-08-10T09:40:27.025926
22024,1642259,0022400191,"Nov 08, 2024",WAS @ MEM,L,25,3,11,0.273,0,5,0.0,2,2,1.0,2,3,5,5,1,1,4,4,8,-7,1,1642259,2025-08-10T09:40:27.025926
22024,1642259,0022400155,"Nov 04, 2024",WAS vs. GSW,L,27,3,10,0.3,0,4,0.0,4,6,0.667,3,8,11,2,0,3,1,3,10,-11,1,1642259,2025-08-10T09:40:27.025926
22024,1642259,0022400147,"Nov 02, 2024",WAS vs. MIA,L,27,7,11,0.636,1,4,0.25,2,2,1.0,1,5,6,3,0,4,1,2,17,-9,1,1642259,2025-08-10T09:40:27.025926
22024,1642259,0022400121,"Oct 30, 2024",WAS vs. ATL,W,23,3,9,0.333,2,5,0.4,3,4,0.75,0,5,5,2,1,4,1,2,11,17,1,1642259,2025-08-10T09:40:27.025926
22024,1642259,0022400103,"Oct 28, 2024",WAS @ ATL,W,27,3,11,0.273,1,5,0.2,0,0,0.0,4,5,9,1,1,2,1,4,7,-11,1,1642259,2025-08-10T09:40:27.025926
22024,1642259,0022400090,"Oct 26, 2024",WAS vs. CLE,L,25,4,10,0.4,2,6,0.333,2,2,1.0,2,4,6,1,1,2,0,3,12,-18,1,1642259,2025-08-10T09:40:27.025926
22024,1642259,0022400073,"Oct 24, 2024",WAS vs. BOS,L,22,1,7,0.143,0,5,0.0,0,0,0.0,1,4,5,1,0,2,0,2,2,-24,1,1642259,2025-08-10T09:40:27.025926
22024,203999,0022401193,"Apr 13, 2025",DEN @ HOU,W,31,7,10,0.7,3,5,0.6,1,2,0.5,1,6,7,7,2,1,1,3,18,34,1,203999,2025-08-10T09:40:29.684181
22024,203999,0022401180,"Apr 11, 2025",DEN vs. MEM,W,41,11,19,0.579,1,2,0.5,3,7,0.429,3,13,16,13,2,0,5,3,26,11,1,203999,2025-08-10T09:40:29.684181
22024,203999,0022401165,"Apr 09, 2025",DEN @ SAC,W,38,5,12,0.417,0,1,0.0,10,10,1.0,3,9,12,11,4,0,1,2,20,9,1,203999,2025-08-10T09:40:29.684181
22024,203999,0022401142,"Apr 06, 2025",DEN vs. IND,L,39,18,33,0.545,3,11,0.273,2,3,0.667,3,12,15,13,2,1,4,0,41,1,1,203999,2025-08-10T09:40:29.684181
22024,203999,0022401125,"Apr 04, 2025",DEN @ GSW,L,37,13,17,0.765,4,7,0.571,3,3,1.0,2,10,12,9,2,0,6,2,33,-4,1,203999,2025-08-10T09:40:29.684181
22024,203999,0022401102,"Apr 01, 2025",DEN vs. MIN,L,53,18,29,0.621,6,11,0.545,19,24,0.792,2,8,10,10,2,0,4,5,61,2,1,203999,2025-08-10T09:40:29.684181
22024,203999,0022401073,"Mar 28, 2025",DEN vs. UTA,W,32,8,18,0.444,1,5,0.2,10,12,0.833,5,9,14,6,4,0,3,0,27,28,1,203999,2025-08-10T09:40:29.684181
22024,203999,0022401057,"Mar 26, 2025",DEN vs. MIL,W,38,16,25,0.64,3,6,0.5,4,7,0.571,2,8,10,10,0,0,3,2,39,14,1,203999,2025-08-10T09:40:29.684181
22024,203999,0022400975,"Mar 15, 2025",DEN vs. WAS,L,39,16,30,0.533,1,8,0.125,7,7,1.0,3,10,13,9,1,2,3,3,40,6,1,203999,2025-08-10T09:40:29.684181
22024,203999,0022400965,"Mar 14, 2025",DEN vs. LAL,W,38,8,16,0.5,0,4,0.0,12,17,0.706,1,6,7,5,3,1,4,5,28,2,1,203999,2025-08-10T09:40:29.684181
22024,203999,0022400952,"Mar 12, 2025",DEN vs. MIN,L,38,13,23,0.565,2,6,0.333,6,8,0.75,3,5,8,4,1,0,3,3,34,-24,1,203999,2025-08-10T09:40:29.684181
22024,203999,0022400936,"Mar 10, 2025",DEN @ OKC,W,40,15,20,0.75,1,2,0.5,4,5,0.8,2,16,18,8,1,1,1,4,35,8,1,203999,2025-08-10T09:40:29.684181
22024,203999,0022400920,"Mar 09, 2025",DEN @ OKC,L,41,10,23,0.435,2,10,0.2,2,6,0.333,2,11,13,9,1,3,2,3,24,-13,1,203999,2025-08-10T09:40:29.684181
22024,203999,0022400909,"Mar 07, 2025",DEN vs. PHX,W,45,13,22,0.591,3,7,0.429,2,3,0.667,4,17,21,22,3,0,4,3,31,8,1,203999,2025-08-10T09:40:29.684181
22024,203999,0022400896,"Mar 05, 2025",DEN vs. SAC,W,38,9,18,0.5,0,2,0.0,4,6,0.667,5,10,15,6,1,0,7,3,22,-7,1,203999,2025-08-10T09:40:29.684181
22024,203999,0022400866,"Mar 02, 2025",DEN @ BOS,L,39,9,15,0.6,2,3,0.667,0,0,0.0,3,11,14,9,2,0,2,2,20,0,1,203999,2025-08-10T09:40:29.684181
22024,203999,0022400850,"Feb 28, 2025",DEN @ DET,W,34,6,12,0.5,0,3,0.0,11,12,0.917,0,17,17,15,1,2,7,2,23,33,1,203999,2025-08-10T09:40:29.684181
22024,203999,0022400846,"Feb 27, 2025",DEN @ MIL,L,38,13,16,0.813,1,2,0.5,5,7,0.714,1,13,14,10,1,0,5,4,32,-5,1,203999,2025-08-10T09:40:29.684181
22024,203999,0022400822,"Feb 24, 2025",DEN @ IND,W,39,9,14,0.643,0,1,0.0,0,0,0.0,0,9,9,19,3,1,4,1,18,17,1,203999,2025-08-10T09:40:29.684181
22024,203999,0022400808,"Feb 22, 2025",DEN vs. LAL,L,35,2,7,0.286,0,1,0.0,8,10,0.8,4,9,13,10,1,0,6,3,12,-11,1,203999,2025-08-10T09:40:29.684181
22024,203999,0022400794,"Feb 20, 2025",DEN vs. CHA,W,37,11,22,0.5,6,14,0.429,1,2,0.5,4,13,17,9,1,1,2,1,29,14,1,203999,2025-08-10T09:40:29.684181
22024,203999,0022400780,"Feb 12, 2025",DEN vs. POR,W,36,11,20,0.55,0,3,0.0,4,4,1.0,3,12,15,10,2,0,4,4,26,6,1,203999,2025-08-10T09:40:29.684181
22024,203999,0022400763,"Feb 10, 2025",DEN vs. POR,W,31,15,22,0.682,2,7,0.286,8,8,1.0,1,6,7,8,3,1,5,2,40,22,1,203999,2025-08-10T09:40:29.684181
22024,203999,0022400749,"Feb 08, 2025",DEN @ PHX,W,29,11,13,0.846,1,2,0.5,3,3,1.0,4,7,11,9,0,0,2,4,26,19,1,203999,2025-08-10T09:40:29.684181
22024,203999,0022400730,"Feb 06, 2025",DEN vs. ORL,W,31,11,16,0.688,2,4,0.5,4,6,0.667,0,10,10,12,2,0,3,2,28,22,1,203999,2025-08-10T09:40:29.684181
22024,203999,0022400726,"Feb 05, 2025",DEN vs. NOP,W,36,15,28,0.536,5,13,0.385,3,3,1.0,2,6,8,10,1,1,1,3,38,24,1,203999,2025-08-10T09:40:29.684181
22024,203999,0022400706,"Feb 03, 2025",DEN vs. NOP,W,36,9,13,0.692,1,3,0.333,8,10,0.8,1,13,14,10,1,2,1,2,27,11,1,203999,2025-08-10T09:40:29.684181
22024,203999,0022400688,"Feb 01, 2025",DEN @ CHA,W,37,9,17,0.529,2,7,0.286,8,9,0.889,1,12,13,17,4,1,4,2,28,-2,1,203999,2025-08-10T09:40:29.684181
22024,203999,0022400681,"Jan 31, 2025",DEN @ PHI,W,37,11,16,0.688,2,3,0.667,4,5,0.8,2,7,9,13,2,0,6,3,28,0,1,203999,2025-08-10T09:40:29.684181
22024,203999,0022400668,"Jan 29, 2025",DEN @ NYK,L,33,6,15,0.4,3,7,0.429,2,2,1.0,0,6,6,6,2,1,2,3,17,-3,1,203999,2025-08-10T09:40:29.684181
22024,203999,0022400655,"Jan 27, 2025",DEN @ CHI,L,40,15,21,0.714,1,4,0.25,2,2,1.0,2,10,12,14,1,1,4,1,33,1,1,203999,2025-08-10T09:40:29.684181
22024,203999,0022400634,"Jan 25, 2025",DEN @ MIN,L,32,9,13,0.692,2,4,0.5,0,1,0.0,1,2,3,11,0,0,7,0,20,-24,1,203999,2025-08-10T09:40:29.684181
22024,203999,0022400626,"Jan 23, 2025",DEN vs. SAC,W,37,12,19,0.632,2,3,0.667,9,10,0.9,3,19,22,17,1,2,1,5,35,11,1,203999,2025-08-10T09:40:29.684181
22024,203999,0022400609,"Jan 21, 2025",DEN vs. PHI,W,30,10,15,0.667,2,3,0.667,5,5,1.0,5,8,13,10,4,1,2,1,27,21,1,203999,2025-08-10T09:40:29.684181
22024,203999,0022400593,"Jan 19, 2025",DEN @ ORL,W,30,7,9,0.778,0,0,0.0,6,7,0.857,1,13,14,10,3,3,2,0,20,20,1,203999,2025-08-10T09:40:29.684181
22024,203999,0022400579,"Jan 17, 2025",DEN @ MIA,W,31,9,12,0.75,1,2,0.5,5,5,1.0,2,10,12,10,1,0,2,1,24,6,1,203999,2025-08-10T09:40:29.684181
22024,203999,0022400559,"Jan 14, 2025",DEN @ DAL,W,29,4,7,0.571,1,2,0.5,1,2,0.5,2,12,14,10,2,0,1,3,10,23,1,203999,2025-08-10T09:40:29.684181
22024,203999,0022400540,"Jan 12, 2025",DEN @ DAL,W,39,6,13,0.462,0,2,0.0,7,9,0.778,4,14,18,9,3,0,4,4,19,-2,1,203999,2025-08-10T09:40:29.684181
22024,203999,0022400531,"Jan 10, 2025",DEN vs. BKN,W,38,14,21,0.667,1,1,1.0,6,8,0.75,5,7,12,15,4,0,1,1,35,33,1,203999,2025-08-10T09:40:29.684181
22024,203999,0022400484,"Jan 04, 2025",DEN @ SAS,W,43,19,35,0.543,3,8,0.375,5,6,0.833,4,5,9,10,2,2,2,3,46,7,1,203999,2025-08-10T09:40:29.684181
22024,203999,0022400475,"Jan 03, 2025",DEN vs. SAS,L,37,15,36,0.417,3,10,0.3,8,9,0.889,4,14,18,9,2,0,2,3,41,7,1,203999,2025-08-10T09:40:29.684181
22024,203999,0022400461,"Jan 01, 2025",DEN vs. ATL,W,30,8,16,0.5,1,1,1.0,6,6,1.0,3,14,17,15,0,1,2,2,23,31,1,203999,2025-08-10T09:40:29.684181
22024,203999,0022400445,"Dec 30, 2024",DEN @ UTA,W,38,14,33,0.424,3,9,0.333,5,6,0.833,7,15,22,11,4,0,2,0,36,20,1,203999,2025-08-10T09:40:29.684181
22024,203999,0022400432,"Dec 28, 2024",DEN vs. DET,W,37,11,17,0.647,4,5,0.8,11,14,0.786,1,8,9,8,0,0,2,4,37,25,1,203999,2025-08-10T09:40:29.684181
22024,203999,0022400424,"Dec 27, 2024",DEN vs. CLE,L,36,12,19,0.632,0,3,0.0,3,4,0.75,3,11,14,13,3,0,1,1,27,-15,1,203999,2025-08-10T09:40:29.684181
22024,203999,0022400409,"Dec 25, 2024",DEN @ PHX,L,38,10,19,0.526,2,7,0.286,3,4,0.75,5,10,15,2,2,0,2,1,25,-3,1,203999,2025-08-10T09:40:29.684181
22024,203999,0022400402,"Dec 23, 2024",DEN vs. PHX,W,30,12,17,0.706,4,6,0.667,4,5,0.8,0,2,2,7,0,0,1,1,32,19,1,203999,2025-08-10T09:40:29.684181
22024,203999,0022400390,"Dec 22, 2024",DEN @ NOP,W,43,11,20,0.55,2,3,0.667,3,5,0.6,2,11,13,10,1,1,3,5,27,6,1,203999,2025-08-10T09:40:29.684181
22024,203999,0022400371,"Dec 19, 2024",DEN @ POR,L,37,13,18,0.722,4,6,0.667,4,4,1.0,0,6,6,8,1,0,3,4,34,-5,1,203999,2025-08-10T09:40:29.684181
22024,203999,0022401225,"Dec 16, 2024",DEN @ SAC,W,38,8,19,0.421,1,6,0.167,3,4,0.75,2,12,14,13,2,1,5,0,20,4,1,203999,2025-08-10T09:40:29.684181
22024,203999,0022401213,"Dec 13, 2024",DEN vs. LAC,W,30,6,9,0.667,2,2,1.0,2,4,0.5,0,7,7,2,2,0,5,2,16,14,1,203999,2025-08-10T09:40:29.684181
22024,203999,0022400350,"Dec 08, 2024",DEN @ ATL,W,35,17,29,0.586,3,6,0.5,11,13,0.846,3,11,14,8,3,0,3,2,48,25,1,203999,2025-08-10T09:40:29.684181
22024,203999,0022400341,"Dec 07, 2024",DEN @ WAS,L,39,22,39,0.564,3,6,0.5,9,13,0.692,7,9,16,8,1,0,5,5,56,-1,1,203999,2025-08-10T09:40:29.684181
22024,203999,0022400325,"Dec 05, 2024",DEN @ CLE,L,39,13,26,0.5,0,3,0.0,1,1,1.0,3,17,20,11,3,0,3,3,27,-8,1,203999,2025-08-10T09:40:29.684181
22024,203999,0022400058,"Dec 03, 2024",DEN vs. GSW,W,40,14,24,0.583,3,4,0.75,7,9,0.778,2,8,10,6,5,1,4,1,38,23,1,203999,2025-08-10T09:40:29.684181
22024,203999,0022400314,"Dec 01, 2024",DEN @ LAC,L,39,12,24,0.5,2,7,0.286,2,4,0.5,3,11,14,11,1,1,5,3,28,-7,1,203999,2025-08-10T09:40:29.684181
22024,203999,0022400298,"Nov 27, 2024",DEN @ UTA,W,34,13,19,0.684,2,3,0.667,2,3,0.667,3,7,10,7,1,1,1,1,30,20,1,203999,2025-08-10T09:40:29.684181
22024,203999,0022400283,"Nov 25, 2024",DEN vs. NYK,L,32,9,20,0.45,2,7,0.286,2,2,1.0,3,4,7,7,1,0,0,1,22,-20,1,203999,2025-08-10T09:40:29.684181
22024,203999,0022400270,"Nov 23, 2024",DEN @ LAL,W,37,12,20,0.6,3,7,0.429,7,8,0.875,2,11,13,8,2,1,6,3,34,39,1,203999,2025-08-10T09:40:29.684181
22024,203999,0022400033,"Nov 22, 2024",DEN vs. DAL,L,39,13,22,0.591,2,2,1.0,5,7,0.714,6,11,17,10,0,0,3,0,33,4,1,203999,2025-08-10T09:40:29.684181
22024,203999,0022400208,"Nov 10, 2024",DEN vs. DAL,W,38,13,21,0.619,3,3,1.0,8,8,1.0,8,10,18,15,3,0,4,2,37,13,1,203999,2025-08-10T09:40:29.684181
22024,203999,0022400194,"Nov 08, 2024",DEN vs. MIA,W,40,11,13,0.846,1,1,1.0,7,7,1.0,2,9,11,14,2,0,5,2,30,26,1,203999,2025-08-10T09:40:29.684181
22024,203999,0022400177,"Nov 06, 2024",DEN vs. OKC,W,39,9,20,0.45,1,3,0.333,4,6,0.667,7,13,20,16,2,2,5,2,23,8,1,203999,2025-08-10T09:40:29.684181
22024,203999,0022400166,"Nov 04, 2024",DEN vs. TOR,W,38,10,22,0.455,1,5,0.2,7,8,0.875,5,9,14,13,1,2,7,2,28,-1,1,203999,2025-08-10T09:40:29.684181
22024,203999,0022400148,"Nov 02, 2024",DEN vs. UTA,W,30,10,18,0.556,3,4,0.75,4,4,1.0,5,11,16,9,1,0,5,1,27,31,1,203999,2025-08-10T09:40:29.684181
22024,203999,0022400139,"Nov 01, 2024",DEN @ MIN,L,40,8,16,0.5,2,3,0.667,8,10,0.8,2,7,9,13,3,1,3,1,26,6,1,203999,2025-08-10T09:40:29.684181
22024,203999,0022400113,"Oct 29, 2024",DEN @ BKN,W,41,9,16,0.563,0,0,0.0,11,13,0.846,6,12,18,16,0,1,1,3,29,8,1,203999,2025-08-10T09:40:29.684181
22024,203999,0022400107,"Oct 28, 2024",DEN @ TOR,W,44,18,27,0.667,3,5,0.6,1,2,0.5,3,7,10,4,1,2,3,2,40,9,1,203999,2025-08-10T09:40:29.684181
22024,203999,0022400087,"Oct 26, 2024",DEN vs. LAC,L,37,14,26,0.538,7,12,0.583,6,8,0.75,3,6,9,4,2,1,5,2,41,7,1,203999,2025-08-10T09:40:29.684181
22024,203999,0022400075,"Oct 24, 2024",DEN vs. OKC,L,35,6,13,0.462,1,3,0.333,3,4,0.75,4,8,12,13,2,1,3,3,16,-9,1,203999,2025-08-10T09:40:29.684181
22024,1629020,0022401185,"Apr 11, 2025",LAL vs. HOU,W,19,4,5,0.8,0,0,0.0,0,0,0.0,1,3,4,0,2,1,1,3,8,12,1,1629020,2025-08-10T09:40:32.315308
22024,1629020,0022401159,"Apr 09, 2025",LAL @ DAL,W,13,1,4,0.25,0,0,0.0,0,0,0.0,2,3,5,1,2,0,0,1,2,-9,1,1629020,2025-08-10T09:40:32.315308
22024,1629020,0022401153,"Apr 08, 2025",LAL @ OKC,L,20,3,5,0.6,0,0,0.0,2,4,0.5,8,4,12,1,0,2,3,3,8,-17,1,1629020,2025-08-10T09:40:32.315308
22024,1629020,0022401135,"Apr 06, 2025",LAL @ OKC,W,15,0,1,0.0,0,0,0.0,3,4,0.75,1,1,2,1,2,0,2,1,3,4,1,1629020,2025-08-10T09:40:32.315308
22024,1629020,0022401126,"Apr 04, 2025",LAL vs. NOP,W,16,1,2,0.5,0,0,0.0,0,0,0.0,1,2,3,0,0,0,1,0,2,11,1,1629020,2025-08-10T09:40:32.315308
22024,1629020,0022401117,"Apr 03, 2025",LAL vs. GSW,L,13,1,3,0.333,0,1,0.0,0,0,0.0,3,4,7,0,0,0,0,1,2,-7,1,1629020,2025-08-10T09:40:32.315308
22024,1629020,0022401096,"Mar 31, 2025",LAL vs. HOU,W,10,1,6,0.167,0,0,0.0,0,0,0.0,4,2,6,0,0,0,0,1,2,-4,1,1629020,2025-08-10T09:40:32.315308
22024,1629020,0022401078,"Mar 29, 2025",LAL @ MEM,W,10,3,5,0.6,0,1,0.0,0,0,0.0,1,3,4,1,0,0,1,2,6,-1,1,1629020,2025-08-10T09:40:32.315308
22024,1629020,0022401063,"Mar 27, 2025",LAL @ CHI,L,19,3,4,0.75,0,0,0.0,1,1,1.0,2,3,5,1,2,1,0,3,7,9,1,1629020,2025-08-10T09:40:32.315308
22024,1629020,0022401055,"Mar 26, 2025",LAL @ IND,W,16,0,1,0.0,0,1,0.0,0,0,0.0,2,4,6,3,0,0,0,4,0,24,1,1629020,2025-08-10T09:40:32.315308
22024,1629020,0022401038,"Mar 24, 2025",LAL @ ORL,L,12,0,1,0.0,0,0,0.0,1,2,0.5,1,3,4,1,1,0,0,3,1,-2,1,1629020,2025-08-10T09:40:32.315308
22024,1629020,0022401028,"Mar 22, 2025",LAL vs. CHI,L,11,0,2,0.0,0,1,0.0,0,0,0.0,1,1,2,0,0,0,3,2,0,-9,1,1629020,2025-08-10T09:40:32.315308
22024,1629020,0022401006,"Mar 19, 2025",LAL vs. DEN,W,18,4,6,0.667,0,1,0.0,2,2,1.0,1,1,2,1,3,0,3,2,10,6,1,1629020,2025-08-10T09:40:32.315308
22024,1629020,0022400537,"Mar 17, 2025",LAL vs. SAS,W,15,1,2,0.5,0,0,0.0,0,0,0.0,0,1,1,1,0,0,1,1,2,-2,1,1629020,2025-08-10T09:40:32.315308
22024,1629020,0022400977,"Mar 16, 2025",LAL vs. PHX,W,10,0,1,0.0,0,1,0.0,0,0,0.0,0,3,3,0,0,0,0,1,0,-5,1,1629020,2025-08-10T09:40:32.315308
22024,1629020,0022400965,"Mar 14, 2025",LAL @ DEN,L,24,3,6,0.5,1,2,0.5,2,4,0.5,4,3,7,7,3,0,1,4,9,-13,1,1629020,2025-08-10T09:40:32.315308
22024,1629020,0022400955,"Mar 13, 2025",LAL @ MIL,L,15,2,4,0.5,0,1,0.0,0,0,0.0,1,2,3,1,0,0,0,0,4,-14,1,1629020,2025-08-10T09:40:32.315308
22024,1629020,0022400930,"Mar 10, 2025",LAL @ BKN,L,27,3,3,1.0,1,1,1.0,0,0,0.0,1,5,6,2,1,0,1,0,7,-7,1,1629020,2025-08-10T09:40:32.315308
22024,1629020,0022400918,"Mar 08, 2025",LAL @ BOS,L,29,2,5,0.4,0,1,0.0,0,1,0.0,2,6,8,2,2,0,2,4,4,0,1,1629020,2025-08-10T09:40:32.315308
22024,1629020,0022400903,"Mar 06, 2025",LAL vs. NYK,W,17,1,3,0.333,0,1,0.0,0,0,0.0,2,3,5,0,2,1,0,3,2,-11,1,1629020,2025-08-10T09:40:32.315308
22024,1629020,0022400890,"Mar 04, 2025",LAL vs. NOP,W,20,4,7,0.571,2,4,0.5,2,2,1.0,3,5,8,1,1,2,0,2,12,27,1,1629020,2025-08-10T09:40:32.315308
22024,1629020,0022400874,"Mar 02, 2025",LAL vs. LAC,W,22,4,7,0.571,0,3,0.0,0,0,0.0,5,4,9,1,0,2,0,1,8,10,1,1629020,2025-08-10T09:40:32.315308
22024,1629020,0022400859,"Feb 28, 2025",LAL vs. LAC,W,15,0,1,0.0,0,0,0.0,3,4,0.75,1,4,5,0,1,0,0,1,3,20,1,1629020,2025-08-10T09:40:32.315308
22024,1629020,0022400849,"Feb 27, 2025",LAL vs. MIN,W,13,2,3,0.667,1,2,0.5,0,2,0.0,0,2,2,1,0,0,0,2,5,-17,1,1629020,2025-08-10T09:40:32.315308
22024,1629020,0022400835,"Feb 25, 2025",LAL vs. DAL,W,14,3,5,0.6,2,3,0.667,0,0,0.0,1,2,3,2,0,0,0,2,8,-1,1,1629020,2025-08-10T09:40:32.315308
22024,1629020,0022400808,"Feb 22, 2025",LAL @ DEN,W,6,0,0,0.0,0,0,0.0,1,2,0.5,1,0,1,2,2,0,0,5,1,1,1,1629020,2025-08-10T09:40:32.315308
22024,1629020,0022400524,"Feb 19, 2025",LAL vs. CHA,L,13,1,1,1.0,0,0,0.0,1,2,0.5,0,4,4,0,0,0,2,0,3,-17,1,1629020,2025-08-10T09:40:32.315308
22024,1629020,0022400781,"Feb 12, 2025",LAL @ UTA,L,17,1,3,0.333,1,1,1.0,0,2,0.0,2,4,6,0,0,0,2,0,3,-12,1,1629020,2025-08-10T09:40:32.315308
22024,1629020,0022400768,"Feb 10, 2025",LAL vs. UTA,W,17,0,3,0.0,0,1,0.0,0,0,0.0,0,2,2,1,0,0,1,1,0,4,1,1629020,2025-08-10T09:40:32.315308
22024,1629020,0022400742,"Feb 08, 2025",LAL vs. IND,W,20,2,4,0.5,0,2,0.0,0,0,0.0,2,4,6,1,0,0,1,1,4,5,1,1629020,2025-08-10T09:40:32.315308
22024,1629020,0022400731,"Feb 06, 2025",LAL vs. GSW,W,21,2,2,1.0,0,0,0.0,1,2,0.5,4,10,14,3,1,1,2,4,5,-2,1,1629020,2025-08-10T09:40:32.315308
22024,1629020,0022400715,"Feb 04, 2025",LAL @ LAC,W,18,2,3,0.667,1,1,1.0,1,2,0.5,1,5,6,0,1,0,0,0,6,21,1,1629020,2025-08-10T09:40:32.315308
22024,1629020,0022400692,"Feb 01, 2025",LAL @ NYK,W,14,0,3,0.0,0,1,0.0,0,0,0.0,3,5,8,1,0,0,0,3,0,4,1,1629020,2025-08-10T09:40:32.315308
22024,1629020,0022400674,"Jan 30, 2025",LAL @ WAS,W,16,2,3,0.667,0,0,0.0,0,0,0.0,4,3,7,2,4,0,1,2,4,18,1,1629020,2025-08-10T09:40:32.315308
22024,1629020,0022400648,"Jan 27, 2025",LAL @ CHA,W,13,2,5,0.4,0,1,0.0,0,0,0.0,1,1,2,1,2,0,1,1,4,3,1,1629020,2025-08-10T09:40:32.315308
22024,1629020,0022400644,"Jan 25, 2025",LAL @ GSW,W,12,1,2,0.5,0,1,0.0,0,0,0.0,2,2,4,2,3,0,0,3,2,6,1,1629020,2025-08-10T09:40:32.315308
22024,1627736,0022401192,"Apr 13, 2025",DET @ MIL,L,19,8,14,0.571,7,11,0.636,0,0,0.0,0,1,1,2,1,0,1,1,23,1,1,1627736,2025-08-10T09:40:33.018941
22024,1627736,0022401171,"Apr 11, 2025",DET vs. MIL,L,27,7,16,0.438,7,14,0.5,0,0,0.0,0,0,0,0,0,0,0,1,21,-8,1,1627736,2025-08-10T09:40:33.018941
22024,1627736,0022401167,"Apr 10, 2025",DET vs. NYK,W,27,4,8,0.5,0,3,0.0,2,3,0.667,0,1,1,2,0,0,0,2,10,14,1,1627736,2025-08-10T09:40:33.018941
22024,1627736,0022401144,"Apr 07, 2025",DET vs. SAC,L,30,5,15,0.333,4,14,0.286,0,2,0.0,0,1,1,2,0,0,0,1,14,-10,1,1627736,2025-08-10T09:40:33.018941
22024,1627736,0022401129,"Apr 05, 2025",DET vs. MEM,L,33,4,16,0.25,3,12,0.25,0,0,0.0,1,2,3,0,1,0,0,1,11,-5,1,1627736,2025-08-10T09:40:33.018941
22024,1627736,0022401121,"Apr 04, 2025",DET @ TOR,W,31,7,20,0.35,3,11,0.273,4,4,1.0,1,3,4,2,1,0,0,1,21,8,1,1627736,2025-08-10T09:40:33.018941
22024,1627736,0022401108,"Apr 02, 2025",DET @ OKC,L,33,4,15,0.267,3,10,0.3,0,0,0.0,0,1,1,0,0,0,1,1,11,0,1,1627736,2025-08-10T09:40:33.018941
22024,1627736,0022401084,"Mar 30, 2025",DET @ MIN,L,38,8,18,0.444,6,13,0.462,5,6,0.833,0,2,2,0,0,0,1,0,27,-14,1,1627736,2025-08-10T09:40:33.018941
22024,1627736,0022401067,"Mar 28, 2025",DET vs. CLE,W,36,4,10,0.4,3,5,0.6,8,8,1.0,3,1,4,4,1,0,1,4,19,7,1,1627736,2025-08-10T09:40:33.018941
22024,1627736,0022401046,"Mar 25, 2025",DET vs. SAS,W,25,5,12,0.417,2,7,0.286,1,2,0.5,0,3,3,3,0,0,1,0,13,18,1,1627736,2025-08-10T09:40:33.018941
22024,1627736,0022401029,"Mar 23, 2025",DET vs. NOP,W,29,4,11,0.364,4,6,0.667,1,1,1.0,2,2,4,2,1,0,0,1,13,3,1,1627736,2025-08-10T09:40:33.018941
22024,1627736,0022401019,"Mar 21, 2025",DET @ DAL,L,36,5,15,0.333,5,11,0.455,1,1,1.0,1,0,1,2,1,1,1,4,16,3,1,1627736,2025-08-10T09:40:33.018941
22024,1627736,0022401000,"Mar 19, 2025",DET @ MIA,W,29,5,11,0.455,5,10,0.5,1,2,0.5,0,1,1,3,0,0,0,2,16,7,1,1627736,2025-08-10T09:40:33.018941
22024,1627736,0022400987,"Mar 17, 2025",DET @ NOP,W,24,4,14,0.286,3,12,0.25,0,0,0.0,1,3,4,3,0,0,3,1,11,31,1,1627736,2025-08-10T09:40:33.018941
22024,1627736,0022400969,"Mar 15, 2025",DET vs. OKC,L,28,6,11,0.545,3,7,0.429,0,0,0.0,0,0,0,2,1,0,4,1,15,10,1,1627736,2025-08-10T09:40:33.018941
22024,1627736,0022400954,"Mar 13, 2025",DET vs. WAS,L,29,2,5,0.4,2,3,0.667,2,4,0.5,0,2,2,2,2,0,2,2,8,0,1,1627736,2025-08-10T09:40:33.018941
22024,1627736,0022400941,"Mar 11, 2025",DET vs. WAS,W,22,5,10,0.5,4,6,0.667,0,0,0.0,2,2,4,2,0,0,0,1,14,1,1,1627736,2025-08-10T09:40:33.018941
22024,1627736,0022400926,"Mar 09, 2025",DET @ POR,W,26,4,11,0.364,2,8,0.25,0,0,0.0,0,2,2,0,1,0,2,1,10,-6,1,1627736,2025-08-10T09:40:33.018941
22024,1627736,0022400919,"Mar 08, 2025",DET @ GSW,L,28,6,14,0.429,2,7,0.286,3,6,0.5,0,2,2,1,4,1,1,3,17,-4,1,1627736,2025-08-10T09:40:33.018941
22024,1627736,0022400898,"Mar 05, 2025",DET @ LAC,L,33,5,12,0.417,4,10,0.4,0,0,0.0,0,0,0,0,0,0,2,3,14,-16,1,1627736,2025-08-10T09:40:33.018941
22024,1627736,0022400881,"Mar 03, 2025",DET @ UTA,W,33,6,17,0.353,3,14,0.214,0,0,0.0,0,1,1,1,0,0,0,4,15,22,1,1627736,2025-08-10T09:40:33.018941
22024,1627736,0022400861,"Mar 01, 2025",DET vs. BKN,W,24,6,10,0.6,5,8,0.625,1,2,0.5,0,0,0,1,0,0,2,0,18,4,1,1627736,2025-08-10T09:40:33.018941
22024,1627736,0022400850,"Feb 28, 2025",DET vs. DEN,L,26,6,18,0.333,4,11,0.364,0,0,0.0,1,3,4,3,2,0,0,2,16,3,1,1627736,2025-08-10T09:40:33.018941
22024,1627736,0022400836,"Feb 26, 2025",DET vs. BOS,W,22,10,15,0.667,6,11,0.545,0,0,0.0,2,3,5,2,1,1,0,0,26,12,1,1627736,2025-08-10T09:40:33.018941
22024,1627736,0022400821,"Feb 24, 2025",DET vs. LAC,W,24,3,10,0.3,3,8,0.375,0,0,0.0,0,0,0,1,0,0,1,4,9,1,1,1627736,2025-08-10T09:40:33.018941
22024,1627736,0022400814,"Feb 23, 2025",DET @ ATL,W,34,7,12,0.583,6,10,0.6,4,8,0.5,1,6,7,3,1,0,1,1,24,15,1,1627736,2025-08-10T09:40:33.018941
22024,1627736,0022400802,"Feb 21, 2025",DET @ SAS,W,23,4,7,0.571,4,7,0.571,4,4,1.0,0,0,0,1,2,0,2,0,16,-9,1,1627736,2025-08-10T09:40:33.018941
22024,1627736,0022400775,"Feb 12, 2025",DET @ CHI,W,23,5,10,0.5,4,6,0.667,0,0,0.0,1,2,3,1,2,0,0,1,14,-7,1,1627736,2025-08-10T09:40:33.018941
22024,1627736,0022400766,"Feb 11, 2025",DET @ CHI,W,16,8,12,0.667,7,10,0.7,1,1,1.0,0,2,2,0,1,0,0,3,24,22,1,1627736,2025-08-10T09:40:33.018941
22024,1627736,0022400752,"Feb 09, 2025",DET vs. CHA,W,26,6,16,0.375,5,14,0.357,0,0,0.0,1,1,2,0,2,0,0,1,17,9,1,1627736,2025-08-10T09:40:33.018941
22024,1627736,0022400738,"Feb 07, 2025",DET vs. PHI,W,38,13,23,0.565,9,19,0.474,1,3,0.333,2,1,3,1,0,0,1,1,36,10,1,1627736,2025-08-10T09:40:33.018941
22024,1627736,0022400718,"Feb 05, 2025",DET vs. CLE,L,25,1,8,0.125,0,6,0.0,0,0,0.0,0,0,0,1,1,0,1,2,2,-2,1,1627736,2025-08-10T09:40:33.018941
22024,1627736,0022400701,"Feb 03, 2025",DET vs. ATL,L,24,6,11,0.545,6,10,0.6,0,0,0.0,1,4,5,2,2,0,1,4,18,-9,1,1627736,2025-08-10T09:40:33.018941
22024,1627736,0022400695,"Feb 02, 2025",DET vs. CHI,W,28,7,13,0.538,5,11,0.455,0,1,0.0,0,2,2,5,3,0,2,3,19,2,1,1627736,2025-08-10T09:40:33.018941
22024,1627736,0022400680,"Jan 31, 2025",DET vs. DAL,W,22,3,9,0.333,3,8,0.375,0,0,0.0,2,0,2,0,0,0,0,1,9,9,1,1627736,2025-08-10T09:40:33.018941
22024,1627736,0022400664,"Jan 29, 2025",DET @ IND,L,29,6,11,0.545,6,10,0.6,2,3,0.667,0,2,2,2,1,0,0,2,20,-15,1,1627736,2025-08-10T09:40:33.018941
22024,1627736,0022400649,"Jan 27, 2025",DET @ CLE,L,23,6,11,0.545,5,8,0.625,2,3,0.667,0,4,4,2,1,0,1,0,19,-13,1,1627736,2025-08-10T09:40:33.018941
22024,1627736,0022400638,"Jan 25, 2025",DET @ ORL,L,30,6,13,0.462,4,8,0.5,2,4,0.5,1,4,5,2,1,0,0,1,18,10,1,1627736,2025-08-10T09:40:33.018941
22024,1627736,0022400612,"Jan 22, 2025",DET @ ATL,W,23,7,14,0.5,5,11,0.455,0,0,0.0,1,1,2,1,0,0,3,3,19,4,1,1627736,2025-08-10T09:40:33.018941
22024,1627736,0022400600,"Jan 20, 2025",DET @ HOU,W,30,5,12,0.417,3,9,0.333,4,4,1.0,0,0,0,1,2,0,2,0,17,1,1,1627736,2025-08-10T09:40:33.018941
22024,1627736,0022400586,"Jan 18, 2025",DET vs. PHX,L,25,6,9,0.667,2,5,0.4,0,1,0.0,1,1,2,1,2,0,1,2,14,10,1,1627736,2025-08-10T09:40:33.018941
22024,1627736,0022400572,"Jan 16, 2025",DET vs. IND,L,26,1,10,0.1,1,8,0.125,0,1,0.0,0,2,2,0,0,0,2,0,3,0,1,1627736,2025-08-10T09:40:33.018941
22024,1627736,0022400549,"Jan 13, 2025",DET @ NYK,W,18,7,13,0.538,6,8,0.75,2,3,0.667,1,1,2,1,1,0,0,1,22,10,1,1627736,2025-08-10T09:40:33.018941
22024,1627736,0022400534,"Jan 11, 2025",DET vs. TOR,W,27,6,10,0.6,4,5,0.8,2,4,0.5,0,3,3,2,1,0,2,3,18,0,1,1627736,2025-08-10T09:40:33.018941
22024,1627736,0022400518,"Jan 09, 2025",DET vs. GSW,L,36,8,21,0.381,4,14,0.286,1,1,1.0,1,3,4,2,0,0,1,4,21,0,1,1627736,2025-08-10T09:40:33.018941
22024,1627736,0022400513,"Jan 08, 2025",DET @ BKN,W,33,9,17,0.529,4,11,0.364,1,1,1.0,0,2,2,5,2,0,1,3,23,23,1,1627736,2025-08-10T09:40:33.018941
22024,1627736,0022400493,"Jan 06, 2025",DET vs. POR,W,29,1,10,0.1,1,9,0.111,2,4,0.5,1,2,3,1,2,0,1,2,5,-15,1,1627736,2025-08-10T09:40:33.018941
22024,1627736,0022400479,"Jan 04, 2025",DET vs. MIN,W,33,8,17,0.471,6,14,0.429,1,2,0.5,0,2,2,1,3,0,1,1,23,4,1,1627736,2025-08-10T09:40:33.018941
22024,1627736,0022400469,"Jan 03, 2025",DET vs. CHA,W,31,5,16,0.313,1,10,0.1,1,1,1.0,0,2,2,3,1,0,1,2,12,7,1,1627736,2025-08-10T09:40:33.018941
22024,1627736,0022400455,"Jan 01, 2025",DET vs. ORL,W,22,0,7,0.0,0,4,0.0,2,2,1.0,1,5,6,1,0,0,4,1,2,-4,1,1627736,2025-08-10T09:40:33.018941
22024,1627736,0022400432,"Dec 28, 2024",DET @ DEN,L,19,5,11,0.455,3,9,0.333,1,2,0.5,1,1,2,1,0,0,0,2,14,-12,1,1627736,2025-08-10T09:40:33.018941
22024,1627736,0022400418,"Dec 26, 2024",DET @ SAC,W,27,7,16,0.438,6,11,0.545,2,2,1.0,1,1,2,2,0,0,0,3,22,-3,1,1627736,2025-08-10T09:40:33.018941
22024,1627736,0022400404,"Dec 23, 2024",DET @ LAL,W,26,8,15,0.533,5,10,0.5,0,0,0.0,0,5,5,0,2,0,0,1,21,11,1,1627736,2025-08-10T09:40:33.018941
22024,1627736,0022400387,"Dec 21, 2024",DET @ PHX,W,27,6,15,0.4,5,11,0.455,1,2,0.5,0,2,2,0,3,0,2,0,18,-3,1,1627736,2025-08-10T09:40:33.018941
22024,1627736,0022400360,"Dec 19, 2024",DET vs. UTA,L,35,9,26,0.346,7,19,0.368,1,3,0.333,0,2,2,4,1,0,0,0,26,7,1,1627736,2025-08-10T09:40:33.018941
22024,1627736,0022401221,"Dec 16, 2024",DET vs. MIA,W,41,9,18,0.5,7,13,0.538,3,3,1.0,0,3,3,4,0,1,2,2,28,8,1,1627736,2025-08-10T09:40:33.018941
22024,1627736,0022401205,"Dec 12, 2024",DET @ BOS,L,16,2,7,0.286,0,3,0.0,1,2,0.5,0,4,4,3,0,0,0,0,5,-27,1,1627736,2025-08-10T09:40:33.018941
22024,1627736,0022400343,"Dec 07, 2024",DET @ NYK,W,26,7,13,0.538,7,10,0.7,2,2,1.0,0,4,4,1,1,0,2,1,23,6,1,1627736,2025-08-10T09:40:33.018941
22024,1627736,0022400319,"Dec 04, 2024",DET @ BOS,L,33,8,16,0.5,6,11,0.545,1,1,1.0,1,3,4,1,2,0,0,1,23,6,1,1627736,2025-08-10T09:40:33.018941
22024,1627736,0022400052,"Dec 03, 2024",DET vs. MIL,L,18,2,10,0.2,0,4,0.0,0,0,0.0,0,3,3,0,0,0,0,0,4,-7,1,1627736,2025-08-10T09:40:33.018941
22024,1627736,0022400301,"Nov 30, 2024",DET vs. PHI,L,27,6,9,0.667,4,5,0.8,3,3,1.0,0,6,6,4,0,0,1,1,19,-10,1,1627736,2025-08-10T09:40:33.018941
22024,1627736,0022400045,"Nov 29, 2024",DET @ IND,W,29,10,14,0.714,5,9,0.556,0,1,0.0,0,1,1,1,2,0,0,1,25,30,1,1627736,2025-08-10T09:40:33.018941
22024,1627736,0022400293,"Nov 27, 2024",DET @ MEM,L,20,4,6,0.667,2,4,0.5,0,0,0.0,0,2,2,3,1,0,0,0,10,-7,1,1627736,2025-08-10T09:40:33.018941
22024,1627736,0022400278,"Nov 25, 2024",DET vs. TOR,W,33,4,16,0.25,3,14,0.214,3,4,0.75,0,2,2,5,1,0,3,3,14,10,1,1627736,2025-08-10T09:40:33.018941
22024,1627736,0022400265,"Nov 23, 2024",DET @ ORL,L,31,7,12,0.583,4,9,0.444,0,0,0.0,1,0,1,4,1,0,1,1,18,1,1,1627736,2025-08-10T09:40:33.018941
22024,1627736,0022400260,"Nov 21, 2024",DET @ CHA,L,34,5,15,0.333,4,12,0.333,2,2,1.0,1,5,6,1,0,0,1,2,16,11,1,1627736,2025-08-10T09:40:33.018941
22024,1627736,0022400244,"Nov 18, 2024",DET vs. CHI,L,30,8,19,0.421,5,14,0.357,0,0,0.0,3,1,4,2,1,0,0,2,21,-11,1,1627736,2025-08-10T09:40:33.018941
22024,1627736,0022400237,"Nov 17, 2024",DET @ WAS,W,29,10,16,0.625,6,11,0.545,0,0,0.0,1,2,3,1,1,0,0,0,26,30,1,1627736,2025-08-10T09:40:33.018941
22024,1627736,0022400011,"Nov 15, 2024",DET @ TOR,W,30,8,15,0.533,4,9,0.444,0,0,0.0,0,3,3,0,1,0,0,2,20,-7,1,1627736,2025-08-10T09:40:33.018941
22024,1627736,0022400223,"Nov 13, 2024",DET @ MIL,L,44,9,17,0.529,8,16,0.5,0,0,0.0,2,8,10,4,0,0,2,2,26,13,1,1627736,2025-08-10T09:40:33.018941
22024,1627736,0022400002,"Nov 12, 2024",DET vs. MIA,W,35,7,17,0.412,5,11,0.455,2,3,0.667,1,4,5,1,1,0,4,2,21,-9,1,1627736,2025-08-10T09:40:33.018941
22024,1627736,0022400201,"Nov 10, 2024",DET vs. HOU,L,27,5,12,0.417,4,9,0.444,1,2,0.5,1,1,2,3,1,0,3,2,15,8,1,1627736,2025-08-10T09:40:33.018941
22024,1627736,0022400185,"Nov 08, 2024",DET vs. ATL,W,34,8,14,0.571,3,9,0.333,3,5,0.6,2,0,2,1,0,0,2,2,22,-3,1,1627736,2025-08-10T09:40:33.018941
22024,1627736,0022400169,"Nov 06, 2024",DET @ CHA,L,24,2,11,0.182,1,7,0.143,0,0,0.0,0,1,1,5,2,0,0,1,5,12,1,1627736,2025-08-10T09:40:33.018941
22024,1627736,0022400156,"Nov 04, 2024",DET vs. LAL,W,28,2,10,0.2,1,5,0.2,2,2,1.0,1,3,4,1,0,0,1,3,7,-6,1,1627736,2025-08-10T09:40:33.018941
22024,1627736,0022400151,"Nov 03, 2024",DET @ BKN,W,29,6,15,0.4,4,11,0.364,2,3,0.667,0,1,1,1,2,0,0,3,18,18,1,1627736,2025-08-10T09:40:33.018941
22024,1627736,0022400134,"Nov 01, 2024",DET vs. NYK,L,25,3,9,0.333,2,6,0.333,0,0,0.0,0,0,0,1,1,0,3,0,8,-26,1,1627736,2025-08-10T09:40:33.018941
22024,1627736,0022400120,"Oct 30, 2024",DET @ PHI,W,26,4,11,0.364,3,10,0.3,0,1,0.0,2,1,3,3,0,0,1,1,11,1,1,1627736,2025-08-10T09:40:33.018941
22024,1627736,0022400105,"Oct 28, 2024",DET @ MIA,L,19,1,12,0.083,1,7,0.143,0,0,0.0,0,0,0,1,1,0,1,1,3,0,1,1627736,2025-08-10T09:40:33.018941
22024,1627736,0022400089,"Oct 26, 2024",DET vs. BOS,L,20,5,10,0.5,5,8,0.625,2,2,1.0,0,3,3,0,0,0,1,0,17,1,1,1627736,2025-08-10T09:40:33.018941
22024,1627736,0022400080,"Oct 25, 2024",DET @ CLE,L,29,5,11,0.455,3,6,0.5,0,0,0.0,0,4,4,1,0,1,1,1,13,-6,1,1627736,2025-08-10T09:40:33.018941
22024,1627736,0022400063,"Oct 23, 2024",DET vs. IND,L,28,5,13,0.385,2,6,0.333,2,3,0.667,0,3,3,1,0,0,1,2,14,-5,1,1627736,2025-08-10T09:40:33.018941
22024,1642422,0022400715,"Feb 04, 2025",LAL @ LAC,W,5,1,1,1.0,0,0,0.0,0,0,0.0,1,0,1,0,0,0,1,0,2,-1,1,1642422,2025-08-10T09:40:35.638061
22024,1642422,0022400358,"Dec 08, 2024",LAL vs. POR,W,7,1,2,0.5,0,1,0.0,0,0,0.0,0,0,0,0,0,0,0,0,2,-13,1,1642422,2025-08-10T09:40:35.638061
22024,1642422,0022400334,"Dec 06, 2024",LAL @ ATL,L,4,0,3,0.0,0,1,0.0,0,0,0.0,0,2,2,1,0,0,0,0,0,-7,1,1642422,2025-08-10T09:40:35.638061
22024,1642422,0022400321,"Dec 04, 2024",LAL @ MIA,L,13,1,5,0.2,0,1,0.0,2,5,0.4,0,5,5,0,1,1,0,0,4,-17,1,1642422,2025-08-10T09:40:35.638061
22024,1642422,0022400318,"Dec 02, 2024",LAL @ MIN,L,15,2,4,0.5,0,1,0.0,0,0,0.0,1,2,3,0,1,1,2,3,4,-20,1,1642422,2025-08-10T09:40:35.638061
22024,1642422,0022400311,"Dec 01, 2024",LAL @ UTA,W,11,0,2,0.0,0,2,0.0,0,0,0.0,0,2,2,0,1,0,0,1,0,11,1,1642422,2025-08-10T09:40:35.638061
22024,1642422,0022400296,"Nov 27, 2024",LAL @ SAS,W,3,1,1,1.0,0,0,0.0,0,0,0.0,0,0,0,0,1,0,0,0,2,-1,1,1642422,2025-08-10T09:40:35.638061
22024,1642422,0022400270,"Nov 23, 2024",LAL vs. DEN,L,4,0,0,0.0,0,0,0.0,0,2,0.0,0,1,1,0,0,0,0,1,0,1,1,1642422,2025-08-10T09:40:35.638061
22024,1642422,0022400231,"Nov 16, 2024",LAL @ NOP,W,4,0,1,0.0,0,1,0.0,0,0,0.0,0,1,1,0,0,0,0,1,0,-2,1,1642422,2025-08-10T09:40:35.638061
22024,1630224,0022401193,"Apr 13, 2025",HOU vs. DEN,L,21,0,7,0.0,0,1,0.0,2,2,1.0,0,2,2,2,0,0,1,1,2,-17,1,1630224,2025-08-10T09:40:36.314318
22024,1630224,0022401185,"Apr 11, 2025",HOU @ LAL,L,15,3,10,0.3,1,4,0.25,0,0,0.0,1,3,4,3,1,0,1,0,7,-9,1,1630224,2025-08-10T09:40:36.314318
22024,1630224,0022401166,"Apr 09, 2025",HOU @ LAC,L,15,2,7,0.286,1,2,0.5,0,0,0.0,0,0,0,3,0,0,4,0,5,-15,1,1630224,2025-08-10T09:40:36.314318
22024,1630224,0022401143,"Apr 06, 2025",HOU @ GSW,W,34,9,19,0.474,3,7,0.429,0,2,0.0,0,3,3,5,2,1,3,2,21,7,1,1630224,2025-08-10T09:40:36.314318
22024,1630224,0022401123,"Apr 04, 2025",HOU vs. OKC,W,38,11,24,0.458,3,10,0.3,9,10,0.9,1,3,4,5,2,1,3,1,34,15,1,1630224,2025-08-10T09:40:36.314318
22024,1630224,0022401107,"Apr 02, 2025",HOU vs. UTA,W,28,7,15,0.467,4,7,0.571,4,6,0.667,0,4,4,2,1,0,1,4,22,18,1,1630224,2025-08-10T09:40:36.314318
22024,1630224,0022401096,"Mar 31, 2025",HOU @ LAL,L,31,4,13,0.308,1,4,0.25,0,0,0.0,0,9,9,5,1,1,2,1,9,-11,1,1630224,2025-08-10T09:40:36.314318
22024,1630224,0022401088,"Mar 30, 2025",HOU @ PHX,W,27,9,17,0.529,4,5,0.8,11,13,0.846,0,2,2,2,1,0,2,0,33,21,1,1630224,2025-08-10T09:40:36.314318
22024,1630224,0022401065,"Mar 27, 2025",HOU @ UTA,W,35,8,20,0.4,4,10,0.4,1,3,0.333,4,4,8,6,0,0,2,1,21,3,1,1630224,2025-08-10T09:40:36.314318
22024,1630224,0022401049,"Mar 25, 2025",HOU vs. ATL,W,41,14,24,0.583,1,7,0.143,3,5,0.6,0,11,11,4,2,0,5,1,32,4,1,1630224,2025-08-10T09:40:36.314318
22024,1630224,0022401035,"Mar 23, 2025",HOU vs. DEN,L,36,8,22,0.364,3,12,0.25,11,14,0.786,0,2,2,5,0,0,0,4,30,-6,1,1630224,2025-08-10T09:40:36.314318
22024,1630224,0022401015,"Mar 21, 2025",HOU @ MIA,W,32,3,13,0.231,0,4,0.0,0,0,0.0,0,4,4,1,1,1,0,1,6,-7,1,1630224,2025-08-10T09:40:36.314318
22024,1630224,0022400999,"Mar 19, 2025",HOU @ ORL,W,37,8,18,0.444,3,11,0.273,7,10,0.7,1,6,7,2,0,0,3,1,26,19,1,1630224,2025-08-10T09:40:36.314318
22024,1630224,0022400985,"Mar 17, 2025",HOU vs. PHI,W,45,10,26,0.385,5,17,0.294,5,5,1.0,0,7,7,13,2,1,4,1,30,15,1,1630224,2025-08-10T09:40:36.314318
22024,1630224,0022400970,"Mar 15, 2025",HOU vs. CHI,W,38,11,25,0.44,5,13,0.385,1,2,0.5,2,4,6,3,0,1,1,3,28,4,1,1630224,2025-08-10T09:40:36.314318
22024,1630224,0022400961,"Mar 14, 2025",HOU vs. DAL,W,32,9,19,0.474,4,8,0.5,1,2,0.5,1,8,9,5,1,2,2,2,23,27,1,1630224,2025-08-10T09:40:36.314318
22024,1630224,0022400949,"Mar 12, 2025",HOU vs. PHX,W,37,8,16,0.5,3,6,0.5,10,11,0.909,0,7,7,4,3,0,2,0,29,16,1,1630224,2025-08-10T09:40:36.314318
22024,1630224,0022400934,"Mar 10, 2025",HOU vs. ORL,W,32,6,18,0.333,3,9,0.333,0,0,0.0,1,6,7,8,2,0,4,1,15,16,1,1630224,2025-08-10T09:40:36.314318
22024,1630224,0022400913,"Mar 08, 2025",HOU vs. NOP,W,28,5,15,0.333,2,7,0.286,2,2,1.0,0,7,7,3,0,0,0,0,14,16,1,1630224,2025-08-10T09:40:36.314318
22024,1630224,0022400902,"Mar 06, 2025",HOU @ NOP,W,34,3,10,0.3,2,7,0.286,1,1,1.0,0,2,2,8,0,1,2,0,9,8,1,1630224,2025-08-10T09:40:36.314318
22024,1630224,0022400882,"Mar 04, 2025",HOU @ IND,L,33,4,13,0.308,2,7,0.286,2,4,0.5,0,4,4,2,1,0,5,2,12,-22,1,1630224,2025-08-10T09:40:36.314318
22024,1630224,0022400879,"Mar 03, 2025",HOU @ OKC,L,25,6,14,0.429,1,5,0.2,5,6,0.833,0,6,6,4,2,0,2,3,18,-3,1,1630224,2025-08-10T09:40:36.314318
22024,1630224,0022400862,"Mar 01, 2025",HOU vs. SAC,L,37,9,20,0.45,4,10,0.4,2,2,1.0,1,1,2,2,1,0,2,2,24,-4,1,1630224,2025-08-10T09:40:36.314318
22024,1630224,0022400844,"Feb 26, 2025",HOU vs. SAS,W,28,9,17,0.529,3,8,0.375,0,0,0.0,0,7,7,4,0,0,3,1,21,24,1,1630224,2025-08-10T09:40:36.314318
22024,1630224,0022400831,"Feb 25, 2025",HOU vs. MIL,W,37,9,20,0.45,5,11,0.455,2,2,1.0,0,8,8,3,0,0,4,2,25,-6,1,1630224,2025-08-10T09:40:36.314318
22024,1630224,0022400809,"Feb 22, 2025",HOU @ UTA,L,36,9,21,0.429,6,12,0.5,1,3,0.333,1,2,3,10,0,0,1,2,25,-10,1,1630224,2025-08-10T09:40:36.314318
22024,1630224,0022400801,"Feb 21, 2025",HOU vs. MIN,W,39,12,24,0.5,5,11,0.455,6,9,0.667,0,5,5,4,2,0,4,0,35,18,1,1630224,2025-08-10T09:40:36.314318
22024,1630224,0022400784,"Feb 13, 2025",HOU vs. GSW,L,22,3,10,0.3,2,4,0.5,1,3,0.333,0,0,0,1,0,0,4,1,9,-10,1,1630224,2025-08-10T09:40:36.314318
22024,1630224,0022400779,"Feb 12, 2025",HOU vs. PHX,W,37,8,21,0.381,4,15,0.267,2,3,0.667,2,1,3,5,0,1,2,1,22,-4,1,1630224,2025-08-10T09:40:36.314318
22024,1630224,0022400753,"Feb 09, 2025",HOU vs. TOR,W,34,7,19,0.368,2,6,0.333,2,4,0.5,0,9,9,3,0,1,3,3,18,2,1,1630224,2025-08-10T09:40:36.314318
22024,1630224,0022400741,"Feb 08, 2025",HOU @ DAL,L,41,10,21,0.476,3,7,0.429,1,2,0.5,1,2,3,6,1,0,2,2,24,-9,1,1630224,2025-08-10T09:40:36.314318
22024,1630224,0022400729,"Feb 06, 2025",HOU @ MIN,L,38,9,22,0.409,3,8,0.375,7,10,0.7,1,5,6,5,1,0,1,0,28,-14,1,1630224,2025-08-10T09:40:36.314318
22024,1630224,0022400711,"Feb 04, 2025",HOU @ BKN,L,33,5,14,0.357,3,9,0.333,0,1,0.0,1,2,3,5,0,1,3,0,13,-1,1,1630224,2025-08-10T09:40:36.314318
22024,1630224,0022400702,"Feb 03, 2025",HOU @ NYK,L,36,9,22,0.409,1,8,0.125,2,2,1.0,1,4,5,5,0,0,6,1,21,-22,1,1630224,2025-08-10T09:40:36.314318
22024,1630224,0022400689,"Feb 01, 2025",HOU vs. BKN,L,38,11,24,0.458,3,11,0.273,4,4,1.0,1,2,3,2,0,0,1,1,29,-9,1,1630224,2025-08-10T09:40:36.314318
22024,1630224,0022400676,"Jan 30, 2025",HOU @ MEM,L,39,8,21,0.381,5,10,0.5,4,5,0.8,1,5,6,5,0,0,2,1,25,10,1,1630224,2025-08-10T09:40:36.314318
22024,1630224,0022400532,"Jan 28, 2025",HOU @ ATL,W,33,11,24,0.458,1,9,0.111,2,2,1.0,0,7,7,0,2,1,7,3,25,-4,1,1630224,2025-08-10T09:40:36.314318
22024,1630224,0022400650,"Jan 27, 2025",HOU @ BOS,W,30,3,13,0.231,1,6,0.167,5,7,0.714,0,3,3,6,1,0,1,1,12,0,1,1630224,2025-08-10T09:40:36.314318
22024,1630224,0022400640,"Jan 25, 2025",HOU @ CLE,W,36,7,16,0.438,5,11,0.455,7,7,1.0,0,3,3,4,0,0,2,3,26,5,1,1630224,2025-08-10T09:40:36.314318
22024,1630224,0022400615,"Jan 22, 2025",HOU vs. CLE,W,33,4,16,0.25,2,6,0.333,0,0,0.0,0,2,2,5,0,0,3,3,10,-17,1,1630224,2025-08-10T09:40:36.314318
22024,1630224,0022400600,"Jan 20, 2025",HOU vs. DET,L,30,8,21,0.381,2,8,0.25,1,2,0.5,1,3,4,4,1,0,5,1,19,-22,1,1630224,2025-08-10T09:40:36.314318
22024,1630224,0022400591,"Jan 18, 2025",HOU @ POR,W,29,10,17,0.588,4,6,0.667,2,2,1.0,1,4,5,1,1,0,4,1,26,23,1,1630224,2025-08-10T09:40:36.314318
22024,1630224,0022400576,"Jan 16, 2025",HOU @ SAC,L,34,10,20,0.5,4,8,0.5,4,5,0.8,0,5,5,4,0,1,4,3,28,-3,1,1630224,2025-08-10T09:40:36.314318
22024,1630224,0022400568,"Jan 15, 2025",HOU @ DEN,W,30,10,16,0.625,6,10,0.6,8,8,1.0,1,0,1,5,0,1,1,2,34,13,1,1630224,2025-08-10T09:40:36.314318
22024,1630224,0022400551,"Jan 13, 2025",HOU vs. MEM,W,40,13,18,0.722,5,6,0.833,11,11,1.0,0,3,3,4,1,0,3,1,42,8,1,1630224,2025-08-10T09:40:36.314318
22024,1630224,0022400520,"Jan 09, 2025",HOU @ MEM,W,38,11,21,0.524,4,8,0.5,1,2,0.5,1,1,2,3,3,1,3,0,27,-1,1,1630224,2025-08-10T09:40:36.314318
22024,1630224,0022400503,"Jan 07, 2025",HOU @ WAS,W,30,10,22,0.455,7,15,0.467,2,2,1.0,2,6,8,2,2,0,1,0,29,21,1,1630224,2025-08-10T09:40:36.314318
22024,1630224,0022400491,"Jan 05, 2025",HOU vs. LAL,W,33,12,24,0.5,5,12,0.417,4,4,1.0,1,5,6,4,0,1,0,5,33,-5,1,1630224,2025-08-10T09:40:36.314318
22024,1630224,0022400471,"Jan 03, 2025",HOU vs. BOS,L,35,10,21,0.476,5,13,0.385,2,2,1.0,0,3,3,1,0,2,1,3,27,-24,1,1630224,2025-08-10T09:40:36.314318
22024,1630224,0022400460,"Jan 01, 2025",HOU vs. DAL,W,38,9,21,0.429,0,3,0.0,4,5,0.8,0,5,5,0,1,0,2,3,22,18,1,1630224,2025-08-10T09:40:36.314318
22024,1630224,0022400439,"Dec 29, 2024",HOU vs. MIA,L,34,6,20,0.3,1,8,0.125,6,7,0.857,2,1,3,2,0,0,1,2,19,-10,1,1630224,2025-08-10T09:40:36.314318
22024,1630224,0022400422,"Dec 27, 2024",HOU vs. MIN,L,39,5,15,0.333,3,6,0.5,1,2,0.5,0,2,2,6,0,0,2,0,14,6,1,1630224,2025-08-10T09:40:36.314318
22024,1630224,0022400416,"Dec 26, 2024",HOU @ NOP,W,30,12,21,0.571,6,11,0.545,0,0,0.0,0,2,2,2,2,0,0,1,30,30,1,1630224,2025-08-10T09:40:36.314318
22024,1630224,0022400391,"Dec 23, 2024",HOU @ CHA,W,24,3,8,0.375,0,3,0.0,0,0,0.0,0,2,2,1,0,0,0,1,6,10,1,1630224,2025-08-10T09:40:36.314318
22024,1630224,0022400388,"Dec 22, 2024",HOU @ TOR,W,34,9,20,0.45,2,8,0.25,2,3,0.667,1,6,7,2,0,0,2,0,22,-3,1,1630224,2025-08-10T09:40:36.314318
22024,1630224,0022400365,"Dec 19, 2024",HOU vs. NOP,W,32,13,22,0.591,4,10,0.4,4,5,0.8,1,5,6,3,1,0,3,4,34,15,1,1630224,2025-08-10T09:40:36.314318
22024,1630224,0022401230,"Dec 14, 2024",HOU @ OKC,L,34,5,14,0.357,1,8,0.125,1,1,1.0,0,3,3,2,0,1,3,2,12,-16,1,1630224,2025-08-10T09:40:36.314318
22024,1630224,0022401204,"Dec 11, 2024",HOU vs. GSW,W,31,5,15,0.333,0,4,0.0,2,2,1.0,0,4,4,3,3,0,5,1,12,3,1,1630224,2025-08-10T09:40:36.314318
22024,1630224,0022400356,"Dec 08, 2024",HOU @ LAC,W,36,9,20,0.45,5,13,0.385,8,8,1.0,0,4,4,1,1,0,3,0,31,9,1,1630224,2025-08-10T09:40:36.314318
22024,1630224,0022400332,"Dec 05, 2024",HOU @ GSW,L,36,4,16,0.25,0,4,0.0,6,7,0.857,1,3,4,3,4,0,2,1,14,-6,1,1630224,2025-08-10T09:40:36.314318
22024,1630224,0022400059,"Dec 03, 2024",HOU @ SAC,L,34,9,14,0.643,5,8,0.625,5,5,1.0,1,6,7,3,1,0,4,1,28,-17,1,1630224,2025-08-10T09:40:36.314318
22024,1630224,0022400310,"Dec 01, 2024",HOU vs. OKC,W,34,2,6,0.333,1,3,0.333,4,6,0.667,0,2,2,3,0,1,4,3,9,8,1,1630224,2025-08-10T09:40:36.314318
22024,1630224,0022400290,"Nov 27, 2024",HOU @ PHI,W,41,12,20,0.6,4,6,0.667,13,14,0.929,1,6,7,2,2,1,5,1,41,3,1,1630224,2025-08-10T09:40:36.314318
22024,1630224,0022400037,"Nov 26, 2024",HOU @ MIN,W,23,3,9,0.333,1,5,0.2,2,2,1.0,0,3,3,2,2,0,1,1,9,-8,1,1630224,2025-08-10T09:40:36.314318
22024,1630224,0022400267,"Nov 23, 2024",HOU vs. POR,L,30,3,14,0.214,1,9,0.111,3,4,0.75,0,2,2,2,1,0,0,0,10,-8,1,1630224,2025-08-10T09:40:36.314318
22024,1630224,0022400031,"Nov 22, 2024",HOU vs. POR,W,30,6,17,0.353,3,10,0.3,2,2,1.0,1,4,5,1,1,0,2,2,17,16,1,1630224,2025-08-10T09:40:36.314318
22024,1630224,0022400254,"Nov 20, 2024",HOU vs. IND,W,28,5,13,0.385,1,6,0.167,3,5,0.6,0,4,4,5,2,0,3,1,14,9,1,1630224,2025-08-10T09:40:36.314318
22024,1630224,0022400248,"Nov 18, 2024",HOU @ MIL,L,39,9,24,0.375,3,8,0.375,0,0,0.0,2,7,9,2,0,0,3,2,21,8,1,1630224,2025-08-10T09:40:36.314318
22024,1630224,0022400241,"Nov 17, 2024",HOU @ CHI,W,23,6,9,0.667,0,2,0.0,6,6,1.0,1,3,4,1,2,0,1,1,18,22,1,1630224,2025-08-10T09:40:36.314318
22024,1630224,0022400016,"Nov 15, 2024",HOU vs. LAC,W,22,4,11,0.364,0,5,0.0,0,0,0.0,0,5,5,1,0,0,3,1,8,0,1,1630224,2025-08-10T09:40:36.314318
22024,1630224,0022400222,"Nov 13, 2024",HOU vs. LAC,W,36,7,21,0.333,5,14,0.357,2,3,0.667,1,6,7,5,0,0,3,4,21,-10,1,1630224,2025-08-10T09:40:36.314318
22024,1630224,0022400213,"Nov 11, 2024",HOU vs. WAS,W,37,6,15,0.4,1,6,0.167,5,5,1.0,2,2,4,2,2,0,6,1,18,13,1,1630224,2025-08-10T09:40:36.314318
22024,1630224,0022400201,"Nov 10, 2024",HOU @ DET,W,34,6,17,0.353,1,6,0.167,2,2,1.0,0,5,5,3,2,1,2,5,15,-7,1,1630224,2025-08-10T09:40:36.314318
22024,1630224,0022400192,"Nov 08, 2024",HOU @ OKC,L,28,5,14,0.357,2,8,0.25,2,2,1.0,0,4,4,2,0,0,1,1,14,-16,1,1630224,2025-08-10T09:40:36.314318
22024,1630224,0022400173,"Nov 06, 2024",HOU vs. SAS,W,31,6,14,0.429,4,9,0.444,5,6,0.833,0,5,5,4,0,1,3,1,21,14,1,1630224,2025-08-10T09:40:36.314318
22024,1630224,0022400161,"Nov 04, 2024",HOU vs. NYK,W,32,5,15,0.333,2,8,0.25,3,3,1.0,0,4,4,3,1,0,3,1,15,14,1,1630224,2025-08-10T09:40:36.314318
22024,1630224,0022400144,"Nov 02, 2024",HOU vs. GSW,L,34,2,13,0.154,1,5,0.2,2,2,1.0,0,1,1,3,1,1,1,4,7,-20,1,1630224,2025-08-10T09:40:36.314318
22024,1630224,0022400129,"Oct 31, 2024",HOU @ DAL,W,36,9,21,0.429,3,8,0.375,2,3,0.667,0,12,12,4,1,1,5,4,23,12,1,1630224,2025-08-10T09:40:36.314318
22024,1630224,0022400109,"Oct 28, 2024",HOU @ SAS,W,38,11,22,0.5,7,13,0.538,7,7,1.0,0,1,1,2,0,0,4,0,36,8,1,1630224,2025-08-10T09:40:36.314318
22024,1630224,0022400094,"Oct 26, 2024",HOU @ SAS,L,33,10,22,0.455,3,10,0.3,6,6,1.0,1,5,6,5,0,0,2,3,29,3,1,1630224,2025-08-10T09:40:36.314318
22024,1630224,0022400082,"Oct 25, 2024",HOU vs. MEM,W,32,8,21,0.381,4,8,0.5,2,6,0.333,2,4,6,4,3,1,2,3,22,19,1,1630224,2025-08-10T09:40:36.314318
22024,1630224,0022400068,"Oct 23, 2024",HOU vs. CHA,L,35,9,23,0.391,5,15,0.333,5,5,1.0,0,2,2,0,0,0,0,0,28,-11,1,1630224,2025-08-10T09:40:36.314318
