SEASON_ID,Player_ID,Game_ID,GAME_DATE,MATCHUP,WL,MIN,FGM,FGA,FG_PCT,FG3M,FG3A,FG3_PCT,FTM,FTA,FT_PCT,OREB,DREB,REB,AST,STL,BLK,TOV,PF,PTS,PLUS_MINUS,VIDEO_AVAILABLE,player_id,endpoint,dataframe_index,collection_timestamp
22024,1630639,0022401197,"Apr 13, 2025",TOR @ SAS,L,21,3,7,0.429,1,4,0.25,7,7,1.0,0,0,0,0,0,0,1,1,14,-5,1,1630639,PlayerGameLog,0,2025-08-10T12:49:39.593593
22024,1630639,0022401178,"Apr 11, 2025",TOR @ DAL,L,32,3,10,0.3,1,4,0.25,5,6,0.833,2,8,10,2,1,0,0,3,12,-10,1,1630639,PlayerGameLog,0,2025-08-10T12:49:39.593593
22024,1630639,0022401158,"Apr 09, 2025",TOR vs. CHA,W,28,5,9,0.556,2,5,0.4,2,4,0.5,2,4,6,7,1,0,0,1,14,18,1,1630639,PlayerGameLog,0,2025-08-10T12:49:39.593593
22024,1630639,0022401134,"Apr 06, 2025",TOR @ BKN,W,22,5,9,0.556,1,3,0.333,2,3,0.667,0,1,1,0,2,0,2,2,13,-6,1,1630639,PlayerGameLog,0,2025-08-10T12:49:39.593593
22024,1630639,0022401121,"Apr 04, 2025",TOR vs. DET,L,23,2,7,0.286,1,4,0.25,4,6,0.667,1,2,3,1,1,2,1,2,9,-2,1,1630639,PlayerGameLog,0,2025-08-10T12:49:39.593593
22024,1630639,0022401116,"Apr 03, 2025",TOR vs. POR,L,18,6,8,0.75,1,2,0.5,0,1,0.0,1,2,3,4,2,0,3,4,13,5,1,1630639,PlayerGameLog,0,2025-08-10T12:49:39.593593
22024,1630639,0022401099,"Apr 01, 2025",TOR @ CHI,L,13,5,6,0.833,2,3,0.667,1,2,0.5,1,5,6,1,0,0,0,2,13,-4,1,1630639,PlayerGameLog,0,2025-08-10T12:49:39.593593
22024,1630639,0022401087,"Mar 30, 2025",TOR @ PHI,W,5,0,2,0.0,0,2,0.0,0,0,0.0,1,2,3,0,0,0,0,0,0,-1,1,1630639,PlayerGameLog,0,2025-08-10T12:49:39.593593
22024,1630639,0022401069,"Mar 28, 2025",TOR vs. CHA,W,9,1,3,0.333,0,2,0.0,0,0,0.0,0,1,1,0,0,2,0,0,2,-7,1,1630639,PlayerGameLog,0,2025-08-10T12:49:39.593593
22024,1630639,0022401054,"Mar 26, 2025",TOR @ BKN,W,16,1,6,0.167,0,4,0.0,0,0,0.0,0,3,3,0,0,0,0,1,2,1,1,1630639,PlayerGameLog,0,2025-08-10T12:49:39.593593
22024,1630639,0022401039,"Mar 24, 2025",TOR @ WAS,W,23,3,7,0.429,1,3,0.333,1,2,0.5,0,2,2,2,2,0,0,1,8,6,1,1630639,PlayerGameLog,0,2025-08-10T12:49:39.593593
22024,1630639,0022401005,"Mar 20, 2025",TOR @ GSW,L,10,0,2,0.0,0,1,0.0,0,0,0.0,0,2,2,0,0,0,0,1,0,0,1,1630639,PlayerGameLog,0,2025-08-10T12:49:39.593593
22024,1630639,0022400991,"Mar 17, 2025",TOR @ PHX,L,25,4,9,0.444,2,5,0.4,2,2,1.0,0,3,3,0,1,0,1,2,12,-32,1,1630639,PlayerGameLog,0,2025-08-10T12:49:39.593593
22024,1630639,0022400980,"Mar 16, 2025",TOR @ POR,L,33,4,14,0.286,1,6,0.167,0,0,0.0,2,6,8,6,0,0,1,3,9,-10,1,1630639,PlayerGameLog,0,2025-08-10T12:49:39.593593
22024,1630639,0022400966,"Mar 14, 2025",TOR @ UTA,W,24,6,10,0.6,2,5,0.4,4,6,0.667,1,4,5,0,0,0,1,2,18,10,1,1630639,PlayerGameLog,0,2025-08-10T12:49:39.593593
22024,1630639,0022400947,"Mar 12, 2025",TOR vs. PHI,W,36,10,20,0.5,4,9,0.444,4,6,0.667,1,5,6,4,0,0,3,4,28,1,1,1630639,PlayerGameLog,0,2025-08-10T12:49:39.593593
22024,1630639,0022400932,"Mar 10, 2025",TOR vs. WAS,W,33,9,21,0.429,7,14,0.5,7,11,0.636,3,9,12,0,1,0,1,4,32,15,1,1630639,PlayerGameLog,0,2025-08-10T12:49:39.593593
22024,1630639,0022400915,"Mar 08, 2025",TOR vs. WAS,L,32,2,11,0.182,1,7,0.143,2,2,1.0,2,1,3,2,1,0,0,3,7,-8,1,1630639,PlayerGameLog,0,2025-08-10T12:49:39.593593
22024,1630639,0022400905,"Mar 07, 2025",TOR vs. UTA,W,27,2,13,0.154,1,9,0.111,1,2,0.5,2,1,3,1,1,0,0,3,6,14,1,1630639,PlayerGameLog,0,2025-08-10T12:49:39.593593
22024,1630639,0022400883,"Mar 04, 2025",TOR @ ORL,W,26,5,6,0.833,3,4,0.75,0,0,0.0,0,2,2,1,0,2,0,3,13,-8,1,1630639,PlayerGameLog,0,2025-08-10T12:49:39.593593
22024,1630639,0022400870,"Mar 02, 2025",TOR @ ORL,W,14,0,2,0.0,0,0,0.0,0,0,0.0,0,0,0,0,0,0,1,2,0,16,1,1630639,PlayerGameLog,0,2025-08-10T12:49:39.593593
22024,1630639,0022400816,"Feb 23, 2025",TOR vs. PHX,W,1,0,0,0.0,0,0,0.0,0,0,0.0,0,1,1,0,0,0,0,0,0,0,1,1630639,PlayerGameLog,0,2025-08-10T12:49:39.593593
22024,1630639,0022400608,"Jan 21, 2025",TOR vs. ORL,W,1,1,1,1.0,0,0,0.0,0,1,0.0,0,0,0,0,0,0,0,0,2,-3,1,1630639,PlayerGameLog,0,2025-08-10T12:49:39.593593
22024,1630639,0022400449,"Dec 31, 2024",TOR @ BOS,L,4,0,3,0.0,0,3,0.0,0,0,0.0,1,0,1,0,0,0,0,0,0,-8,1,1630639,PlayerGameLog,0,2025-08-10T12:49:39.593593
22024,1630639,0022400414,"Dec 26, 2024",TOR @ MEM,L,5,2,3,0.667,1,1,1.0,1,2,0.5,0,2,2,0,0,0,0,0,6,-4,1,1630639,PlayerGameLog,0,2025-08-10T12:49:39.593593
22024,1630639,0022400397,"Dec 23, 2024",TOR @ NYK,L,4,1,1,1.0,1,1,1.0,0,0,0.0,0,0,0,0,0,0,0,0,3,5,1,1630639,PlayerGameLog,0,2025-08-10T12:49:39.593593
22024,1631260,0022401192,"Apr 13, 2025",MIL vs. DET,W,19,2,5,0.4,2,4,0.5,0,0,0.0,0,3,3,4,0,0,0,1,6,16,1,1631260,PlayerGameLog,0,2025-08-10T12:49:40.277660
22024,1631260,0022401171,"Apr 11, 2025",MIL @ DET,W,24,3,5,0.6,3,5,0.6,0,0,0.0,1,5,6,0,0,1,0,0,9,11,1,1631260,PlayerGameLog,0,2025-08-10T12:49:40.277660
22024,1631260,0022401161,"Apr 10, 2025",MIL vs. NOP,W,20,1,4,0.25,1,4,0.25,0,0,0.0,0,3,3,3,1,0,1,2,3,15,1,1631260,PlayerGameLog,0,2025-08-10T12:49:40.277660
22024,1631260,0022401152,"Apr 08, 2025",MIL vs. MIN,W,23,3,6,0.5,3,6,0.5,0,0,0.0,0,4,4,1,0,0,1,3,9,22,1,1631260,PlayerGameLog,0,2025-08-10T12:49:40.277660
22024,1631260,0022400617,"Apr 06, 2025",MIL @ NOP,W,25,2,6,0.333,2,4,0.5,0,0,0.0,0,3,3,1,0,0,0,4,6,13,1,1631260,PlayerGameLog,0,2025-08-10T12:49:40.277660
22024,1631260,0022401131,"Apr 05, 2025",MIL @ MIA,W,34,3,5,0.6,2,2,1.0,2,3,0.667,0,3,3,2,0,0,0,2,10,19,1,1631260,PlayerGameLog,0,2025-08-10T12:49:40.277660
22024,1631260,0022401115,"Apr 03, 2025",MIL @ PHI,W,19,4,5,0.8,4,5,0.8,0,0,0.0,1,1,2,0,0,0,1,1,12,20,1,1631260,PlayerGameLog,0,2025-08-10T12:49:40.277660
22024,1631260,0022401070,"Mar 28, 2025",MIL vs. NYK,L,26,3,6,0.5,2,5,0.4,0,0,0.0,0,2,2,0,0,0,0,4,8,-17,1,1631260,PlayerGameLog,0,2025-08-10T12:49:40.277660
22024,1631260,0022401057,"Mar 26, 2025",MIL @ DEN,L,34,5,9,0.556,5,9,0.556,0,0,0.0,1,4,5,5,0,0,2,2,15,1,1,1631260,PlayerGameLog,0,2025-08-10T12:49:40.277660
22024,1631260,0022401043,"Mar 24, 2025",MIL @ PHX,L,21,1,5,0.2,0,4,0.0,0,0,0.0,0,2,2,2,1,0,1,1,2,-1,1,1631260,PlayerGameLog,0,2025-08-10T12:49:40.277660
22024,1631260,0022401027,"Mar 22, 2025",MIL @ SAC,W,26,1,5,0.2,1,4,0.25,0,0,0.0,0,2,2,3,0,0,1,2,3,11,1,1631260,PlayerGameLog,0,2025-08-10T12:49:40.277660
22024,1631260,0022400996,"Mar 20, 2025",MIL @ LAL,W,20,2,5,0.4,2,4,0.5,0,0,0.0,1,2,3,2,1,0,0,3,6,28,1,1631260,PlayerGameLog,0,2025-08-10T12:49:40.277660
22024,1631260,0022401012,"Mar 18, 2025",MIL @ GSW,L,14,0,2,0.0,0,2,0.0,1,2,0.5,0,2,2,0,1,0,1,2,1,-5,1,1631260,PlayerGameLog,0,2025-08-10T12:49:40.277660
22024,1631260,0022400982,"Mar 16, 2025",MIL vs. OKC,L,19,3,5,0.6,2,4,0.5,0,0,0.0,0,2,2,1,0,0,1,3,8,-10,1,1631260,PlayerGameLog,0,2025-08-10T12:49:40.277660
22024,1631260,0022400972,"Mar 15, 2025",MIL vs. IND,W,15,2,7,0.286,2,6,0.333,0,1,0.0,1,0,1,3,0,0,1,0,6,2,1,1631260,PlayerGameLog,0,2025-08-10T12:49:40.277660
22024,1631260,0022400955,"Mar 13, 2025",MIL vs. LAL,W,21,1,2,0.5,1,2,0.5,0,0,0.0,0,0,0,2,2,0,0,1,3,12,1,1631260,PlayerGameLog,0,2025-08-10T12:49:40.277660
22024,1631260,0022400942,"Mar 11, 2025",MIL @ IND,L,20,2,5,0.4,2,5,0.4,0,0,0.0,0,1,1,4,0,0,0,3,6,-8,1,1631260,PlayerGameLog,0,2025-08-10T12:49:40.277660
22024,1631260,0022400922,"Mar 09, 2025",MIL vs. CLE,L,20,1,3,0.333,0,2,0.0,0,0,0.0,0,3,3,0,0,0,1,2,2,-8,1,1631260,PlayerGameLog,0,2025-08-10T12:49:40.277660
22024,1631260,0022400917,"Mar 08, 2025",MIL vs. ORL,L,28,0,3,0.0,0,3,0.0,0,0,0.0,0,2,2,4,3,0,1,2,0,5,1,1631260,PlayerGameLog,0,2025-08-10T12:49:40.277660
22024,1631260,0022400897,"Mar 05, 2025",MIL vs. DAL,W,31,6,9,0.667,6,9,0.667,0,0,0.0,0,2,2,2,0,0,0,2,18,22,1,1631260,PlayerGameLog,0,2025-08-10T12:49:40.277660
22024,1631260,0022400884,"Mar 04, 2025",MIL @ ATL,W,23,3,8,0.375,2,6,0.333,0,0,0.0,0,4,4,1,0,0,1,0,8,1,1,1631260,PlayerGameLog,0,2025-08-10T12:49:40.277660
22024,1631260,0022400865,"Mar 01, 2025",MIL @ DAL,W,19,1,3,0.333,1,3,0.333,3,3,1.0,0,1,1,1,0,0,1,4,6,-2,1,1631260,PlayerGameLog,0,2025-08-10T12:49:40.277660
22024,1631260,0022400846,"Feb 27, 2025",MIL vs. DEN,W,20,2,4,0.5,2,3,0.667,0,0,0.0,0,1,1,2,1,0,0,2,6,-8,1,1631260,PlayerGameLog,0,2025-08-10T12:49:40.277660
22024,1631260,0022400831,"Feb 25, 2025",MIL @ HOU,L,33,4,8,0.5,4,8,0.5,0,0,0.0,1,4,5,1,1,0,0,3,12,7,1,1631260,PlayerGameLog,0,2025-08-10T12:49:40.277660
22024,1631260,0022400817,"Feb 23, 2025",MIL vs. MIA,W,30,2,6,0.333,1,5,0.2,0,0,0.0,0,1,1,2,1,0,1,3,5,-1,1,1631260,PlayerGameLog,0,2025-08-10T12:49:40.277660
22024,1631260,0022400799,"Feb 21, 2025",MIL @ WAS,W,37,3,9,0.333,3,9,0.333,0,0,0.0,0,3,3,3,1,1,1,4,9,-7,1,1631260,PlayerGameLog,0,2025-08-10T12:49:40.277660
22024,1631260,0022400793,"Feb 20, 2025",MIL vs. LAC,W,30,3,8,0.375,3,8,0.375,0,0,0.0,1,2,3,2,0,0,0,3,9,18,1,1631260,PlayerGameLog,0,2025-08-10T12:49:40.277660
22024,1631260,0022400776,"Feb 12, 2025",MIL @ MIN,W,19,3,8,0.375,3,7,0.429,0,0,0.0,0,1,1,1,0,0,0,3,9,-6,1,1631260,PlayerGameLog,0,2025-08-10T12:49:40.277660
22024,1631260,0022400760,"Feb 10, 2025",MIL vs. GSW,L,22,2,8,0.25,1,4,0.25,0,0,0.0,0,2,2,0,0,0,0,3,5,-15,1,1631260,PlayerGameLog,0,2025-08-10T12:49:40.277660
22024,1631260,0022400754,"Feb 09, 2025",MIL vs. PHI,W,25,3,7,0.429,2,4,0.5,3,3,1.0,0,4,4,2,1,0,0,1,11,28,1,1631260,PlayerGameLog,0,2025-08-10T12:49:40.277660
22024,1631260,0022400736,"Feb 07, 2025",MIL @ ATL,L,21,1,5,0.2,0,2,0.0,0,0,0.0,0,1,1,1,0,0,0,2,2,-22,1,1631260,PlayerGameLog,0,2025-08-10T12:49:40.277660
22024,1631260,0022400717,"Feb 05, 2025",MIL @ CHA,W,28,3,7,0.429,2,6,0.333,0,0,0.0,0,2,2,1,1,1,1,2,8,1,1,1631260,PlayerGameLog,0,2025-08-10T12:49:40.277660
22024,1631260,0022400705,"Feb 03, 2025",MIL @ OKC,L,21,1,4,0.25,0,2,0.0,0,0,0.0,0,1,1,3,0,0,2,0,2,-33,1,1631260,PlayerGameLog,0,2025-08-10T12:49:40.277660
22024,1631260,0022400699,"Feb 02, 2025",MIL vs. MEM,L,28,5,8,0.625,3,6,0.5,1,1,1.0,1,2,3,1,2,0,0,2,14,-13,1,1631260,PlayerGameLog,0,2025-08-10T12:49:40.277660
22024,1631260,0022400684,"Jan 31, 2025",MIL @ SAS,L,18,0,3,0.0,0,2,0.0,0,0,0.0,0,2,2,0,1,0,0,3,0,-5,1,1631260,PlayerGameLog,0,2025-08-10T12:49:40.277660
22024,1631260,0022400580,"Jan 17, 2025",MIL vs. TOR,W,19,2,4,0.5,2,4,0.5,0,0,0.0,0,4,4,1,1,0,1,3,6,4,1,1631260,PlayerGameLog,0,2025-08-10T12:49:40.277660
22024,1631260,0022400564,"Jan 15, 2025",MIL vs. ORL,W,17,0,3,0.0,0,1,0.0,2,3,0.667,1,4,5,0,0,0,0,2,2,24,1,1631260,PlayerGameLog,0,2025-08-10T12:49:40.277660
22024,1631260,0022400558,"Jan 14, 2025",MIL vs. SAC,W,30,5,13,0.385,4,12,0.333,2,2,1.0,2,2,4,1,0,0,0,2,16,9,1,1631260,PlayerGameLog,0,2025-08-10T12:49:40.277660
22024,1631260,0022400539,"Jan 12, 2025",MIL @ NYK,L,25,2,5,0.4,2,5,0.4,0,0,0.0,0,2,2,1,0,0,0,4,6,-4,1,1631260,PlayerGameLog,0,2025-08-10T12:49:40.277660
22024,1631260,0022400526,"Jan 10, 2025",MIL @ ORL,W,19,0,3,0.0,0,1,0.0,0,0,0.0,1,2,3,0,1,0,0,0,0,7,1,1631260,PlayerGameLog,0,2025-08-10T12:49:40.277660
22024,1631260,0022400516,"Jan 08, 2025",MIL vs. SAS,W,25,5,9,0.556,4,7,0.571,0,0,0.0,0,1,1,1,1,0,0,3,14,18,1,1631260,PlayerGameLog,0,2025-08-10T12:49:40.277660
22024,1631260,0022400497,"Jan 06, 2025",MIL @ TOR,W,13,2,3,0.667,1,2,0.5,0,0,0.0,0,0,0,1,0,0,0,5,5,4,1,1631260,PlayerGameLog,0,2025-08-10T12:49:40.277660
22024,1631260,0022400483,"Jan 04, 2025",MIL vs. POR,L,30,7,13,0.538,7,13,0.538,0,0,0.0,0,2,2,3,1,0,1,2,21,4,1,1631260,PlayerGameLog,0,2025-08-10T12:49:40.277660
22024,1631260,0022400450,"Dec 31, 2024",MIL @ IND,W,16,3,6,0.5,3,6,0.5,0,0,0.0,1,1,2,1,0,0,0,5,9,8,1,1631260,PlayerGameLog,0,2025-08-10T12:49:40.277660
22024,1631260,0022400430,"Dec 28, 2024",MIL @ CHI,L,24,2,4,0.5,1,3,0.333,0,0,0.0,0,2,2,1,0,1,1,1,5,-2,1,1631260,PlayerGameLog,0,2025-08-10T12:49:40.277660
22024,1631260,0022400415,"Dec 26, 2024",MIL vs. BKN,L,29,3,8,0.375,2,7,0.286,0,0,0.0,1,5,6,2,0,0,0,1,8,2,1,1631260,PlayerGameLog,0,2025-08-10T12:49:40.277660
22024,1631260,0022400398,"Dec 23, 2024",MIL @ CHI,W,25,3,8,0.375,1,5,0.2,3,3,1.0,0,2,2,3,0,0,1,1,10,18,1,1631260,PlayerGameLog,0,2025-08-10T12:49:40.277660
22024,1631260,0022400382,"Dec 21, 2024",MIL vs. WAS,W,31,2,7,0.286,2,6,0.333,0,0,0.0,0,4,4,6,2,0,0,1,6,-1,1,1631260,PlayerGameLog,0,2025-08-10T12:49:40.277660
22024,1631260,0022400374,"Dec 20, 2024",MIL @ CLE,L,17,0,4,0.0,0,3,0.0,0,0,0.0,0,1,1,4,1,1,0,1,0,-20,1,1631260,PlayerGameLog,0,2025-08-10T12:49:40.277660
22024,1631260,0022401229,"Dec 14, 2024",MIL vs. ATL,W,19,3,6,0.5,3,6,0.5,0,0,0.0,0,1,1,1,0,0,2,6,9,6,1,1631260,PlayerGameLog,0,2025-08-10T12:49:40.277660
22024,1631260,0022401201,"Dec 10, 2024",MIL vs. ORL,W,33,3,9,0.333,3,8,0.375,0,0,0.0,0,4,4,2,0,1,2,2,9,13,1,1631260,PlayerGameLog,0,2025-08-10T12:49:40.277660
22024,1631260,0022400348,"Dec 08, 2024",MIL @ BKN,W,22,2,2,1.0,2,2,1.0,0,0,0.0,0,1,1,0,0,0,0,2,6,6,1,1631260,PlayerGameLog,0,2025-08-10T12:49:40.277660
22024,1631260,0022400335,"Dec 06, 2024",MIL @ BOS,L,23,2,4,0.5,2,2,1.0,0,0,0.0,0,2,2,0,0,0,1,0,6,5,1,1631260,PlayerGameLog,0,2025-08-10T12:49:40.277660
22024,1631260,0022400323,"Dec 04, 2024",MIL vs. ATL,L,27,2,11,0.182,2,11,0.182,0,0,0.0,0,4,4,4,0,0,0,3,6,-8,1,1631260,PlayerGameLog,0,2025-08-10T12:49:40.277660
22024,1631260,0022400052,"Dec 03, 2024",MIL @ DET,W,22,4,4,1.0,3,3,1.0,0,0,0.0,0,3,3,0,2,0,3,5,11,-2,1,1631260,PlayerGameLog,0,2025-08-10T12:49:40.277660
22024,1631260,0022400302,"Nov 30, 2024",MIL vs. WAS,W,26,4,8,0.5,3,6,0.5,2,2,1.0,0,1,1,1,0,0,0,6,13,6,1,1631260,PlayerGameLog,0,2025-08-10T12:49:40.277660
22024,1631260,0022400036,"Nov 26, 2024",MIL @ MIA,W,28,3,7,0.429,3,7,0.429,0,0,0.0,0,1,1,2,0,0,1,4,9,4,1,1631260,PlayerGameLog,0,2025-08-10T12:49:40.277660
22024,1631260,0022400268,"Nov 23, 2024",MIL vs. CHA,W,25,3,4,0.75,3,4,0.75,0,0,0.0,1,5,6,0,0,0,2,6,9,20,1,1631260,PlayerGameLog,0,2025-08-10T12:49:40.277660
22024,1631260,0022400029,"Nov 22, 2024",MIL vs. IND,W,23,2,7,0.286,1,6,0.167,0,0,0.0,0,3,3,0,1,0,0,2,5,-22,1,1631260,PlayerGameLog,0,2025-08-10T12:49:40.277660
22024,1631260,0022400253,"Nov 20, 2024",MIL vs. CHI,W,27,6,9,0.667,5,7,0.714,1,2,0.5,1,1,2,1,2,1,0,2,18,22,1,1631260,PlayerGameLog,0,2025-08-10T12:49:40.277660
22024,1631260,0022400248,"Nov 18, 2024",MIL vs. HOU,W,29,2,6,0.333,1,5,0.2,0,0,0.0,0,5,5,2,0,0,0,3,5,15,1,1631260,PlayerGameLog,0,2025-08-10T12:49:40.277660
22024,1631260,0022400229,"Nov 16, 2024",MIL @ CHA,L,13,1,2,0.5,0,1,0.0,0,0,0.0,0,0,0,0,0,0,0,2,2,-4,1,1631260,PlayerGameLog,0,2025-08-10T12:49:40.277660
22024,1631260,0022400223,"Nov 13, 2024",MIL vs. DET,W,21,1,5,0.2,1,4,0.25,0,0,0.0,0,2,2,1,0,0,2,0,3,-15,1,1631260,PlayerGameLog,0,2025-08-10T12:49:40.277660
22024,1631260,0022400005,"Nov 12, 2024",MIL vs. TOR,W,30,4,14,0.286,4,14,0.286,0,0,0.0,2,3,5,3,2,0,1,2,12,12,1,1631260,PlayerGameLog,0,2025-08-10T12:49:40.277660
22024,1631260,0022400202,"Nov 10, 2024",MIL vs. BOS,L,27,4,6,0.667,4,6,0.667,0,0,0.0,0,3,3,0,3,0,0,1,12,-5,1,1631260,PlayerGameLog,0,2025-08-10T12:49:40.277660
22024,1631260,0022400189,"Nov 08, 2024",MIL @ NYK,L,25,3,6,0.5,3,6,0.5,0,0,0.0,0,0,0,0,0,0,0,4,9,-4,1,1631260,PlayerGameLog,0,2025-08-10T12:49:40.277660
22024,1631260,0022400182,"Nov 07, 2024",MIL vs. UTA,W,18,4,6,0.667,4,6,0.667,0,0,0.0,0,0,0,2,1,0,1,0,12,13,1,1631260,PlayerGameLog,0,2025-08-10T12:49:40.277660
22024,1631260,0022400154,"Nov 04, 2024",MIL @ CLE,L,34,7,9,0.778,7,9,0.778,0,0,0.0,0,6,6,1,0,0,1,0,21,5,1,1631260,PlayerGameLog,0,2025-08-10T12:49:40.277660
22024,1631260,0022400128,"Oct 31, 2024",MIL @ MEM,L,5,0,1,0.0,0,1,0.0,0,0,0.0,0,0,0,0,0,0,0,0,0,-1,1,1631260,PlayerGameLog,0,2025-08-10T12:49:40.277660
22024,1631260,0022400104,"Oct 28, 2024",MIL @ BOS,L,3,1,2,0.5,1,2,0.5,0,0,0.0,0,1,1,0,0,0,0,0,3,4,1,1631260,PlayerGameLog,0,2025-08-10T12:49:40.277660
22024,1631260,0022400098,"Oct 27, 2024",MIL @ BKN,L,13,1,4,0.25,1,4,0.25,2,2,1.0,0,0,0,1,0,0,1,0,5,-3,1,1631260,PlayerGameLog,0,2025-08-10T12:49:40.277660
22024,1631260,0022400083,"Oct 25, 2024",MIL vs. CHI,L,11,3,4,0.75,3,4,0.75,0,0,0.0,0,1,1,1,0,0,0,1,9,-6,1,1631260,PlayerGameLog,0,2025-08-10T12:49:40.277660
22024,1631260,0022400066,"Oct 23, 2024",MIL @ PHI,W,4,0,0,0.0,0,0,0.0,0,0,0.0,0,0,0,1,1,0,0,0,0,4,1,1631260,PlayerGameLog,0,2025-08-10T12:49:40.277660
22024,1642358,0022401190,"Apr 13, 2025",WAS @ MIA,W,48,6,16,0.375,2,5,0.4,0,0,0.0,0,1,1,8,1,0,2,2,14,1,1,1642358,PlayerGameLog,0,2025-08-10T12:49:41.013149
22024,1642358,0022401176,"Apr 11, 2025",WAS @ CHI,L,34,3,13,0.231,0,4,0.0,2,2,1.0,1,2,3,1,1,0,3,5,8,-34,1,1642358,PlayerGameLog,0,2025-08-10T12:49:41.013149
22024,1642358,0022401157,"Apr 09, 2025",WAS vs. PHI,L,36,1,11,0.091,1,7,0.143,4,4,1.0,0,4,4,3,0,0,0,5,7,-19,1,1642358,PlayerGameLog,0,2025-08-10T12:49:41.013149
22024,1642358,0022401148,"Apr 08, 2025",WAS @ IND,L,25,4,9,0.444,0,3,0.0,0,0,0.0,0,1,1,0,0,0,1,5,8,-21,1,1642358,PlayerGameLog,0,2025-08-10T12:49:41.013149
22024,1642358,0022401137,"Apr 06, 2025",WAS @ BOS,L,34,5,12,0.417,2,8,0.25,0,0,0.0,0,0,0,4,0,0,0,3,12,-24,1,1642358,PlayerGameLog,0,2025-08-10T12:49:41.013149
22024,1642358,0022401112,"Apr 03, 2025",WAS vs. ORL,L,29,4,10,0.4,1,2,0.5,2,2,1.0,0,4,4,2,0,1,3,4,11,-3,1,1642358,PlayerGameLog,0,2025-08-10T12:49:41.013149
22024,1642358,0022401105,"Apr 02, 2025",WAS vs. SAC,W,37,7,14,0.5,2,6,0.333,3,4,0.75,0,2,2,6,1,0,3,6,19,-10,1,1642358,PlayerGameLog,0,2025-08-10T12:49:41.013149
22024,1642358,0022401092,"Mar 31, 2025",WAS vs. MIA,L,37,3,9,0.333,0,4,0.0,2,2,1.0,1,2,3,1,1,0,4,2,8,-17,1,1642358,PlayerGameLog,0,2025-08-10T12:49:41.013149
22024,1642358,0022401075,"Mar 29, 2025",WAS vs. BKN,L,42,6,14,0.429,3,7,0.429,5,6,0.833,0,1,1,4,0,1,2,1,20,-8,1,1642358,PlayerGameLog,0,2025-08-10T12:49:41.013149
22024,1642358,0022401061,"Mar 27, 2025",WAS vs. IND,L,27,1,7,0.143,0,2,0.0,0,0,0.0,1,2,3,0,0,0,0,0,2,-41,1,1642358,PlayerGameLog,0,2025-08-10T12:49:41.013149
22024,1642358,0022401053,"Mar 26, 2025",WAS @ PHI,W,34,4,13,0.308,1,7,0.143,0,0,0.0,1,4,5,6,0,0,1,2,9,10,1,1642358,PlayerGameLog,0,2025-08-10T12:49:41.013149
22024,1642358,0022401039,"Mar 24, 2025",WAS vs. TOR,L,28,5,9,0.556,1,2,0.5,6,6,1.0,1,5,6,3,1,0,1,3,17,-15,1,1642358,PlayerGameLog,0,2025-08-10T12:49:41.013149
22024,1642358,0022401026,"Mar 22, 2025",WAS @ NYK,L,28,3,10,0.3,2,5,0.4,1,2,0.5,1,1,2,3,1,0,1,0,9,2,1,1642358,PlayerGameLog,0,2025-08-10T12:49:41.013149
22024,1642358,0022401014,"Mar 21, 2025",WAS vs. ORL,L,23,6,9,0.667,2,3,0.667,0,0,0.0,0,2,2,3,0,0,1,0,14,10,1,1642358,PlayerGameLog,0,2025-08-10T12:49:41.013149
22024,1642358,0022400627,"Mar 19, 2025",WAS @ UTA,L,28,5,10,0.5,1,5,0.2,1,1,1.0,1,0,1,6,2,0,1,4,12,2,1,1642358,PlayerGameLog,0,2025-08-10T12:49:41.013149
22024,1642358,0022400995,"Mar 17, 2025",WAS @ POR,L,35,3,8,0.375,1,4,0.25,1,2,0.5,0,7,7,4,0,1,6,1,8,-3,1,1642358,PlayerGameLog,0,2025-08-10T12:49:41.013149
22024,1642358,0022400975,"Mar 15, 2025",WAS @ DEN,W,18,3,4,0.75,1,2,0.5,2,2,1.0,0,2,2,4,2,0,1,1,9,7,1,1642358,PlayerGameLog,0,2025-08-10T12:49:41.013149
22024,1642358,0022400932,"Mar 10, 2025",WAS @ TOR,L,23,1,7,0.143,0,4,0.0,1,1,1.0,1,2,3,6,0,0,0,1,3,-10,1,1642358,PlayerGameLog,0,2025-08-10T12:49:41.013149
22024,1642358,0022400877,"Mar 03, 2025",WAS @ MIA,L,4,1,1,1.0,0,0,0.0,1,1,1.0,0,0,0,0,1,0,0,0,3,6,1,1642358,PlayerGameLog,0,2025-08-10T12:49:41.013149
22024,1642358,0022400771,"Feb 12, 2025",WAS vs. IND,L,10,1,2,0.5,1,2,0.5,0,0,0.0,0,0,0,0,0,0,1,0,3,10,1,1642358,PlayerGameLog,0,2025-08-10T12:49:41.013149
22024,1642358,0022400744,"Feb 08, 2025",WAS vs. ATL,L,7,1,2,0.5,0,1,0.0,0,0,0.0,0,1,1,1,0,0,0,4,2,-4,1,1642358,PlayerGameLog,0,2025-08-10T12:49:41.013149
22024,1642358,0022400735,"Feb 07, 2025",WAS vs. CLE,L,9,1,4,0.25,0,2,0.0,0,0,0.0,0,1,1,4,0,0,0,1,2,-4,1,1642358,PlayerGameLog,0,2025-08-10T12:49:41.013149
22024,1642358,0022400705,"Feb 03, 2025",MIL @ OKC,L,29,5,12,0.417,2,4,0.5,1,2,0.5,0,4,4,4,1,0,2,0,13,0,1,1642358,PlayerGameLog,0,2025-08-10T12:49:41.013149
22024,1642358,0022400624,"Jan 23, 2025",MIL vs. MIA,W,4,0,1,0.0,0,0,0.0,0,0,0.0,0,1,1,2,0,0,0,0,0,3,1,1642358,PlayerGameLog,0,2025-08-10T12:49:41.013149
22024,1642358,0022400052,"Dec 03, 2024",MIL @ DET,W,2,2,3,0.667,1,1,1.0,0,0,0.0,0,1,1,0,0,0,1,0,5,5,1,1642358,PlayerGameLog,0,2025-08-10T12:49:41.013149
22024,1642358,0022400005,"Nov 12, 2024",MIL vs. TOR,W,2,0,0,0.0,0,0,0.0,0,0,0.0,0,0,0,1,0,0,1,0,0,-1,1,1642358,PlayerGameLog,0,2025-08-10T12:49:41.013149
22024,1642358,0022400098,"Oct 27, 2024",MIL @ BKN,L,3,1,1,1.0,0,0,0.0,0,0,0.0,0,0,0,0,0,0,0,0,2,4,1,1642358,PlayerGameLog,0,2025-08-10T12:49:41.013149
22024,1642358,0022400083,"Oct 25, 2024",MIL vs. CHI,L,2,0,1,0.0,0,0,0.0,0,0,0.0,0,1,1,0,0,0,0,0,0,2,1,1642358,PlayerGameLog,0,2025-08-10T12:49:41.013149
22024,1642358,0022400066,"Oct 23, 2024",MIL @ PHI,W,1,0,1,0.0,0,0,0.0,0,0,0.0,0,0,0,0,0,0,0,0,0,0,1,1642358,PlayerGameLog,0,2025-08-10T12:49:41.013149
22024,203932,0022401193,"Apr 13, 2025",DEN @ HOU,W,26,7,13,0.538,1,3,0.333,3,3,1.0,4,3,7,3,2,1,3,0,18,21,1,203932,PlayerGameLog,0,2025-08-10T12:49:41.697572
22024,203932,0022401180,"Apr 11, 2025",DEN vs. MEM,W,41,13,23,0.565,2,7,0.286,5,6,0.833,4,1,5,0,1,1,0,3,33,8,1,203932,PlayerGameLog,0,2025-08-10T12:49:41.697572
22024,203932,0022401165,"Apr 09, 2025",DEN @ SAC,W,35,9,16,0.563,1,5,0.2,2,2,1.0,2,1,3,5,0,0,1,0,21,16,1,203932,PlayerGameLog,0,2025-08-10T12:49:41.697572
22024,203932,0022401142,"Apr 06, 2025",DEN vs. IND,L,34,2,5,0.4,0,1,0.0,1,2,0.5,0,3,3,4,0,0,2,1,5,4,1,203932,PlayerGameLog,0,2025-08-10T12:49:41.697572
22024,203932,0022401125,"Apr 04, 2025",DEN @ GSW,L,34,4,8,0.5,0,2,0.0,7,7,1.0,0,2,2,8,0,1,3,4,15,-10,1,203932,PlayerGameLog,0,2025-08-10T12:49:41.697572
22024,203932,0022401102,"Apr 01, 2025",DEN vs. MIN,L,47,9,15,0.6,4,8,0.5,8,10,0.8,1,7,8,5,0,1,2,3,30,16,1,203932,PlayerGameLog,0,2025-08-10T12:49:41.697572
22024,203932,0022401073,"Mar 28, 2025",DEN vs. UTA,W,26,2,4,0.5,1,2,0.5,1,4,0.25,0,5,5,5,0,0,2,1,6,24,1,203932,PlayerGameLog,0,2025-08-10T12:49:41.697572
22024,203932,0022401057,"Mar 26, 2025",DEN vs. MIL,W,19,3,6,0.5,1,2,0.5,0,0,0.0,0,2,2,1,0,0,2,3,7,-1,1,203932,PlayerGameLog,0,2025-08-10T12:49:41.697572
22024,203932,0022401035,"Mar 23, 2025",DEN @ HOU,W,37,5,9,0.556,1,3,0.333,2,2,1.0,1,3,4,8,1,0,0,3,13,9,1,203932,PlayerGameLog,0,2025-08-10T12:49:41.697572
22024,203932,0022401022,"Mar 21, 2025",DEN @ POR,L,32,6,10,0.6,1,3,0.333,10,12,0.833,2,1,3,4,0,0,1,1,23,-11,1,203932,PlayerGameLog,0,2025-08-10T12:49:41.697572
22024,203932,0022401006,"Mar 19, 2025",DEN @ LAL,L,30,9,14,0.643,5,9,0.556,3,4,0.75,1,10,11,0,1,0,4,2,26,-22,1,203932,PlayerGameLog,0,2025-08-10T12:49:41.697572
22024,203932,0022400990,"Mar 17, 2025",DEN @ GSW,W,37,14,23,0.609,4,6,0.667,6,6,1.0,5,1,6,3,0,0,7,2,38,13,1,203932,PlayerGameLog,0,2025-08-10T12:49:41.697572
22024,203932,0022400965,"Mar 14, 2025",DEN vs. LAL,W,31,3,6,0.5,2,4,0.5,9,10,0.9,1,6,7,4,0,1,0,1,17,16,1,203932,PlayerGameLog,0,2025-08-10T12:49:41.697572
22024,203932,0022400920,"Mar 09, 2025",DEN @ OKC,L,7,2,3,0.667,1,1,1.0,0,1,0.0,1,1,2,0,0,0,0,0,5,4,1,203932,PlayerGameLog,0,2025-08-10T12:49:41.697572
22024,203932,0022400909,"Mar 07, 2025",DEN vs. PHX,W,39,9,15,0.6,7,10,0.7,2,2,1.0,1,2,3,1,0,0,1,2,27,13,1,203932,PlayerGameLog,0,2025-08-10T12:49:41.697572
22024,203932,0022400846,"Feb 27, 2025",DEN @ MIL,L,33,4,13,0.308,1,6,0.167,0,0,0.0,1,4,5,2,1,1,2,2,9,-14,1,203932,PlayerGameLog,0,2025-08-10T12:49:41.697572
22024,203932,0022400822,"Feb 24, 2025",DEN @ IND,W,24,11,17,0.647,2,4,0.5,1,1,1.0,3,2,5,2,2,0,2,4,25,10,1,203932,PlayerGameLog,0,2025-08-10T12:49:41.697572
22024,203932,0022400808,"Feb 22, 2025",DEN vs. LAL,L,35,9,15,0.6,4,7,0.571,2,2,1.0,0,5,5,4,0,0,1,1,24,-25,1,203932,PlayerGameLog,0,2025-08-10T12:49:41.697572
22024,203932,0022400794,"Feb 20, 2025",DEN vs. CHA,W,32,8,13,0.615,1,2,0.5,1,2,0.5,4,3,7,2,0,0,0,0,18,8,1,203932,PlayerGameLog,0,2025-08-10T12:49:41.697572
22024,203932,0022400763,"Feb 10, 2025",DEN vs. POR,W,24,3,5,0.6,1,1,1.0,2,2,1.0,1,1,2,7,1,0,0,1,9,19,1,203932,PlayerGameLog,0,2025-08-10T12:49:41.697572
22024,203932,0022400749,"Feb 08, 2025",DEN @ PHX,W,24,2,9,0.222,1,2,0.5,4,4,1.0,2,8,10,4,0,0,0,0,9,13,1,203932,PlayerGameLog,0,2025-08-10T12:49:41.697572
22024,203932,0022400730,"Feb 06, 2025",DEN vs. ORL,W,23,3,6,0.5,1,2,0.5,4,7,0.571,1,2,3,7,0,1,1,2,11,10,1,203932,PlayerGameLog,0,2025-08-10T12:49:41.697572
22024,203932,0022400726,"Feb 05, 2025",DEN vs. NOP,W,31,2,9,0.222,1,4,0.25,2,2,1.0,1,3,4,12,1,1,0,2,7,17,1,203932,PlayerGameLog,0,2025-08-10T12:49:41.697572
22024,203932,0022400688,"Feb 01, 2025",DEN @ CHA,W,30,3,10,0.3,0,4,0.0,0,0,0.0,2,1,3,2,0,1,1,4,6,21,1,203932,PlayerGameLog,0,2025-08-10T12:49:41.697572
22024,203932,0022400681,"Jan 31, 2025",DEN @ PHI,W,32,4,6,0.667,1,1,1.0,2,2,1.0,1,2,3,3,0,0,2,2,11,14,1,203932,PlayerGameLog,0,2025-08-10T12:49:41.697572
22024,203932,0022400668,"Jan 29, 2025",DEN @ NYK,L,30,6,7,0.857,1,1,1.0,2,2,1.0,2,4,6,1,0,0,2,0,15,-2,1,203932,PlayerGameLog,0,2025-08-10T12:49:41.697572
22024,203932,0022400655,"Jan 27, 2025",DEN @ CHI,L,22,3,9,0.333,0,2,0.0,0,0,0.0,1,1,2,4,2,0,0,0,6,-9,1,203932,PlayerGameLog,0,2025-08-10T12:49:41.697572
22024,203932,0022400634,"Jan 25, 2025",DEN @ MIN,L,25,5,10,0.5,2,5,0.4,1,2,0.5,2,1,3,2,2,0,2,1,13,-10,1,203932,PlayerGameLog,0,2025-08-10T12:49:41.697572
22024,203932,0022400626,"Jan 23, 2025",DEN vs. SAC,W,17,1,8,0.125,1,3,0.333,0,0,0.0,1,1,2,1,0,0,1,1,3,6,1,203932,PlayerGameLog,0,2025-08-10T12:49:41.697572
22024,203932,0022400609,"Jan 21, 2025",DEN vs. PHI,W,22,6,7,0.857,3,3,1.0,4,4,1.0,0,0,0,3,0,0,1,1,19,10,1,203932,PlayerGameLog,0,2025-08-10T12:49:41.697572
22024,203932,0022400593,"Jan 19, 2025",DEN @ ORL,W,22,3,4,0.75,0,1,0.0,3,4,0.75,0,4,4,0,0,0,5,0,9,10,1,203932,PlayerGameLog,0,2025-08-10T12:49:41.697572
22024,203932,0022400579,"Jan 17, 2025",DEN @ MIA,W,22,5,8,0.625,1,3,0.333,5,5,1.0,0,6,6,3,0,0,1,2,16,8,1,203932,PlayerGameLog,0,2025-08-10T12:49:41.697572
22024,203932,0022400559,"Jan 14, 2025",DEN @ DAL,W,18,2,9,0.222,0,3,0.0,4,4,1.0,2,0,2,0,1,1,0,2,8,-1,1,203932,PlayerGameLog,0,2025-08-10T12:49:41.697572
22024,203932,0022400540,"Jan 12, 2025",DEN @ DAL,W,18,6,7,0.857,1,2,0.5,0,0,0.0,1,5,6,2,0,1,1,0,13,23,1,203932,PlayerGameLog,0,2025-08-10T12:49:41.697572
22024,203932,0022400409,"Dec 25, 2024",DEN @ PHX,L,19,3,7,0.429,0,1,0.0,1,2,0.5,1,2,3,2,0,0,0,2,7,-1,1,203932,PlayerGameLog,0,2025-08-10T12:49:41.697572
22024,203932,0022400402,"Dec 23, 2024",DEN vs. PHX,W,23,4,7,0.571,2,3,0.667,2,2,1.0,0,2,2,1,1,0,0,3,12,9,1,203932,PlayerGameLog,0,2025-08-10T12:49:41.697572
22024,203932,0022400390,"Dec 22, 2024",DEN @ NOP,W,35,6,12,0.5,2,4,0.5,3,6,0.5,5,3,8,3,1,0,2,2,17,-6,1,203932,PlayerGameLog,0,2025-08-10T12:49:41.697572
22024,203932,0022400371,"Dec 19, 2024",DEN @ POR,L,31,1,6,0.167,0,3,0.0,0,2,0.0,1,5,6,3,0,0,2,2,2,0,1,203932,PlayerGameLog,0,2025-08-10T12:49:41.697572
22024,203932,0022401225,"Dec 16, 2024",DEN @ SAC,W,31,9,14,0.643,1,3,0.333,5,6,0.833,4,3,7,2,0,0,1,3,24,6,1,203932,PlayerGameLog,0,2025-08-10T12:49:41.697572
22024,203932,0022401213,"Dec 13, 2024",DEN vs. LAC,W,23,4,7,0.571,1,2,0.5,5,5,1.0,0,6,6,2,0,0,1,2,14,10,1,203932,PlayerGameLog,0,2025-08-10T12:49:41.697572
22024,203932,0022400350,"Dec 08, 2024",DEN @ ATL,W,23,1,6,0.167,0,4,0.0,4,5,0.8,0,2,2,6,0,1,3,1,6,17,1,203932,PlayerGameLog,0,2025-08-10T12:49:41.697572
22024,203932,0022400325,"Dec 05, 2024",DEN @ CLE,L,34,8,13,0.615,0,2,0.0,2,4,0.5,2,5,7,2,0,0,2,1,18,1,1,203932,PlayerGameLog,0,2025-08-10T12:49:41.697572
22024,203932,0022400058,"Dec 03, 2024",DEN vs. GSW,W,33,4,6,0.667,3,4,0.75,4,6,0.667,0,9,9,5,0,0,2,0,15,13,1,203932,PlayerGameLog,0,2025-08-10T12:49:41.697572
22024,203932,0022400314,"Dec 01, 2024",DEN @ LAC,L,24,4,7,0.571,1,2,0.5,1,1,1.0,0,1,1,4,1,0,1,2,10,-7,1,203932,PlayerGameLog,0,2025-08-10T12:49:41.697572
22024,203932,0022400166,"Nov 04, 2024",DEN vs. TOR,W,4,1,2,0.5,1,2,0.5,0,0,0.0,0,0,0,1,0,0,1,1,3,1,1,203932,PlayerGameLog,0,2025-08-10T12:49:41.697572
22024,203932,0022400148,"Nov 02, 2024",DEN vs. UTA,W,26,5,9,0.556,2,3,0.667,0,0,0.0,2,4,6,5,0,0,0,2,12,28,1,203932,PlayerGameLog,0,2025-08-10T12:49:41.697572
22024,203932,0022400139,"Nov 01, 2024",DEN @ MIN,L,38,11,18,0.611,5,7,0.714,4,5,0.8,4,7,11,2,1,0,0,2,31,8,1,203932,PlayerGameLog,0,2025-08-10T12:49:41.697572
22024,203932,0022400113,"Oct 29, 2024",DEN @ BKN,W,33,8,11,0.727,1,3,0.333,7,7,1.0,1,4,5,2,0,1,1,3,24,5,1,203932,PlayerGameLog,0,2025-08-10T12:49:41.697572
22024,203932,0022400107,"Oct 28, 2024",DEN @ TOR,W,42,4,8,0.5,2,2,1.0,6,8,0.75,5,6,11,8,2,1,5,2,16,11,1,203932,PlayerGameLog,0,2025-08-10T12:49:41.697572
22024,203932,0022400087,"Oct 26, 2024",DEN vs. LAC,L,36,3,10,0.3,1,4,0.25,3,4,0.75,2,3,5,2,1,0,0,2,10,2,1,203932,PlayerGameLog,0,2025-08-10T12:49:41.697572
22024,203932,0022400075,"Oct 24, 2024",DEN vs. OKC,L,33,5,12,0.417,0,1,0.0,2,2,1.0,5,4,9,2,1,0,2,1,12,-4,1,203932,PlayerGameLog,0,2025-08-10T12:49:41.697572
22024,1628988,0022401193,"Apr 13, 2025",HOU vs. DEN,L,9,2,4,0.5,2,4,0.5,0,0,0.0,0,0,0,2,0,0,0,2,6,3,1,1628988,PlayerGameLog,0,2025-08-10T12:49:42.369099
22024,1628988,0022401185,"Apr 11, 2025",HOU @ LAL,L,24,4,7,0.571,2,5,0.4,1,1,1.0,0,2,2,4,0,1,2,1,11,-16,1,1628988,PlayerGameLog,0,2025-08-10T12:49:42.369099
22024,1628988,0022401166,"Apr 09, 2025",HOU @ LAC,L,20,6,13,0.462,4,6,0.667,0,0,0.0,1,1,2,4,0,0,0,1,16,9,1,1628988,PlayerGameLog,0,2025-08-10T12:49:42.369099
22024,1628988,0022401143,"Apr 06, 2025",HOU @ GSW,W,11,1,2,0.5,1,2,0.5,0,0,0.0,0,2,2,1,0,0,1,1,3,-2,1,1628988,PlayerGameLog,0,2025-08-10T12:49:42.369099
22024,1628988,0022401123,"Apr 04, 2025",HOU vs. OKC,W,1,0,0,0.0,0,0,0.0,0,0,0.0,0,0,0,0,0,0,0,0,0,0,1,1628988,PlayerGameLog,0,2025-08-10T12:49:42.369099
22024,1628988,0022401107,"Apr 02, 2025",HOU vs. UTA,W,13,2,6,0.333,2,6,0.333,0,0,0.0,0,2,2,2,1,0,1,1,6,16,1,1628988,PlayerGameLog,0,2025-08-10T12:49:42.369099
22024,1628988,0022401088,"Mar 30, 2025",HOU @ PHX,W,21,4,7,0.571,3,6,0.5,0,0,0.0,0,2,2,1,0,1,0,0,11,19,1,1628988,PlayerGameLog,0,2025-08-10T12:49:42.369099
22024,1628988,0022401065,"Mar 27, 2025",HOU @ UTA,W,12,1,4,0.25,0,3,0.0,0,0,0.0,0,0,0,1,1,0,0,1,2,6,1,1628988,PlayerGameLog,0,2025-08-10T12:49:42.369099
22024,1628988,0022401049,"Mar 25, 2025",HOU vs. ATL,W,10,2,3,0.667,2,3,0.667,0,0,0.0,1,0,1,1,0,1,1,1,6,10,1,1628988,PlayerGameLog,0,2025-08-10T12:49:42.369099
22024,1628988,0022400999,"Mar 19, 2025",HOU @ ORL,W,4,0,2,0.0,0,2,0.0,0,0,0.0,0,0,0,0,0,1,1,0,0,-11,1,1628988,PlayerGameLog,0,2025-08-10T12:49:42.369099
22024,1628988,0022400985,"Mar 17, 2025",HOU vs. PHI,W,14,2,3,0.667,2,3,0.667,2,2,1.0,1,0,1,1,0,0,0,0,8,-5,1,1628988,PlayerGameLog,0,2025-08-10T12:49:42.369099
22024,1628988,0022400970,"Mar 15, 2025",HOU vs. CHI,W,12,1,3,0.333,1,3,0.333,1,2,0.5,0,1,1,0,0,0,0,0,4,5,1,1628988,PlayerGameLog,0,2025-08-10T12:49:42.369099
22024,1628988,0022400961,"Mar 14, 2025",HOU vs. DAL,W,16,5,9,0.556,3,5,0.6,0,0,0.0,0,3,3,4,0,0,0,3,13,10,1,1628988,PlayerGameLog,0,2025-08-10T12:49:42.369099
22024,1628988,0022400949,"Mar 12, 2025",HOU vs. PHX,W,13,2,6,0.333,2,5,0.4,0,0,0.0,0,1,1,0,0,1,0,1,6,-11,1,1628988,PlayerGameLog,0,2025-08-10T12:49:42.369099
22024,1628988,0022400934,"Mar 10, 2025",HOU vs. ORL,W,16,1,3,0.333,1,2,0.5,2,4,0.5,0,1,1,4,0,0,2,3,5,-3,1,1628988,PlayerGameLog,0,2025-08-10T12:49:42.369099
22024,1628988,0022400913,"Mar 08, 2025",HOU vs. NOP,W,24,7,14,0.5,4,9,0.444,2,2,1.0,0,4,4,2,0,0,2,0,20,23,1,1628988,PlayerGameLog,0,2025-08-10T12:49:42.369099
22024,1628988,0022400882,"Mar 04, 2025",HOU @ IND,L,2,0,0,0.0,0,0,0.0,0,0,0.0,0,0,0,0,0,0,0,0,0,1,1,1628988,PlayerGameLog,0,2025-08-10T12:49:42.369099
22024,1628988,0022400879,"Mar 03, 2025",HOU @ OKC,L,19,5,8,0.625,4,6,0.667,0,0,0.0,0,1,1,2,0,0,5,1,14,-4,1,1628988,PlayerGameLog,0,2025-08-10T12:49:42.369099
22024,1628988,0022400862,"Mar 01, 2025",HOU vs. SAC,L,9,2,2,1.0,2,2,1.0,1,1,1.0,0,1,1,0,0,0,0,0,7,-2,1,1628988,PlayerGameLog,0,2025-08-10T12:49:42.369099
22024,1628988,0022400844,"Feb 26, 2025",HOU vs. SAS,W,16,1,4,0.25,0,3,0.0,0,0,0.0,0,1,1,0,0,0,0,0,2,-2,1,1628988,PlayerGameLog,0,2025-08-10T12:49:42.369099
22024,1628988,0022400831,"Feb 25, 2025",HOU vs. MIL,W,11,0,2,0.0,0,1,0.0,0,1,0.0,2,0,2,0,1,1,0,0,0,9,1,1628988,PlayerGameLog,0,2025-08-10T12:49:42.369099
22024,1628988,0022400809,"Feb 22, 2025",HOU @ UTA,L,20,2,5,0.4,1,3,0.333,0,0,0.0,0,3,3,3,1,1,2,2,5,-5,1,1628988,PlayerGameLog,0,2025-08-10T12:49:42.369099
22024,1628988,0022400801,"Feb 21, 2025",HOU vs. MIN,W,18,2,6,0.333,2,3,0.667,4,5,0.8,0,1,1,1,0,0,0,1,10,-7,1,1628988,PlayerGameLog,0,2025-08-10T12:49:42.369099
22024,1628988,0022400784,"Feb 13, 2025",HOU vs. GSW,L,37,10,20,0.5,2,9,0.222,3,3,1.0,2,6,8,4,1,0,1,5,25,-7,1,1628988,PlayerGameLog,0,2025-08-10T12:49:42.369099
22024,1628988,0022400753,"Feb 09, 2025",HOU vs. TOR,W,27,2,8,0.25,1,6,0.167,1,1,1.0,0,4,4,3,1,0,2,2,6,1,1,1628988,PlayerGameLog,0,2025-08-10T12:49:42.369099
22024,1628988,0022400741,"Feb 08, 2025",HOU @ DAL,L,3,1,3,0.333,0,1,0.0,0,0,0.0,0,1,1,0,0,0,0,0,2,-2,1,1628988,PlayerGameLog,0,2025-08-10T12:49:42.369099
22024,1628988,0022400711,"Feb 04, 2025",HOU @ BKN,L,14,0,1,0.0,0,1,0.0,0,0,0.0,0,0,0,3,0,0,0,1,0,-4,1,1628988,PlayerGameLog,0,2025-08-10T12:49:42.369099
22024,1628988,0022400702,"Feb 03, 2025",HOU @ NYK,L,17,6,10,0.6,3,7,0.429,0,0,0.0,0,2,2,0,0,0,1,5,15,4,1,1628988,PlayerGameLog,0,2025-08-10T12:49:42.369099
22024,1628988,0022400689,"Feb 01, 2025",HOU vs. BKN,L,13,1,6,0.167,1,6,0.167,0,0,0.0,0,0,0,1,0,0,0,2,3,-12,1,1628988,PlayerGameLog,0,2025-08-10T12:49:42.369099
22024,1628988,0022400532,"Jan 28, 2025",HOU @ ATL,W,17,2,4,0.5,2,3,0.667,2,2,1.0,0,1,1,4,0,1,1,0,8,-5,1,1628988,PlayerGameLog,0,2025-08-10T12:49:42.369099
22024,1628988,0022400650,"Jan 27, 2025",HOU @ BOS,W,15,2,4,0.5,1,2,0.5,0,0,0.0,0,0,0,1,0,0,1,4,5,-9,1,1628988,PlayerGameLog,0,2025-08-10T12:49:42.369099
22024,1628988,0022400600,"Jan 20, 2025",HOU vs. DET,L,15,0,2,0.0,0,2,0.0,0,0,0.0,0,3,3,0,1,1,0,1,0,3,1,1628988,PlayerGameLog,0,2025-08-10T12:49:42.369099
22024,1628988,0022400591,"Jan 18, 2025",HOU @ POR,W,15,4,9,0.444,2,5,0.4,0,0,0.0,0,0,0,1,2,0,1,0,10,18,1,1628988,PlayerGameLog,0,2025-08-10T12:49:42.369099
22024,1628988,0022400576,"Jan 16, 2025",HOU @ SAC,L,14,2,5,0.4,2,5,0.4,0,0,0.0,2,1,3,1,1,0,2,1,6,-6,1,1628988,PlayerGameLog,0,2025-08-10T12:49:42.369099
22024,1628988,0022400568,"Jan 15, 2025",HOU @ DEN,W,8,0,1,0.0,0,1,0.0,0,0,0.0,0,0,0,2,1,0,0,1,0,-2,1,1628988,PlayerGameLog,0,2025-08-10T12:49:42.369099
22024,1628988,0022400551,"Jan 13, 2025",HOU vs. MEM,W,9,2,4,0.5,2,3,0.667,0,0,0.0,0,1,1,0,0,0,2,0,6,3,1,1628988,PlayerGameLog,0,2025-08-10T12:49:42.369099
22024,1628988,0022400520,"Jan 09, 2025",HOU @ MEM,W,10,0,1,0.0,0,1,0.0,2,2,1.0,0,0,0,0,0,0,0,1,2,7,1,1628988,PlayerGameLog,0,2025-08-10T12:49:42.369099
22024,1628988,0022400503,"Jan 07, 2025",HOU @ WAS,W,23,1,3,0.333,0,1,0.0,2,2,1.0,2,0,2,4,2,0,1,4,4,31,1,1628988,PlayerGameLog,0,2025-08-10T12:49:42.369099
22024,1628988,0022400491,"Jan 05, 2025",HOU vs. LAL,W,12,3,7,0.429,1,3,0.333,0,0,0.0,0,0,0,0,0,0,0,0,7,10,1,1628988,PlayerGameLog,0,2025-08-10T12:49:42.369099
22024,1628988,0022400471,"Jan 03, 2025",HOU vs. BOS,L,19,0,4,0.0,0,1,0.0,0,0,0.0,2,1,3,0,1,0,2,1,0,-7,1,1628988,PlayerGameLog,0,2025-08-10T12:49:42.369099
22024,1628988,0022400460,"Jan 01, 2025",HOU vs. DAL,W,15,2,4,0.5,0,2,0.0,0,0,0.0,0,1,1,1,0,0,0,2,4,-8,1,1628988,PlayerGameLog,0,2025-08-10T12:49:42.369099
22024,1628988,0022400439,"Dec 29, 2024",HOU vs. MIA,L,11,1,4,0.25,0,1,0.0,0,0,0.0,0,0,0,2,0,0,0,3,2,-5,1,1628988,PlayerGameLog,0,2025-08-10T12:49:42.369099
22024,1628988,0022400422,"Dec 27, 2024",HOU vs. MIN,L,5,0,0,0.0,0,0,0.0,0,0,0.0,0,0,0,1,2,0,0,0,0,5,1,1628988,PlayerGameLog,0,2025-08-10T12:49:42.369099
22024,1628988,0022400416,"Dec 26, 2024",HOU @ NOP,W,9,0,0,0.0,0,0,0.0,2,2,1.0,0,0,0,1,1,1,0,0,2,-11,1,1628988,PlayerGameLog,0,2025-08-10T12:49:42.369099
22024,1628988,0022400391,"Dec 23, 2024",HOU @ CHA,W,3,2,4,0.5,0,1,0.0,0,0,0.0,0,0,0,0,0,0,1,0,4,-4,1,1628988,PlayerGameLog,0,2025-08-10T12:49:42.369099
22024,1628988,0022400365,"Dec 19, 2024",HOU vs. NOP,W,16,3,5,0.6,2,3,0.667,2,2,1.0,0,3,3,1,0,0,0,3,10,-1,1,1628988,PlayerGameLog,0,2025-08-10T12:49:42.369099
22024,1628988,0022401230,"Dec 14, 2024",HOU @ OKC,L,5,0,1,0.0,0,1,0.0,0,0,0.0,0,0,0,0,0,0,0,2,0,-1,1,1628988,PlayerGameLog,0,2025-08-10T12:49:42.369099
22024,1628988,0022401204,"Dec 11, 2024",HOU vs. GSW,W,12,1,4,0.25,0,2,0.0,0,0,0.0,0,1,1,2,1,0,0,1,2,3,1,1628988,PlayerGameLog,0,2025-08-10T12:49:42.369099
22024,1628988,0022400356,"Dec 08, 2024",HOU @ LAC,W,19,3,6,0.5,3,6,0.5,2,2,1.0,0,1,1,3,0,0,2,1,11,1,1,1628988,PlayerGameLog,0,2025-08-10T12:49:42.369099
22024,1628988,0022400332,"Dec 05, 2024",HOU @ GSW,L,14,1,2,0.5,1,1,1.0,0,0,0.0,0,2,2,1,0,0,0,0,3,-4,1,1628988,PlayerGameLog,0,2025-08-10T12:49:42.369099
22024,1628988,0022400059,"Dec 03, 2024",HOU @ SAC,L,5,2,2,1.0,2,2,1.0,0,0,0.0,0,2,2,0,0,0,0,0,6,10,1,1628988,PlayerGameLog,0,2025-08-10T12:49:42.369099
22024,1628988,0022400290,"Nov 27, 2024",HOU @ PHI,W,6,1,2,0.5,1,2,0.5,0,0,0.0,0,0,0,0,0,0,0,0,3,7,1,1628988,PlayerGameLog,0,2025-08-10T12:49:42.369099
22024,1628988,0022400031,"Nov 22, 2024",HOU vs. POR,W,9,1,5,0.2,1,5,0.2,0,0,0.0,0,0,0,2,0,0,0,0,3,1,1,1628988,PlayerGameLog,0,2025-08-10T12:49:42.369099
22024,1628988,0022400254,"Nov 20, 2024",HOU vs. IND,W,8,1,2,0.5,0,0,0.0,0,0,0.0,0,3,3,0,0,0,0,1,2,1,1,1628988,PlayerGameLog,0,2025-08-10T12:49:42.369099
22024,1628988,0022400248,"Nov 18, 2024",HOU @ MIL,L,9,2,3,0.667,1,2,0.5,0,0,0.0,0,1,1,2,0,0,0,0,5,11,1,1628988,PlayerGameLog,0,2025-08-10T12:49:42.369099
22024,1628988,0022400241,"Nov 17, 2024",HOU @ CHI,W,7,1,3,0.333,1,3,0.333,0,2,0.0,0,1,1,1,0,1,1,1,3,9,1,1628988,PlayerGameLog,0,2025-08-10T12:49:42.369099
22024,1628988,0022400016,"Nov 15, 2024",HOU vs. LAC,W,9,2,3,0.667,2,3,0.667,0,0,0.0,0,1,1,1,0,0,0,0,6,-9,1,1628988,PlayerGameLog,0,2025-08-10T12:49:42.369099
22024,1628988,0022400213,"Nov 11, 2024",HOU vs. WAS,W,17,3,5,0.6,1,3,0.333,4,4,1.0,0,1,1,1,0,0,1,3,11,-3,1,1628988,PlayerGameLog,0,2025-08-10T12:49:42.369099
22024,1628988,0022400192,"Nov 08, 2024",HOU @ OKC,L,6,1,2,0.5,0,0,0.0,1,1,1.0,0,1,1,2,0,0,0,0,3,-1,1,1628988,PlayerGameLog,0,2025-08-10T12:49:42.369099
22024,1628988,0022400173,"Nov 06, 2024",HOU vs. SAS,W,7,0,1,0.0,0,1,0.0,0,0,0.0,0,1,1,0,0,0,0,0,0,0,1,1628988,PlayerGameLog,0,2025-08-10T12:49:42.369099
22024,1628988,0022400144,"Nov 02, 2024",HOU vs. GSW,L,16,2,4,0.5,2,3,0.667,0,0,0.0,0,0,0,4,1,0,1,0,6,19,1,1628988,PlayerGameLog,0,2025-08-10T12:49:42.369099
22024,1628988,0022400082,"Oct 25, 2024",HOU vs. MEM,W,2,0,1,0.0,0,1,0.0,0,0,0.0,0,0,0,1,0,0,0,0,0,2,1,1628988,PlayerGameLog,0,2025-08-10T12:49:42.369099
22024,1630174,0022401189,"Apr 13, 2025",IND @ CLE,W,14,4,7,0.571,1,2,0.5,1,1,1.0,2,2,4,1,1,0,1,2,10,-11,1,1630174,PlayerGameLog,0,2025-08-10T12:49:43.080596
22024,1630174,0022401168,"Apr 10, 2025",IND vs. CLE,W,30,7,14,0.5,3,6,0.5,5,6,0.833,1,5,6,1,0,0,0,3,22,4,1,1630174,PlayerGameLog,0,2025-08-10T12:49:43.080596
22024,1630174,0022401148,"Apr 08, 2025",IND vs. WAS,W,29,2,6,0.333,1,3,0.333,2,2,1.0,0,6,6,1,1,0,1,3,7,-1,1,1630174,PlayerGameLog,0,2025-08-10T12:49:43.080596
22024,1630174,0022401142,"Apr 06, 2025",IND @ DEN,W,30,5,10,0.5,3,5,0.6,4,4,1.0,2,4,6,0,3,1,0,1,17,7,1,1630174,PlayerGameLog,0,2025-08-10T12:49:43.080596
22024,1630174,0022401119,"Apr 04, 2025",IND vs. UTA,W,20,5,7,0.714,2,2,1.0,0,1,0.0,1,2,3,0,0,0,1,2,12,14,1,1630174,PlayerGameLog,0,2025-08-10T12:49:43.080596
22024,1630174,0022401104,"Apr 02, 2025",IND vs. CHA,W,26,6,12,0.5,3,9,0.333,1,1,1.0,2,1,3,1,1,0,0,1,16,-7,1,1630174,PlayerGameLog,0,2025-08-10T12:49:43.080596
22024,1630174,0022401090,"Mar 31, 2025",IND vs. SAC,W,35,7,16,0.438,1,8,0.125,9,9,1.0,0,6,6,0,1,2,1,3,24,13,1,1630174,PlayerGameLog,0,2025-08-10T12:49:43.080596
22024,1630174,0022401079,"Mar 29, 2025",IND @ OKC,L,22,3,8,0.375,1,3,0.333,0,0,0.0,2,2,4,0,1,1,0,4,7,-7,1,1630174,PlayerGameLog,0,2025-08-10T12:49:43.080596
22024,1630174,0022401061,"Mar 27, 2025",IND @ WAS,W,19,4,7,0.571,3,5,0.6,0,0,0.0,1,3,4,0,0,0,2,2,11,12,1,1630174,PlayerGameLog,0,2025-08-10T12:49:43.080596
22024,1630174,0022401055,"Mar 26, 2025",IND vs. LAL,L,21,5,9,0.556,3,6,0.5,0,0,0.0,0,1,1,2,3,0,1,3,13,-7,1,1630174,PlayerGameLog,0,2025-08-10T12:49:43.080596
22024,1630174,0022401037,"Mar 24, 2025",IND vs. MIN,W,24,7,9,0.778,3,3,1.0,0,0,0.0,2,5,7,1,0,0,0,1,17,16,1,1630174,PlayerGameLog,0,2025-08-10T12:49:43.080596
22024,1630174,0022401024,"Mar 22, 2025",IND vs. BKN,W,22,2,6,0.333,2,4,0.5,0,0,0.0,1,2,3,1,0,1,2,1,6,4,1,1630174,PlayerGameLog,0,2025-08-10T12:49:43.080596
22024,1630174,0022401011,"Mar 20, 2025",IND vs. BKN,W,35,4,9,0.444,2,6,0.333,4,4,1.0,1,5,6,0,2,0,2,5,14,5,1,1630174,PlayerGameLog,0,2025-08-10T12:49:43.080596
22024,1630174,0022400998,"Mar 19, 2025",IND vs. DAL,W,35,6,9,0.667,3,5,0.6,3,3,1.0,0,5,5,2,1,0,2,4,18,3,1,1630174,PlayerGameLog,0,2025-08-10T12:49:43.080596
22024,1630174,0022400972,"Mar 15, 2025",IND @ MIL,L,36,11,16,0.688,6,7,0.857,2,2,1.0,2,2,4,2,1,0,0,3,30,27,1,1630174,PlayerGameLog,0,2025-08-10T12:49:43.080596
22024,1630174,0022400959,"Mar 14, 2025",IND @ PHI,W,28,6,11,0.545,3,6,0.5,1,2,0.5,1,2,3,2,1,0,0,3,16,23,1,1630174,PlayerGameLog,0,2025-08-10T12:49:43.080596
22024,1630174,0022400942,"Mar 11, 2025",IND vs. MIL,W,31,4,11,0.364,1,4,0.25,0,0,0.0,0,4,4,1,1,0,1,3,9,-13,1,1630174,PlayerGameLog,0,2025-08-10T12:49:43.080596
22024,1630174,0022400933,"Mar 10, 2025",IND @ CHI,L,23,3,9,0.333,3,7,0.429,0,0,0.0,1,4,5,2,1,1,0,1,9,-18,1,1630174,PlayerGameLog,0,2025-08-10T12:49:43.080596
22024,1630174,0022400914,"Mar 08, 2025",IND @ ATL,L,34,6,12,0.5,2,6,0.333,0,0,0.0,0,1,1,2,2,0,2,3,14,8,1,1630174,PlayerGameLog,0,2025-08-10T12:49:43.080596
22024,1630174,0022400899,"Mar 06, 2025",IND @ ATL,L,35,8,15,0.533,4,9,0.444,1,1,1.0,0,3,3,2,1,2,1,3,21,1,1,1630174,PlayerGameLog,0,2025-08-10T12:49:43.080596
22024,1630174,0022400882,"Mar 04, 2025",IND vs. HOU,W,34,7,13,0.538,1,6,0.167,1,1,1.0,0,5,5,0,1,0,0,2,16,18,1,1630174,PlayerGameLog,0,2025-08-10T12:49:43.080596
22024,1630174,0022400868,"Mar 02, 2025",IND vs. CHI,W,29,9,16,0.563,6,11,0.545,3,4,0.75,2,3,5,1,0,0,1,3,27,28,1,1630174,PlayerGameLog,0,2025-08-10T12:49:43.080596
22024,1630174,0022400854,"Feb 28, 2025",IND @ MIA,L,35,3,8,0.375,1,4,0.25,0,0,0.0,2,4,6,2,0,1,0,1,7,4,1,1630174,PlayerGameLog,0,2025-08-10T12:49:43.080596
22024,1630174,0022400837,"Feb 26, 2025",IND vs. TOR,W,24,5,9,0.556,2,5,0.4,0,0,0.0,1,4,5,3,0,0,4,3,12,10,1,1630174,PlayerGameLog,0,2025-08-10T12:49:43.080596
22024,1630174,0022400822,"Feb 24, 2025",IND vs. DEN,L,33,5,10,0.5,2,6,0.333,5,5,1.0,0,4,4,0,1,2,2,1,17,1,1,1630174,PlayerGameLog,0,2025-08-10T12:49:43.080596
22024,1630174,0022400813,"Feb 23, 2025",IND vs. LAC,W,25,7,11,0.636,2,5,0.4,3,3,1.0,2,4,6,1,0,0,0,2,19,17,1,1630174,PlayerGameLog,0,2025-08-10T12:49:43.080596
22024,1630174,0022400788,"Feb 20, 2025",IND vs. MEM,W,24,4,8,0.5,3,5,0.6,2,2,1.0,3,4,7,1,0,1,0,3,13,19,1,1630174,PlayerGameLog,0,2025-08-10T12:49:43.080596
22024,1630174,0022400771,"Feb 12, 2025",IND @ WAS,W,21,3,6,0.5,2,3,0.667,0,0,0.0,0,1,1,1,1,1,1,3,8,-14,1,1630174,PlayerGameLog,0,2025-08-10T12:49:43.080596
22024,1630174,0022400765,"Feb 11, 2025",IND vs. NYK,L,13,0,3,0.0,0,2,0.0,0,0,0.0,0,0,0,3,1,0,0,4,0,-9,1,1630174,PlayerGameLog,0,2025-08-10T12:49:43.080596
22024,1630174,0022400742,"Feb 08, 2025",IND @ LAL,L,21,3,9,0.333,0,6,0.0,0,0,0.0,1,4,5,2,1,0,1,2,6,7,1,1630174,PlayerGameLog,0,2025-08-10T12:49:43.080596
22024,1630174,0022400733,"Feb 06, 2025",IND @ LAC,W,21,0,3,0.0,0,2,0.0,4,4,1.0,0,3,3,3,0,0,0,0,4,-8,1,1630174,PlayerGameLog,0,2025-08-10T12:49:43.080596
22024,1630174,0022400716,"Feb 04, 2025",IND @ POR,L,17,2,5,0.4,1,2,0.5,0,0,0.0,0,0,0,2,2,0,1,1,5,-9,1,1630174,PlayerGameLog,0,2025-08-10T12:49:43.080596
22024,1630174,0022400707,"Feb 03, 2025",IND @ UTA,W,26,4,6,0.667,1,3,0.333,4,5,0.8,1,6,7,2,3,1,1,3,13,10,1,1630174,PlayerGameLog,0,2025-08-10T12:49:43.080596
22024,1630174,0022400686,"Feb 01, 2025",IND vs. ATL,W,23,4,8,0.5,2,5,0.4,3,3,1.0,0,2,2,1,0,0,0,4,13,21,1,1630174,PlayerGameLog,0,2025-08-10T12:49:43.080596
22024,1630174,0022400664,"Jan 29, 2025",IND vs. DET,W,32,0,4,0.0,0,2,0.0,0,0,0.0,1,2,3,2,0,1,0,2,0,20,1,1630174,PlayerGameLog,0,2025-08-10T12:49:43.080596
22024,1630174,0022400633,"Jan 25, 2025",IND @ SAS,W,21,4,7,0.571,1,3,0.333,0,0,0.0,1,4,5,2,0,0,2,3,9,22,1,1630174,PlayerGameLog,0,2025-08-10T12:49:43.080596
22024,1630174,0022400621,"Jan 23, 2025",IND vs. SAS,L,19,1,5,0.2,0,2,0.0,1,1,1.0,0,3,3,1,0,0,2,1,3,-18,1,1630174,PlayerGameLog,0,2025-08-10T12:49:43.080596
22024,1630174,0022400588,"Jan 18, 2025",IND vs. PHI,W,11,4,5,0.8,2,3,0.667,2,2,1.0,0,2,2,0,0,0,0,0,12,11,1,1630174,PlayerGameLog,0,2025-08-10T12:49:43.080596
22024,1630174,0022400572,"Jan 16, 2025",IND @ DET,W,9,3,4,0.75,2,3,0.667,1,1,1.0,0,1,1,0,0,0,0,1,9,4,1,1630174,PlayerGameLog,0,2025-08-10T12:49:43.080596
22024,1630174,0022400138,"Nov 01, 2024",IND @ NOP,L,10,5,5,1.0,2,2,1.0,0,0,0.0,0,1,1,1,0,0,1,0,12,7,1,1630174,PlayerGameLog,0,2025-08-10T12:49:43.080596
22024,1630174,0022400119,"Oct 30, 2024",IND vs. BOS,W,30,5,9,0.556,2,4,0.5,0,0,0.0,1,7,8,3,0,1,1,6,12,10,1,1630174,PlayerGameLog,0,2025-08-10T12:49:43.080596
22024,1630174,0022400102,"Oct 28, 2024",IND @ ORL,L,31,3,9,0.333,0,1,0.0,4,6,0.667,0,4,4,1,1,0,0,6,10,-10,1,1630174,PlayerGameLog,0,2025-08-10T12:49:43.080596
22024,1630174,0022400097,"Oct 27, 2024",IND vs. PHI,L,28,2,4,0.5,1,1,1.0,5,5,1.0,1,6,7,1,1,0,2,5,10,-1,1,1630174,PlayerGameLog,0,2025-08-10T12:49:43.080596
22024,1630174,0022400081,"Oct 25, 2024",IND @ NYK,L,18,2,5,0.4,0,1,0.0,0,0,0.0,1,1,2,0,0,0,1,3,4,-14,1,1630174,PlayerGameLog,0,2025-08-10T12:49:43.080596
22024,1630174,0022400063,"Oct 23, 2024",IND @ DET,W,19,2,4,0.5,1,2,0.5,2,2,1.0,1,1,2,0,2,1,0,4,7,-1,1,1630174,PlayerGameLog,0,2025-08-10T12:49:43.080596
22024,1630598,0022401196,"Apr 13, 2025",OKC @ NOP,W,37,8,18,0.444,2,6,0.333,10,10,1.0,2,5,7,7,2,0,1,4,28,21,1,1630598,PlayerGameLog,0,2025-08-10T12:49:43.837142
22024,1630598,0022401181,"Apr 11, 2025",OKC @ UTA,W,34,14,24,0.583,4,10,0.4,3,4,0.75,0,7,7,2,2,0,3,1,35,17,1,1630598,PlayerGameLog,0,2025-08-10T12:49:43.837142
22024,1630598,0022401164,"Apr 09, 2025",OKC @ PHX,W,33,8,16,0.5,1,3,0.333,0,0,0.0,2,3,5,3,1,0,3,2,17,7,1,1630598,PlayerGameLog,0,2025-08-10T12:49:43.837142
22024,1630598,0022401153,"Apr 08, 2025",OKC vs. LAL,W,13,1,4,0.25,1,4,0.25,0,0,0.0,0,4,4,2,0,0,1,2,3,8,1,1630598,PlayerGameLog,0,2025-08-10T12:49:43.837142
22024,1630598,0022401135,"Apr 06, 2025",OKC vs. LAL,L,21,1,6,0.167,0,3,0.0,2,4,0.5,1,4,5,1,0,0,1,1,4,-17,1,1630598,PlayerGameLog,0,2025-08-10T12:49:43.837142
22024,1630598,0022401123,"Apr 04, 2025",OKC @ HOU,L,19,2,6,0.333,2,5,0.4,2,2,1.0,0,3,3,0,0,0,1,1,8,-5,1,1630598,PlayerGameLog,0,2025-08-10T12:49:43.837142
22024,1630598,0022401036,"Mar 23, 2025",OKC @ LAC,W,26,8,17,0.471,3,8,0.375,0,0,0.0,1,2,3,1,0,0,1,4,19,-6,1,1630598,PlayerGameLog,0,2025-08-10T12:49:43.837142
22024,1630598,0022401017,"Mar 21, 2025",OKC vs. CHA,W,27,4,9,0.444,3,6,0.5,0,0,0.0,0,2,2,1,3,0,0,0,11,31,1,1630598,PlayerGameLog,0,2025-08-10T12:49:43.837142
22024,1630598,0022401002,"Mar 19, 2025",OKC vs. PHI,W,29,10,18,0.556,4,10,0.4,2,3,0.667,0,4,4,6,0,0,1,2,26,32,1,1630598,PlayerGameLog,0,2025-08-10T12:49:43.837142
22024,1630598,0022400982,"Mar 16, 2025",OKC @ MIL,W,19,3,8,0.375,1,4,0.25,2,2,1.0,2,2,4,3,0,1,0,0,9,9,1,1630598,PlayerGameLog,0,2025-08-10T12:49:43.837142
22024,1630598,0022400946,"Mar 12, 2025",OKC @ BOS,W,20,0,9,0.0,0,4,0.0,0,0,0.0,1,2,3,1,1,0,0,1,0,8,1,1630598,PlayerGameLog,0,2025-08-10T12:49:43.837142
22024,1630598,0022400936,"Mar 10, 2025",OKC vs. DEN,L,22,3,8,0.375,2,4,0.5,0,0,0.0,1,3,4,1,1,0,0,1,8,-9,1,1630598,PlayerGameLog,0,2025-08-10T12:49:43.837142
22024,1630598,0022400920,"Mar 09, 2025",OKC vs. DEN,W,18,2,5,0.4,0,2,0.0,0,0,0.0,0,7,7,1,1,0,1,0,4,12,1,1630598,PlayerGameLog,0,2025-08-10T12:49:43.837142
22024,1630598,0022400908,"Mar 07, 2025",OKC vs. POR,W,32,13,26,0.5,2,9,0.222,2,2,1.0,2,3,5,3,1,1,2,0,30,6,1,1630598,PlayerGameLog,0,2025-08-10T12:49:43.837142
22024,1630598,0022400895,"Mar 05, 2025",OKC @ MEM,W,30,6,9,0.667,3,4,0.75,1,2,0.5,0,1,1,3,1,0,0,0,16,20,1,1630598,PlayerGameLog,0,2025-08-10T12:49:43.837142
22024,1630598,0022400879,"Mar 03, 2025",OKC vs. HOU,W,25,3,9,0.333,2,5,0.4,0,0,0.0,2,5,7,2,1,0,2,1,8,-3,1,1630598,PlayerGameLog,0,2025-08-10T12:49:43.837142
22024,1630598,0022400871,"Mar 02, 2025",OKC @ SAS,W,24,6,12,0.5,5,8,0.625,0,2,0.0,0,3,3,2,1,0,2,2,17,10,1,1630598,PlayerGameLog,0,2025-08-10T12:49:43.837142
22024,1630598,0022400851,"Feb 28, 2025",OKC @ ATL,W,26,5,10,0.5,3,5,0.6,0,0,0.0,3,3,6,2,0,0,1,0,13,4,1,1630598,PlayerGameLog,0,2025-08-10T12:49:43.837142
22024,1630598,0022400840,"Feb 26, 2025",OKC @ BKN,W,29,11,19,0.579,2,7,0.286,0,0,0.0,2,3,5,3,0,0,1,1,24,26,1,1630598,PlayerGameLog,0,2025-08-10T12:49:43.837142
22024,1630598,0022400826,"Feb 24, 2025",OKC vs. MIN,L,29,8,16,0.5,1,6,0.167,2,2,1.0,3,4,7,0,2,1,0,4,19,-9,1,1630598,PlayerGameLog,0,2025-08-10T12:49:43.837142
22024,1630598,0022400820,"Feb 23, 2025",OKC @ MIN,W,19,4,6,0.667,4,4,1.0,3,4,0.75,0,0,0,0,0,1,1,2,15,8,1,1630598,PlayerGameLog,0,2025-08-10T12:49:43.837142
22024,1630598,0022400804,"Feb 21, 2025",OKC @ UTA,W,22,3,7,0.429,2,4,0.5,4,4,1.0,1,2,3,5,1,1,1,2,12,3,1,1630598,PlayerGameLog,0,2025-08-10T12:49:43.837142
22024,1630598,0022400787,"Feb 13, 2025",OKC @ MIN,L,19,4,8,0.5,2,4,0.5,0,0,0.0,0,3,3,1,0,1,0,2,10,-26,1,1630598,PlayerGameLog,0,2025-08-10T12:49:43.837142
22024,1630598,0022400778,"Feb 12, 2025",OKC vs. MIA,W,28,5,14,0.357,1,6,0.167,0,0,0.0,1,4,5,2,2,0,2,1,11,0,1,1630598,PlayerGameLog,0,2025-08-10T12:49:43.837142
22024,1630598,0022400761,"Feb 10, 2025",OKC vs. NOP,W,25,9,13,0.692,4,7,0.571,2,2,1.0,0,2,2,0,3,0,2,2,24,25,1,1630598,PlayerGameLog,0,2025-08-10T12:49:43.837142
22024,1630598,0022400746,"Feb 08, 2025",OKC @ MEM,W,38,9,18,0.5,8,13,0.615,0,0,0.0,2,9,11,2,0,0,0,1,26,15,1,1630598,PlayerGameLog,0,2025-08-10T12:49:43.837142
22024,1630598,0022400739,"Feb 07, 2025",OKC vs. TOR,W,33,7,14,0.5,1,5,0.2,3,3,1.0,1,2,3,2,1,1,0,0,18,9,1,1630598,PlayerGameLog,0,2025-08-10T12:49:43.837142
22024,1630598,0022400724,"Feb 05, 2025",OKC vs. PHX,W,25,6,8,0.75,1,2,0.5,4,4,1.0,4,2,6,1,1,0,0,2,17,26,1,1630598,PlayerGameLog,0,2025-08-10T12:49:43.837142
22024,1630598,0022400705,"Feb 03, 2025",OKC vs. MIL,W,26,6,9,0.667,1,2,0.5,0,0,0.0,0,1,1,4,1,0,1,0,13,24,1,1630598,PlayerGameLog,0,2025-08-10T12:49:43.837142
22024,1630598,0022400691,"Feb 01, 2025",OKC vs. SAC,W,40,16,30,0.533,6,14,0.429,3,4,0.75,6,8,14,3,0,0,2,2,41,31,1,1630598,PlayerGameLog,0,2025-08-10T12:49:43.837142
22024,1630598,0022400673,"Jan 29, 2025",OKC @ GSW,L,14,1,5,0.2,0,4,0.0,0,0,0.0,0,2,2,1,0,0,0,1,2,7,1,1630598,PlayerGameLog,0,2025-08-10T12:49:43.837142
22024,1630598,0022400647,"Jan 26, 2025",OKC @ POR,W,17,2,6,0.333,0,4,0.0,0,0,0.0,0,1,1,0,1,0,0,1,4,-8,1,1630598,PlayerGameLog,0,2025-08-10T12:49:43.837142
22024,1630598,0022400625,"Jan 23, 2025",OKC vs. DAL,L,28,4,11,0.364,0,6,0.0,1,2,0.5,1,2,3,1,0,0,1,1,9,-1,1,1630598,PlayerGameLog,0,2025-08-10T12:49:43.837142
22024,1630598,0022400618,"Jan 22, 2025",OKC vs. UTA,W,23,4,7,0.571,2,4,0.5,0,0,0.0,1,3,4,1,1,0,1,2,10,-4,1,1630598,PlayerGameLog,0,2025-08-10T12:49:43.837142
22024,1630598,0022400595,"Jan 19, 2025",OKC vs. BKN,W,26,6,11,0.545,0,4,0.0,0,0,0.0,1,2,3,5,0,0,2,0,12,8,1,1630598,PlayerGameLog,0,2025-08-10T12:49:43.837142
22024,1630598,0022400583,"Jan 17, 2025",OKC @ DAL,L,23,5,8,0.625,2,4,0.5,0,0,0.0,2,4,6,2,1,0,3,6,12,-5,1,1630598,PlayerGameLog,0,2025-08-10T12:49:43.837142
22024,1630598,0022400574,"Jan 16, 2025",OKC vs. CLE,W,33,2,8,0.25,0,1,0.0,0,0,0.0,2,3,5,3,0,0,1,1,4,8,1,1630598,PlayerGameLog,0,2025-08-10T12:49:43.837142
22024,1630598,0022400555,"Jan 14, 2025",OKC @ PHI,W,16,3,5,0.6,0,1,0.0,0,0,0.0,1,2,3,3,0,0,0,0,6,-12,1,1630598,PlayerGameLog,0,2025-08-10T12:49:43.837142
22024,1630598,0022400545,"Jan 12, 2025",OKC @ WAS,W,30,7,11,0.636,2,4,0.5,7,8,0.875,3,6,9,4,1,1,1,4,23,27,1,1630598,PlayerGameLog,0,2025-08-10T12:49:43.837142
22024,1630598,0022400529,"Jan 10, 2025",OKC @ NYK,W,22,4,4,1.0,0,0,0.0,0,0,0.0,1,4,5,1,1,0,0,0,8,25,1,1630598,PlayerGameLog,0,2025-08-10T12:49:43.837142
22024,1630598,0022400509,"Jan 08, 2025",OKC @ CLE,L,22,5,7,0.714,1,2,0.5,0,0,0.0,1,1,2,1,0,0,1,2,11,4,1,1630598,PlayerGameLog,0,2025-08-10T12:49:43.837142
22024,1630598,0022400487,"Jan 05, 2025",OKC vs. BOS,W,20,6,9,0.667,3,6,0.5,0,0,0.0,0,1,1,2,0,0,1,3,15,2,1,1630598,PlayerGameLog,0,2025-08-10T12:49:43.837142
22024,1630598,0022400473,"Jan 03, 2025",OKC vs. NYK,W,25,7,9,0.778,4,6,0.667,1,1,1.0,2,3,5,2,0,2,0,1,19,8,1,1630598,PlayerGameLog,0,2025-08-10T12:49:43.837142
22024,1630598,0022400466,"Jan 02, 2025",OKC vs. LAC,W,28,4,7,0.571,1,3,0.333,0,0,0.0,2,2,4,2,0,0,1,0,9,16,1,1630598,PlayerGameLog,0,2025-08-10T12:49:43.837142
22024,1630598,0022400452,"Dec 31, 2024",OKC vs. MIN,W,14,3,6,0.5,1,2,0.5,0,0,0.0,0,3,3,1,1,0,1,0,7,-8,1,1630598,PlayerGameLog,0,2025-08-10T12:49:43.837142
22024,1630598,0022400440,"Dec 29, 2024",OKC vs. MEM,W,24,6,13,0.462,1,5,0.2,3,3,1.0,0,3,3,0,2,0,0,0,16,3,1,1630598,PlayerGameLog,0,2025-08-10T12:49:43.837142
22024,1630598,0022400428,"Dec 28, 2024",OKC @ CHA,W,33,6,10,0.6,3,7,0.429,2,2,1.0,3,2,5,1,2,0,2,2,17,18,1,1630598,PlayerGameLog,0,2025-08-10T12:49:43.837142
22024,1630598,0022400410,"Dec 26, 2024",OKC @ IND,W,6,1,4,0.25,0,2,0.0,0,0,0.0,0,0,0,2,0,0,0,1,2,-3,1,1630598,PlayerGameLog,0,2025-08-10T12:49:43.837142
22024,1630598,0022400400,"Dec 23, 2024",OKC vs. WAS,W,14,3,8,0.375,1,5,0.2,0,0,0.0,0,1,1,0,0,0,3,0,7,-1,1,1630598,PlayerGameLog,0,2025-08-10T12:49:43.837142
22024,1630598,0022400375,"Dec 20, 2024",OKC @ MIA,W,13,1,3,0.333,1,3,0.333,0,0,0.0,0,3,3,0,0,0,0,0,3,2,1,1630598,PlayerGameLog,0,2025-08-10T12:49:43.837142
22024,1630598,0022400361,"Dec 19, 2024",OKC @ ORL,W,31,3,7,0.429,2,3,0.667,3,4,0.75,0,2,2,1,2,1,0,3,11,15,1,1630598,PlayerGameLog,0,2025-08-10T12:49:43.837142
22024,1630598,0022401230,"Dec 14, 2024",OKC vs. HOU,W,10,0,0,0.0,0,0,0.0,0,0,0.0,0,0,0,0,0,0,0,2,0,-2,1,1630598,PlayerGameLog,0,2025-08-10T12:49:43.837142
22024,1630598,0022401203,"Dec 10, 2024",OKC vs. DAL,W,9,1,2,0.5,1,2,0.5,0,0,0.0,0,0,0,0,1,0,1,1,3,8,1,1630598,PlayerGameLog,0,2025-08-10T12:49:43.837142
22024,1630598,0022400342,"Dec 07, 2024",OKC @ NOP,W,15,1,5,0.2,0,3,0.0,0,0,0.0,0,3,3,2,1,1,0,1,2,10,1,1630598,PlayerGameLog,0,2025-08-10T12:49:43.837142
22024,1630598,0022400328,"Dec 05, 2024",OKC @ TOR,W,20,5,11,0.455,2,6,0.333,0,0,0.0,0,3,3,2,2,0,1,0,12,29,1,1630598,PlayerGameLog,0,2025-08-10T12:49:43.837142
22024,1630598,0022400055,"Dec 03, 2024",OKC vs. UTA,W,22,6,11,0.545,2,5,0.4,2,2,1.0,2,2,4,1,3,1,3,2,16,15,1,1630598,PlayerGameLog,0,2025-08-10T12:49:43.837142
22024,1630598,0022400310,"Dec 01, 2024",OKC @ HOU,L,27,6,12,0.5,1,4,0.25,0,0,0.0,0,3,3,3,0,0,0,0,13,-5,1,1630598,PlayerGameLog,0,2025-08-10T12:49:43.837142
22024,1630598,0022400048,"Nov 29, 2024",OKC @ LAL,W,18,3,9,0.333,1,4,0.25,0,0,0.0,1,6,7,0,1,0,0,0,7,5,1,1630598,PlayerGameLog,0,2025-08-10T12:49:43.837142
22024,1630598,0022400299,"Nov 27, 2024",OKC @ GSW,W,14,3,5,0.6,1,2,0.5,0,0,0.0,0,1,1,0,0,0,1,0,7,6,1,1630598,PlayerGameLog,0,2025-08-10T12:49:43.837142
22024,1630598,0022400285,"Nov 25, 2024",OKC @ SAC,W,22,3,6,0.5,1,2,0.5,1,2,0.5,1,3,4,0,1,0,2,2,8,4,1,1630598,PlayerGameLog,0,2025-08-10T12:49:43.837142
22024,1630598,0022400256,"Nov 20, 2024",OKC vs. POR,W,15,2,6,0.333,1,4,0.25,0,0,0.0,2,0,2,0,0,0,1,1,5,-12,1,1630598,PlayerGameLog,0,2025-08-10T12:49:43.837142
22024,1630598,0022400025,"Nov 19, 2024",OKC @ SAS,L,20,4,10,0.4,3,7,0.429,0,0,0.0,0,3,3,0,1,0,2,2,11,-12,1,1630598,PlayerGameLog,0,2025-08-10T12:49:43.837142
22024,1630598,0022400242,"Nov 17, 2024",OKC vs. DAL,L,25,2,9,0.222,2,7,0.286,1,2,0.5,1,4,5,0,2,1,1,2,7,-9,1,1630598,PlayerGameLog,0,2025-08-10T12:49:43.837142
22024,1630598,0022400018,"Nov 15, 2024",OKC vs. PHX,W,20,2,5,0.4,1,1,1.0,3,4,0.75,1,0,1,2,0,0,0,3,8,13,1,1630598,PlayerGameLog,0,2025-08-10T12:49:43.837142
22024,1630598,0022400221,"Nov 13, 2024",OKC vs. NOP,W,24,4,11,0.364,2,6,0.333,0,0,0.0,3,2,5,3,0,0,1,2,10,13,1,1630598,PlayerGameLog,0,2025-08-10T12:49:43.837142
22024,1630598,0022400215,"Nov 11, 2024",OKC vs. LAC,W,29,4,6,0.667,2,4,0.5,0,0,0.0,2,2,4,4,0,1,1,1,10,17,1,1630598,PlayerGameLog,0,2025-08-10T12:49:43.837142
22024,1630598,0022400207,"Nov 10, 2024",OKC vs. GSW,L,18,3,8,0.375,3,4,0.75,0,0,0.0,1,1,2,3,0,0,1,2,9,-18,1,1630598,PlayerGameLog,0,2025-08-10T12:49:43.837142
22024,1630598,0022400192,"Nov 08, 2024",OKC vs. HOU,W,30,3,9,0.333,2,3,0.667,0,0,0.0,1,4,5,5,1,1,0,1,8,14,1,1630598,PlayerGameLog,0,2025-08-10T12:49:43.837142
22024,1630598,0022400177,"Nov 06, 2024",OKC @ DEN,L,17,5,9,0.556,2,4,0.5,1,1,1.0,1,1,2,1,0,0,0,0,13,11,1,1630598,PlayerGameLog,0,2025-08-10T12:49:43.837142
22024,1630598,0022400163,"Nov 04, 2024",OKC vs. ORL,W,17,4,9,0.444,1,3,0.333,2,2,1.0,2,3,5,1,3,0,0,1,11,8,1,1630598,PlayerGameLog,0,2025-08-10T12:49:43.837142
22024,1630598,0022400150,"Nov 02, 2024",OKC @ LAC,W,30,5,12,0.417,2,4,0.5,0,0,0.0,0,5,5,2,3,0,0,1,12,15,1,1630598,PlayerGameLog,0,2025-08-10T12:49:43.837142
22024,1630598,0022400140,"Nov 01, 2024",OKC @ POR,W,23,5,10,0.5,3,5,0.6,0,0,0.0,4,4,8,2,1,0,1,1,13,1,1,1630598,PlayerGameLog,0,2025-08-10T12:49:43.837142
22024,1630598,0022400125,"Oct 30, 2024",OKC vs. SAS,W,18,2,8,0.25,0,3,0.0,0,0,0.0,0,3,3,3,0,0,1,0,4,7,1,1630598,PlayerGameLog,0,2025-08-10T12:49:43.837142
22024,1630598,0022400100,"Oct 27, 2024",OKC vs. ATL,W,18,3,4,0.75,1,2,0.5,2,2,1.0,1,0,1,1,1,0,1,1,9,-5,1,1630598,PlayerGameLog,0,2025-08-10T12:49:43.837142
22024,1630598,0022400091,"Oct 26, 2024",OKC @ CHI,W,16,4,7,0.571,0,2,0.0,0,0,0.0,1,2,3,1,1,0,2,5,8,17,1,1630598,PlayerGameLog,0,2025-08-10T12:49:43.837142
22024,1630598,0022400075,"Oct 24, 2024",OKC @ DEN,W,20,7,9,0.778,1,2,0.5,0,0,0.0,0,6,6,1,0,2,1,1,15,6,1,1630598,PlayerGameLog,0,2025-08-10T12:49:43.837142
22024,1641745,0022401196,"Apr 13, 2025",OKC @ NOP,W,22,1,7,0.143,0,5,0.0,0,0,0.0,0,1,1,0,0,0,0,1,2,5,1,1641745,PlayerGameLog,0,2025-08-10T12:49:44.650627
22024,1641745,0022401181,"Apr 11, 2025",OKC @ UTA,W,27,6,13,0.462,4,9,0.444,1,2,0.5,0,6,6,4,1,0,1,1,17,19,1,1641745,PlayerGameLog,0,2025-08-10T12:49:44.650627
22024,1641745,0022401164,"Apr 09, 2025",OKC @ PHX,W,8,1,2,0.5,0,1,0.0,0,0,0.0,0,1,1,0,0,0,0,1,2,-4,1,1641745,PlayerGameLog,0,2025-08-10T12:49:44.650627
22024,1641745,0022401153,"Apr 08, 2025",OKC vs. LAL,W,2,0,1,0.0,0,1,0.0,0,0,0.0,0,0,0,0,0,0,0,0,0,-1,1,1641745,PlayerGameLog,0,2025-08-10T12:49:44.650627
22024,1641745,0022401108,"Apr 02, 2025",OKC vs. DET,W,0,0,0,0.0,0,0,0.0,0,0,0.0,0,0,0,0,0,0,0,0,0,0,1,1641745,PlayerGameLog,0,2025-08-10T12:49:44.650627
22024,1641745,0022401079,"Mar 29, 2025",OKC vs. IND,W,5,0,1,0.0,0,1,0.0,0,0,0.0,1,1,2,0,0,0,0,0,0,-4,1,1641745,PlayerGameLog,0,2025-08-10T12:49:44.650627
22024,1641745,0022401064,"Mar 27, 2025",OKC vs. MEM,W,2,0,1,0.0,0,0,0.0,0,0,0.0,1,0,1,0,0,0,0,0,0,1,1,1641745,PlayerGameLog,0,2025-08-10T12:49:44.650627
22024,1641745,0022401052,"Mar 25, 2025",OKC @ SAC,W,2,0,1,0.0,0,0,0.0,0,0,0.0,0,0,0,0,0,0,0,0,0,-9,1,1641745,PlayerGameLog,0,2025-08-10T12:49:44.650627
22024,1641745,0022401017,"Mar 21, 2025",OKC vs. CHA,W,7,2,3,0.667,1,2,0.5,0,0,0.0,1,1,2,4,0,0,0,0,5,5,1,1641745,PlayerGameLog,0,2025-08-10T12:49:44.650627
22024,1641745,0022401002,"Mar 19, 2025",OKC vs. PHI,W,23,2,9,0.222,1,6,0.167,0,0,0.0,1,3,4,4,2,1,2,1,5,14,1,1641745,PlayerGameLog,0,2025-08-10T12:49:44.650627
22024,1641745,0022400982,"Mar 16, 2025",OKC @ MIL,W,1,0,1,0.0,0,1,0.0,0,0,0.0,0,1,1,0,0,0,0,1,0,1,1,1641745,PlayerGameLog,0,2025-08-10T12:49:44.650627
22024,1641745,0022400969,"Mar 15, 2025",OKC @ DET,W,0,0,0,0.0,0,0,0.0,0,0,0.0,0,0,0,0,0,0,0,0,0,0,1,1641745,PlayerGameLog,0,2025-08-10T12:49:44.650627
22024,1641745,0022400908,"Mar 07, 2025",OKC vs. POR,W,8,0,1,0.0,0,1,0.0,0,0,0.0,0,1,1,0,0,0,0,1,0,-7,1,1641745,PlayerGameLog,0,2025-08-10T12:49:44.650627
22024,1641745,0022400895,"Mar 05, 2025",OKC @ MEM,W,2,0,0,0.0,0,0,0.0,0,0,0.0,0,0,0,0,0,0,0,1,0,-2,1,1641745,PlayerGameLog,0,2025-08-10T12:49:44.650627
22024,1641745,0022400851,"Feb 28, 2025",OKC @ ATL,W,1,1,1,1.0,1,1,1.0,0,0,0.0,0,0,0,0,0,0,0,0,3,3,1,1641745,PlayerGameLog,0,2025-08-10T12:49:44.650627
22024,1641745,0022400787,"Feb 13, 2025",OKC @ MIN,L,4,1,3,0.333,0,2,0.0,0,0,0.0,0,0,0,0,0,1,0,0,2,2,1,1641745,PlayerGameLog,0,2025-08-10T12:49:44.650627
22024,1641745,0022400761,"Feb 10, 2025",OKC vs. NOP,W,6,2,5,0.4,1,4,0.25,0,0,0.0,0,0,0,0,0,0,0,1,5,4,1,1641745,PlayerGameLog,0,2025-08-10T12:49:44.650627
22024,1641745,0022400746,"Feb 08, 2025",OKC @ MEM,W,1,0,0,0.0,0,0,0.0,0,0,0.0,0,0,0,0,0,0,0,0,0,0,1,1641745,PlayerGameLog,0,2025-08-10T12:49:44.650627
22024,1641745,0022400739,"Feb 07, 2025",OKC vs. TOR,W,2,0,0,0.0,0,0,0.0,0,0,0.0,0,0,0,0,0,0,0,0,0,-5,1,1641745,PlayerGameLog,0,2025-08-10T12:49:44.650627
22024,1641745,0022400724,"Feb 05, 2025",OKC vs. PHX,W,6,3,4,0.75,1,2,0.5,0,0,0.0,0,0,0,0,1,0,0,1,7,-5,1,1641745,PlayerGameLog,0,2025-08-10T12:49:44.650627
22024,1641745,0022400705,"Feb 03, 2025",OKC vs. MIL,W,12,1,11,0.091,0,8,0.0,0,0,0.0,0,0,0,0,2,0,0,0,2,-12,1,1641745,PlayerGameLog,0,2025-08-10T12:49:44.650627
22024,1641745,0022400691,"Feb 01, 2025",OKC vs. SAC,W,6,0,1,0.0,0,0,0.0,0,0,0.0,0,0,0,0,0,0,0,0,0,1,1,1641745,PlayerGameLog,0,2025-08-10T12:49:44.650627
22024,1641745,0022400618,"Jan 22, 2025",OKC vs. UTA,W,2,0,0,0.0,0,0,0.0,0,0,0.0,0,0,0,0,0,0,0,0,0,4,1,1641745,PlayerGameLog,0,2025-08-10T12:49:44.650627
22024,1641745,0022400595,"Jan 19, 2025",OKC vs. BKN,W,7,0,2,0.0,0,1,0.0,0,0,0.0,1,1,2,0,0,0,1,2,0,-1,1,1641745,PlayerGameLog,0,2025-08-10T12:49:44.650627
22024,1641745,0022400583,"Jan 17, 2025",OKC @ DAL,L,0,0,0,0.0,0,0,0.0,0,0,0.0,0,0,0,0,0,0,0,0,0,0,1,1641745,PlayerGameLog,0,2025-08-10T12:49:44.650627
22024,1641745,0022400574,"Jan 16, 2025",OKC vs. CLE,W,7,0,9,0.0,0,8,0.0,0,0,0.0,0,0,0,0,0,1,0,0,0,-12,1,1641745,PlayerGameLog,0,2025-08-10T12:49:44.650627
22024,1641745,0022400328,"Dec 05, 2024",OKC @ TOR,W,6,0,1,0.0,0,1,0.0,0,0,0.0,1,0,1,0,0,0,0,0,0,12,1,1641745,PlayerGameLog,0,2025-08-10T12:49:44.650627
22024,1641745,0022400055,"Dec 03, 2024",OKC vs. UTA,W,4,1,4,0.25,1,4,0.25,0,0,0.0,0,0,0,0,0,0,0,0,3,1,1,1641745,PlayerGameLog,0,2025-08-10T12:49:44.650627
22024,1641745,0022400285,"Nov 25, 2024",OKC @ SAC,W,3,0,2,0.0,0,2,0.0,0,0,0.0,0,1,1,0,0,0,0,0,0,0,1,1641745,PlayerGameLog,0,2025-08-10T12:49:44.650627
22024,1641745,0022400256,"Nov 20, 2024",OKC vs. POR,W,1,0,0,0.0,0,0,0.0,0,0,0.0,0,0,0,0,0,0,0,0,0,0,1,1641745,PlayerGameLog,0,2025-08-10T12:49:44.650627
22024,1641745,0022400025,"Nov 19, 2024",OKC @ SAS,L,11,1,8,0.125,1,7,0.143,0,0,0.0,1,1,2,0,1,0,0,1,3,6,1,1641745,PlayerGameLog,0,2025-08-10T12:49:44.650627
22024,1641745,0022400018,"Nov 15, 2024",OKC vs. PHX,W,4,0,2,0.0,0,2,0.0,0,0,0.0,0,1,1,0,0,0,0,1,0,-5,1,1641745,PlayerGameLog,0,2025-08-10T12:49:44.650627
22024,1641745,0022400221,"Nov 13, 2024",OKC vs. NOP,W,3,1,1,1.0,1,1,1.0,0,0,0.0,0,0,0,0,0,0,0,0,3,-4,1,1641745,PlayerGameLog,0,2025-08-10T12:49:44.650627
22024,1641745,0022400125,"Oct 30, 2024",OKC vs. SAS,W,1,0,0,0.0,0,0,0.0,0,0,0.0,0,0,0,0,0,0,0,1,0,-3,1,1641745,PlayerGameLog,0,2025-08-10T12:49:44.650627
22024,1641745,0022400100,"Oct 27, 2024",OKC vs. ATL,W,2,1,1,1.0,1,1,1.0,0,0,0.0,0,1,1,0,0,0,0,0,3,3,1,1641745,PlayerGameLog,0,2025-08-10T12:49:44.650627
22024,1641745,0022400091,"Oct 26, 2024",OKC @ CHI,W,3,1,1,1.0,1,1,1.0,0,0,0.0,0,0,0,0,1,0,0,1,3,0,1,1641745,PlayerGameLog,0,2025-08-10T12:49:44.650627
22024,1641745,0022400075,"Oct 24, 2024",OKC @ DEN,W,1,0,0,0.0,0,0,0.0,0,0,0.0,0,0,0,0,0,0,0,0,0,0,1,1641745,PlayerGameLog,0,2025-08-10T12:49:44.650627
22024,1641766,0022401212,"Dec 13, 2024",CHI vs. CHA,W,8,1,2,0.5,0,0,0.0,0,0,0.0,3,1,4,0,0,0,0,0,2,2,1,1641766,PlayerGameLog,0,2025-08-10T12:49:45.415342
22024,1641766,0022400212,"Nov 11, 2024",CHI vs. CLE,L,5,1,1,1.0,0,0,0.0,0,0,0.0,1,0,1,0,0,0,1,0,2,-1,1,1641766,PlayerGameLog,0,2025-08-10T12:49:45.415342
22024,1641766,0022400136,"Nov 01, 2024",CHI @ BKN,L,0,0,0,0.0,0,0,0.0,0,0,0.0,0,0,0,0,0,0,0,0,0,0,1,1641766,PlayerGameLog,0,2025-08-10T12:49:45.415342
22024,1641766,0022400123,"Oct 30, 2024",CHI vs. ORL,W,9,2,4,0.5,0,0,0.0,0,0,0.0,1,0,1,1,0,0,0,1,4,-6,1,1641766,PlayerGameLog,0,2025-08-10T12:49:45.415342
22024,1641737,0022401191,"Apr 13, 2025",PHI vs. CHI,L,33,6,9,0.667,0,0,0.0,4,6,0.667,2,7,9,0,1,2,1,3,16,-17,2,1641737,PlayerGameLog,0,2025-08-10T12:49:46.097477
22024,1641737,0022401173,"Apr 11, 2025",PHI vs. ATL,L,30,8,9,0.889,0,0,0.0,2,4,0.5,3,3,6,1,1,3,3,2,18,-4,2,1641737,PlayerGameLog,0,2025-08-10T12:49:46.097477
22024,1641737,0022401157,"Apr 09, 2025",PHI @ WAS,W,32,6,8,0.75,0,1,0.0,5,7,0.714,3,6,9,0,0,2,4,2,17,-4,1,1641737,PlayerGameLog,0,2025-08-10T12:49:46.097477
22024,1641737,0022401145,"Apr 07, 2025",PHI @ MIA,L,35,7,11,0.636,0,0,0.0,2,4,0.5,5,6,11,1,1,2,4,3,16,-8,1,1641737,PlayerGameLog,0,2025-08-10T12:49:46.097477
22024,1641737,0022401130,"Apr 05, 2025",PHI vs. MIN,L,24,2,5,0.4,0,0,0.0,0,0,0.0,4,6,10,2,1,1,0,5,4,-3,1,1641737,PlayerGameLog,0,2025-08-10T12:49:46.097477
22024,1641737,0022401115,"Apr 03, 2025",PHI vs. MIL,L,35,13,15,0.867,0,0,0.0,2,3,0.667,3,3,6,0,2,3,3,5,28,-8,1,1641737,PlayerGameLog,0,2025-08-10T12:49:46.097477
22024,1641737,0022401098,"Apr 01, 2025",PHI @ NYK,L,32,3,5,0.6,0,0,0.0,3,6,0.5,3,5,8,2,2,3,4,5,9,-10,1,1641737,PlayerGameLog,0,2025-08-10T12:49:46.097477
22024,1641737,0022401087,"Mar 30, 2025",PHI vs. TOR,L,27,5,7,0.714,0,0,0.0,4,4,1.0,2,6,8,0,1,5,5,2,14,-17,1,1641737,PlayerGameLog,0,2025-08-10T12:49:46.097477
22024,1641737,0022401076,"Mar 29, 2025",PHI vs. MIA,L,30,8,9,0.889,0,0,0.0,0,0,0.0,2,8,10,1,1,3,3,2,16,-5,1,1641737,PlayerGameLog,0,2025-08-10T12:49:46.097477
22024,1641737,0022401053,"Mar 26, 2025",PHI vs. WAS,L,23,3,6,0.5,0,0,0.0,0,0,0.0,3,3,6,3,0,3,0,3,6,-4,1,1641737,PlayerGameLog,0,2025-08-10T12:49:46.097477
22024,1641737,0022401041,"Mar 24, 2025",PHI @ NOP,L,19,3,4,0.75,0,0,0.0,0,0,0.0,2,5,7,1,2,1,0,2,6,-13,1,1641737,PlayerGameLog,0,2025-08-10T12:49:46.097477
22024,1641737,0022400959,"Mar 14, 2025",PHI vs. IND,L,34,5,8,0.625,0,0,0.0,6,7,0.857,4,5,9,0,2,1,2,5,16,-8,1,1641737,PlayerGameLog,0,2025-08-10T12:49:46.097477
22024,1641737,0022400947,"Mar 12, 2025",PHI @ TOR,L,23,5,7,0.714,0,0,0.0,3,4,0.75,4,5,9,1,1,2,0,1,13,12,1,1641737,PlayerGameLog,0,2025-08-10T12:49:46.097477
22024,1641737,0022400928,"Mar 10, 2025",PHI @ ATL,L,24,5,5,1.0,0,0,0.0,2,2,1.0,1,1,2,1,0,1,0,2,12,-12,1,1641737,PlayerGameLog,0,2025-08-10T12:49:46.097477
22024,1641737,0022400924,"Mar 09, 2025",PHI vs. UTA,W,32,7,13,0.538,0,0,0.0,0,0,0.0,7,8,15,1,2,5,3,2,14,22,1,1641737,PlayerGameLog,0,2025-08-10T12:49:46.097477
22024,1641737,0022400900,"Mar 06, 2025",PHI @ BOS,L,13,3,5,0.6,0,0,0.0,0,0,0.0,2,0,2,1,0,1,1,0,6,-4,1,1641737,PlayerGameLog,0,2025-08-10T12:49:46.097477
22024,1641737,0022400887,"Mar 04, 2025",PHI @ MIN,L,8,0,0,0.0,0,0,0.0,1,2,0.5,0,1,1,1,1,0,0,1,1,5,1,1641737,PlayerGameLog,0,2025-08-10T12:49:46.097477
22024,1641737,0022400876,"Mar 03, 2025",PHI vs. POR,L,7,2,3,0.667,0,0,0.0,2,3,0.667,1,1,2,0,0,1,1,1,6,-8,1,1641737,PlayerGameLog,0,2025-08-10T12:49:46.097477
22024,1641737,0022400838,"Feb 26, 2025",PHI @ NYK,L,17,2,2,1.0,0,0,0.0,1,2,0.5,1,4,5,0,1,1,1,5,5,-3,1,1641737,PlayerGameLog,0,2025-08-10T12:49:46.097477
22024,1641737,0022400823,"Feb 24, 2025",PHI vs. CHI,L,17,1,2,0.5,0,0,0.0,2,2,1.0,2,4,6,0,0,1,1,4,4,4,1,1641737,PlayerGameLog,0,2025-08-10T12:49:46.097477
22024,1641737,0022400789,"Feb 20, 2025",PHI vs. BOS,L,1,0,0,0.0,0,0,0.0,0,0,0.0,0,0,0,0,0,0,0,0,0,2,1,1641737,PlayerGameLog,0,2025-08-10T12:49:46.097477
22024,1641737,0022400772,"Feb 12, 2025",PHI @ BKN,L,17,1,2,0.5,0,0,0.0,0,0,0.0,1,1,2,0,0,1,1,2,2,0,1,1641737,PlayerGameLog,0,2025-08-10T12:49:46.097477
22024,1641737,0022400738,"Feb 07, 2025",PHI @ DET,L,11,1,1,1.0,0,0,0.0,0,0,0.0,0,1,1,0,0,1,1,3,2,-1,1,1641737,PlayerGameLog,0,2025-08-10T12:49:46.097477
22024,1641737,0022400721,"Feb 05, 2025",PHI vs. MIA,L,18,4,5,0.8,0,0,0.0,3,4,0.75,3,2,5,0,1,0,0,0,11,9,1,1641737,PlayerGameLog,0,2025-08-10T12:49:46.097477
22024,1641737,0022400712,"Feb 04, 2025",PHI vs. DAL,W,8,1,1,1.0,0,0,0.0,0,0,0.0,0,1,1,1,0,1,0,3,2,1,1,1641737,PlayerGameLog,0,2025-08-10T12:49:46.097477
22024,1641737,0022400698,"Feb 02, 2025",PHI vs. BOS,L,12,1,1,1.0,0,0,0.0,0,0,0.0,2,3,5,0,1,1,2,2,2,2,1,1641737,PlayerGameLog,0,2025-08-10T12:49:46.097477
22024,1641737,0022400681,"Jan 31, 2025",PHI vs. DEN,L,12,1,2,0.5,0,0,0.0,0,0,0.0,1,0,1,0,0,1,0,1,2,-5,1,1641737,PlayerGameLog,0,2025-08-10T12:49:46.097477
22024,1641737,0022400669,"Jan 29, 2025",PHI vs. SAC,W,19,2,2,1.0,0,0,0.0,1,2,0.5,1,6,7,1,0,0,2,3,5,4,1,1641737,PlayerGameLog,0,2025-08-10T12:49:46.097477
22024,1641737,0022400660,"Jan 28, 2025",PHI vs. LAL,W,20,1,5,0.2,0,0,0.0,2,5,0.4,5,1,6,1,0,3,1,5,4,2,1,1641737,PlayerGameLog,0,2025-08-10T12:49:46.097477
22024,1641737,0022400642,"Jan 25, 2025",PHI @ CHI,W,19,2,3,0.667,0,0,0.0,0,0,0.0,0,7,7,1,0,1,0,5,4,2,1,1641737,PlayerGameLog,0,2025-08-10T12:49:46.097477
22024,1641737,0022400631,"Jan 24, 2025",PHI vs. CLE,W,10,1,1,1.0,0,0,0.0,2,2,1.0,1,1,2,0,1,0,1,0,4,5,1,1641737,PlayerGameLog,0,2025-08-10T12:49:46.097477
22024,1641737,0022400609,"Jan 21, 2025",PHI @ DEN,L,16,1,3,0.333,0,0,0.0,1,2,0.5,2,1,3,1,1,2,0,3,3,-18,1,1641737,PlayerGameLog,0,2025-08-10T12:49:46.097477
22024,1641737,0022400594,"Jan 19, 2025",PHI @ MIL,L,24,4,4,1.0,0,0,0.0,2,6,0.333,1,5,6,0,1,1,1,6,10,-12,1,1641737,PlayerGameLog,0,2025-08-10T12:49:46.097477
22024,1641737,0022400588,"Jan 18, 2025",PHI @ IND,L,19,5,5,1.0,0,0,0.0,2,3,0.667,4,2,6,1,0,0,0,0,12,-4,1,1641737,PlayerGameLog,0,2025-08-10T12:49:46.097477
22024,1641737,0022400561,"Jan 15, 2025",PHI vs. NYK,L,15,1,1,1.0,0,0,0.0,0,0,0.0,3,3,6,0,0,0,1,3,2,4,1,1641737,PlayerGameLog,0,2025-08-10T12:49:46.097477
22024,1641737,0022400555,"Jan 14, 2025",PHI vs. OKC,L,17,3,3,1.0,0,0,0.0,1,1,1.0,1,2,3,0,0,0,3,3,7,-3,1,1641737,PlayerGameLog,0,2025-08-10T12:49:46.097477
22024,1641737,0022400544,"Jan 12, 2025",PHI @ ORL,L,15,0,0,0.0,0,0,0.0,0,0,0.0,0,0,0,0,1,1,1,1,0,4,1,1641737,PlayerGameLog,0,2025-08-10T12:49:46.097477
22024,1641737,0022400527,"Jan 10, 2025",PHI vs. NOP,L,14,0,0,0.0,0,0,0.0,0,0,0.0,1,1,2,0,0,2,1,4,0,-10,1,1641737,PlayerGameLog,0,2025-08-10T12:49:46.097477
22024,1641737,0022400512,"Jan 08, 2025",PHI vs. WAS,W,14,0,1,0.0,0,0,0.0,2,2,1.0,2,1,3,2,0,3,0,2,2,-10,1,1641737,PlayerGameLog,0,2025-08-10T12:49:46.097477
22024,1641737,0022400494,"Jan 06, 2025",PHI vs. PHX,L,11,1,2,0.5,0,0,0.0,2,4,0.5,1,4,5,0,0,1,1,3,4,-4,1,1641737,PlayerGameLog,0,2025-08-10T12:49:46.097477
22024,1641737,0022400478,"Jan 04, 2025",PHI @ BKN,W,7,2,2,1.0,0,0,0.0,2,4,0.5,0,3,3,1,0,1,2,1,6,3,1,1641737,PlayerGameLog,0,2025-08-10T12:49:46.097477
22024,1641737,0022400467,"Jan 02, 2025",PHI @ GSW,L,9,0,1,0.0,0,0,0.0,0,0,0.0,0,3,3,0,1,2,1,2,0,-4,1,1641737,PlayerGameLog,0,2025-08-10T12:49:46.097477
22024,1641737,0022400447,"Dec 30, 2024",PHI @ POR,W,4,0,0,0.0,0,0,0.0,2,2,1.0,0,0,0,1,0,0,0,2,2,-3,1,1641737,PlayerGameLog,0,2025-08-10T12:49:46.097477
22024,1641737,0022400380,"Dec 21, 2024",PHI @ CLE,L,12,1,1,1.0,0,0,0.0,1,1,1.0,1,2,3,1,0,0,0,1,3,-4,1,1641737,PlayerGameLog,0,2025-08-10T12:49:46.097477
22024,1641737,0022400322,"Dec 04, 2024",PHI vs. ORL,L,14,0,3,0.0,0,0,0.0,0,0,0.0,2,1,3,0,0,0,0,2,0,-12,1,1641737,PlayerGameLog,0,2025-08-10T12:49:46.097477
22024,1641737,0022400050,"Dec 03, 2024",PHI @ CHA,W,14,2,2,1.0,0,0,0.0,2,2,1.0,0,1,1,0,0,0,2,2,6,4,1,1641737,PlayerGameLog,0,2025-08-10T12:49:46.097477
22024,1641737,0022400301,"Nov 30, 2024",PHI @ DET,W,20,1,2,0.5,0,0,0.0,2,3,0.667,1,4,5,0,0,3,2,4,4,9,1,1641737,PlayerGameLog,0,2025-08-10T12:49:46.097477
22024,1641737,0022400274,"Nov 24, 2024",PHI vs. LAC,L,9,0,0,0.0,0,0,0.0,0,0,0.0,0,2,2,0,0,0,0,2,0,-5,1,1641737,PlayerGameLog,0,2025-08-10T12:49:46.097477
22024,1641737,0022400245,"Nov 18, 2024",PHI @ MIA,L,1,0,0,0.0,0,0,0.0,0,0,0.0,0,0,0,0,0,0,0,0,0,0,1,1641737,PlayerGameLog,0,2025-08-10T12:49:46.097477
22024,1641737,0022400010,"Nov 15, 2024",PHI @ ORL,L,1,0,0,0.0,0,0,0.0,0,0,0.0,0,1,1,0,0,0,0,0,0,1,1,1641737,PlayerGameLog,0,2025-08-10T12:49:46.097477
22024,1641737,0022400220,"Nov 13, 2024",PHI vs. CLE,L,17,2,3,0.667,0,0,0.0,0,0,0.0,3,6,9,0,0,1,1,3,4,-4,1,1641737,PlayerGameLog,0,2025-08-10T12:49:46.097477
22024,1641737,0022400004,"Nov 12, 2024",PHI vs. NYK,L,1,0,0,0.0,0,0,0.0,0,0,0.0,0,0,0,0,0,0,0,0,0,0,1,1641737,PlayerGameLog,0,2025-08-10T12:49:46.097477
22024,1641737,0022400195,"Nov 08, 2024",PHI @ LAL,L,2,1,1,1.0,0,0,0.0,1,1,1.0,0,1,1,0,0,1,0,0,3,4,1,1641737,PlayerGameLog,0,2025-08-10T12:49:46.097477
22024,1641737,0022400179,"Nov 06, 2024",PHI @ LAC,L,4,0,0,0.0,0,0,0.0,0,0,0.0,0,0,0,0,0,0,0,0,0,7,1,1641737,PlayerGameLog,0,2025-08-10T12:49:46.097477
22024,1641737,0022400142,"Nov 02, 2024",PHI vs. MEM,L,1,1,1,1.0,0,0,0.0,0,0,0.0,1,0,1,0,0,0,1,0,2,-1,1,1641737,PlayerGameLog,0,2025-08-10T12:49:46.097477
22024,1641737,0022400120,"Oct 30, 2024",PHI vs. DET,L,3,0,0,0.0,0,0,0.0,0,0,0.0,0,0,0,0,0,1,0,0,0,7,1,1641737,PlayerGameLog,0,2025-08-10T12:49:46.097477
22024,1641737,0022400078,"Oct 25, 2024",PHI @ TOR,L,1,0,0,0.0,0,0,0.0,0,0,0.0,0,0,0,0,0,0,0,1,0,0,1,1641737,PlayerGameLog,0,2025-08-10T12:49:46.097477
22024,1641737,0022400066,"Oct 23, 2024",PHI vs. MIL,L,3,1,1,1.0,0,0,0.0,0,0,0.0,1,0,1,0,0,0,0,1,2,3,1,1641737,PlayerGameLog,0,2025-08-10T12:49:46.097477
