GROUP_SET,GROUP_VALUE,GP,W,L,W_PCT,MIN,FGM,FGA,FG_PCT,FG3M,FG3A,FG3_PCT,FTM,FTA,FT_PCT,OREB,DREB,REB,AST,TOV,STL,BLK,BLKA,PF,PFD,PTS,PLUS_MINUS,NBA_FANTASY_PTS,DD2,TD3,WNBA_FANTASY_PTS,GP_RANK,W_RANK,L_RANK,W_PCT_RANK,MIN_RANK,FGM_RANK,FGA_RANK,FG_PCT_RANK,FG3M_RANK,FG3A_RANK,FG3_PCT_RANK,FTM_RANK,FTA_RANK,FT_PCT_RANK,OREB_RANK,DREB_RANK,REB_RANK,AST_RANK,TOV_RANK,STL_RANK,BLK_RANK,BLKA_RANK,PF_RANK,PFD_RANK,PTS_RANK,PLUS_MINUS_RANK,NBA_FANTASY_PTS_RANK,DD2_RANK,TD3_RANK,WNBA_FANTASY_PTS_RANK,TEAM_COUNT,player_id,endpoint,dataframe_index,collection_timestamp,GROUP_VALUE_ORDER,GROUP_VALUE_2
Overall,2024,5,1,4,0.2,138.83166666666668,31,66,0.47,8,28,0.286,22,31,0.71,3,22,25,8,6,6,1,5,8,20,92,-19,149.0,0,0,147.0,2,2,1,2,2,2,2,1,2,2,2,2,2,1,2,2,2,2,2,2,2,1,1,2,2,2,2,2,1,2,1,1630639,PlayerDashboardByTeamPerformance,0,2025-08-10T12:53:24.616763,,
Overall,2024-25,49,26,23,0.531,1226.5216666666668,232,540,0.43,88,246,0.358,89,134,0.664,36,157,193,85,61,42,12,38,105,121,673,7,1133.1,2,0,1147.0,1,1,2,1,1,1,1,2,1,1,1,1,1,2,1,1,1,1,1,1,1,2,2,1,1,1,1,1,1,1,2,1630639,PlayerDashboardByTeamPerformance,0,2025-08-10T12:53:24.616763,,
Score Differential,W,7,7,0,1.0,201.10333333333332,39,92,0.424,19,46,0.413,19,31,0.613,8,23,31,13,7,8,1,8,11,22,122,68,198.7,0,0,203.0,2,1,1,1,2,1,2,7,1,2,4,2,1,7,2,3,2,2,5,1,4,9,6,2,1,1,2,3,1,2,2,1630639,PlayerDashboardByTeamPerformance,1,2025-08-10T12:53:24.616763,,6-10 Points
Score Differential,W,6,6,0,1.0,151.54166666666666,36,74,0.486,17,38,0.447,18,28,0.643,4,25,29,7,10,5,2,8,16,17,107,13,163.3,1,0,174.0,3,2,1,1,4,3,3,5,2,3,2,3,2,5,3,2,3,6,1,5,3,9,8,3,3,4,3,1,1,3,3,1630639,PlayerDashboardByTeamPerformance,1,2025-08-10T12:53:24.616763,,11-15 Points
Score Differential,W,6,6,0,1.0,162.60333333333332,35,67,0.522,11,25,0.44,6,13,0.462,2,23,25,7,10,3,4,6,20,15,91,17,142.5,0,0,148.0,3,2,1,1,3,4,4,2,4,6,3,8,6,9,7,3,4,6,1,8,1,7,9,5,4,3,4,3,1,4,2,1630639,PlayerDashboardByTeamPerformance,1,2025-08-10T12:53:24.616763,,5 Points and Under
Score Differential,W,4,4,0,1.0,102.17666666666666,18,41,0.439,4,19,0.211,7,11,0.636,3,19,22,12,5,5,1,3,7,10,53,57,110.4,0,0,103.0,8,4,1,1,8,8,8,6,9,8,10,7,8,6,5,5,5,3,7,5,4,4,3,8,8,2,8,3,1,8,2,1630639,PlayerDashboardByTeamPerformance,1,2025-08-10T12:53:24.616763,,Over 20 Points
Score Differential,W,4,4,0,1.0,40.06666666666667,11,16,0.688,3,6,0.5,1,3,0.333,1,6,7,1,0,1,0,1,1,3,27,2,39.9,0,0,40.0,8,4,1,1,10,10,10,1,10,10,1,10,10,10,9,10,10,10,10,10,8,1,1,10,10,5,10,3,1,10,2,1630639,PlayerDashboardByTeamPerformance,1,2025-08-10T12:53:24.616763,,16-20 Points
Score Differential,W,27,27,0,1.0,657.4916666666667,139,290,0.479,54,134,0.403,51,86,0.593,18,96,114,40,32,22,8,26,55,67,400,157,654.8,1,0,668.0,1,1,1,1,2,1,2,1,1,2,1,2,1,2,2,1,1,2,2,2,1,2,1,2,1,1,1,1,1,1,3,1630639,PlayerDashboardByTeamPerformance,1,2025-08-10T12:53:24.616763,0.0,All
Score Differential,L,8,0,8,0.0,255.57,38,115,0.33,14,48,0.292,20,24,0.833,11,37,48,21,10,8,1,7,21,26,118,-9,224.1,0,0,219.0,1,6,10,6,1,2,1,9,3,1,8,1,3,1,1,1,1,1,1,1,4,8,10,1,2,6,1,3,1,1,3,1630639,PlayerDashboardByTeamPerformance,1,2025-08-10T12:53:24.616763,,5 Points and Under
Score Differential,L,6,0,6,0.0,135.95,19,60,0.317,6,28,0.214,13,16,0.813,3,17,20,10,7,6,1,3,10,12,60,-75,113.0,1,0,110.0,3,6,9,6,5,7,5,10,7,4,9,4,4,2,5,6,6,4,5,3,4,4,4,6,7,10,7,1,1,7,2,1630639,PlayerDashboardByTeamPerformance,1,2025-08-10T12:53:24.616763,,Over 20 Points
Score Differential,L,5,0,5,0.0,135.31833333333333,29,59,0.492,8,27,0.296,12,15,0.8,4,12,16,7,8,4,0,3,11,16,80,-13,113.7,0,0,119.0,6,6,7,6,6,5,6,4,6,5,7,5,5,3,3,7,7,6,4,7,8,4,6,4,5,7,6,3,1,5,3,1630639,PlayerDashboardByTeamPerformance,1,2025-08-10T12:53:24.616763,,6-10 Points
Score Differential,L,5,0,5,0.0,118.91833333333334,25,50,0.5,9,23,0.391,9,13,0.692,1,10,11,9,5,6,3,2,10,11,70,-25,118.7,0,0,117.0,6,6,7,6,7,6,7,3,5,7,5,6,6,4,9,8,8,5,7,3,2,2,4,7,6,8,5,3,1,6,3,1630639,PlayerDashboardByTeamPerformance,1,2025-08-10T12:53:24.616763,,11-15 Points
Score Differential,L,3,0,3,0.0,62.105,13,32,0.406,5,14,0.357,6,11,0.545,2,7,9,6,5,2,0,2,6,9,37,-47,57.8,0,0,61.0,10,6,6,6,9,9,9,8,8,9,6,8,8,8,7,9,9,9,7,9,8,2,2,9,9,9,9,3,1,9,3,1630639,PlayerDashboardByTeamPerformance,1,2025-08-10T12:53:24.616763,,16-20 Points
Score Differential,L,27,0,27,0.0,707.8616666666667,124,316,0.392,42,140,0.3,60,79,0.759,21,83,104,53,35,26,5,17,58,74,365,-169,627.3,1,0,626.0,1,2,2,2,1,2,1,2,2,1,2,1,2,1,1,2,2,1,1,1,2,1,2,1,2,2,2,1,1,2,3,1630639,PlayerDashboardByTeamPerformance,1,2025-08-10T12:53:24.616763,0.0,All
Points Scored,W,27,27,0,1.0,657.4916666666667,139,290,0.479,54,134,0.403,51,86,0.593,18,96,114,40,32,22,8,26,55,67,400,157,654.8,1,0,668.0,1,1,1,1,1,1,1,2,1,1,1,1,1,4,1,1,1,2,1,1,1,4,4,1,1,1,1,1,1,1,3,1630639,PlayerDashboardByTeamPerformance,2,2025-08-10T12:53:24.616763,,100+ Points 
Points Scored,W,27,27,0,1.0,657.4916666666667,139,290,0.479,54,134,0.403,51,86,0.593,18,96,114,40,32,22,8,26,55,67,400,157,654.8,1,0,668.0,1,1,1,1,2,1,2,1,1,2,1,2,1,2,2,1,1,2,2,2,1,2,1,2,1,1,1,1,1,1,3,1630639,PlayerDashboardByTeamPerformance,2,2025-08-10T12:53:24.616763,0.0,All
Points Scored,L,20,0,20,0.0,539.7966666666666,92,236,0.39,34,104,0.327,39,52,0.75,17,60,77,43,26,18,3,13,48,55,270,-95,463.9,1,0,466.0,2,2,4,2,2,2,2,3,2,2,2,2,2,2,2,2,2,1,2,2,2,3,3,2,2,4,2,1,1,2,2,1630639,PlayerDashboardByTeamPerformance,2,2025-08-10T12:53:24.616763,,100+ Points 
Points Scored,L,4,0,4,0.0,108.97166666666666,16,48,0.333,4,20,0.2,16,20,0.8,2,11,13,7,7,5,2,1,6,13,54,-57,94.1,0,0,92.0,3,2,3,2,3,3,3,4,3,3,4,3,3,1,3,4,4,3,3,3,3,1,2,3,3,3,3,3,1,3,3,1630639,PlayerDashboardByTeamPerformance,2,2025-08-10T12:53:24.616763,,80-89 Points
Points Scored,L,3,0,3,0.0,59.093333333333334,16,32,0.5,4,16,0.25,5,7,0.714,2,12,14,3,2,3,0,3,4,6,41,-17,69.3,0,0,68.0,4,2,2,2,4,3,4,1,3,4,3,4,4,3,3,3,3,4,4,4,4,2,1,4,4,2,4,3,1,4,2,1630639,PlayerDashboardByTeamPerformance,2,2025-08-10T12:53:24.616763,,70-79 Points
Points Scored,L,27,0,27,0.0,707.8616666666667,124,316,0.392,42,140,0.3,60,79,0.759,21,83,104,53,35,26,5,17,58,74,365,-169,627.3,1,0,626.0,1,2,2,2,1,2,1,2,2,1,2,1,2,1,1,2,2,1,1,1,2,1,2,1,2,2,2,1,1,2,3,1630639,PlayerDashboardByTeamPerformance,2,2025-08-10T12:53:24.616763,0.0,All
Points Against,W,19,19,0,1.0,481.915,103,220,0.468,41,101,0.406,40,64,0.625,13,74,87,27,26,14,6,20,43,50,301,107,479.9,1,0,496.0,2,1,1,1,2,2,2,3,1,2,2,2,1,4,2,1,1,2,2,2,1,6,5,2,2,1,2,1,1,2,2,1630639,PlayerDashboardByTeamPerformance,3,2025-08-10T12:53:24.616763,,100+ Points 
Points Against,W,6,6,0,1.0,132.44333333333333,28,51,0.549,11,24,0.458,10,20,0.5,4,15,19,12,1,4,2,4,7,15,79,31,136.8,0,0,133.0,3,2,1,1,3,3,3,1,3,3,1,3,3,5,3,3,3,3,5,3,3,4,4,3,3,2,3,3,1,3,3,1630639,PlayerDashboardByTeamPerformance,3,2025-08-10T12:53:24.616763,,90-99 Points
Points Against,W,2,2,0,1.0,43.13333333333333,8,19,0.421,2,9,0.222,1,2,0.5,1,7,8,1,5,4,0,2,5,2,20,19,38.1,0,0,39.0,4,3,1,1,5,5,5,4,5,5,5,6,6,5,5,5,5,6,3,3,5,2,3,5,5,3,5,3,1,5,2,1630639,PlayerDashboardByTeamPerformance,3,2025-08-10T12:53:24.616763,,80-89 Points
Points Against,W,27,27,0,1.0,657.4916666666667,139,290,0.479,54,134,0.403,51,86,0.593,18,96,114,40,32,22,8,26,55,67,400,157,654.8,1,0,668.0,1,1,1,1,2,1,2,1,1,2,1,2,1,2,2,1,1,2,2,2,1,2,1,2,1,1,1,1,1,1,3,1630639,PlayerDashboardByTeamPerformance,3,2025-08-10T12:53:24.616763,0.0,All
Points Against,L,24,0,24,0.0,623.3516666666667,104,271,0.384,37,122,0.303,48,64,0.75,18,65,83,49,33,22,4,13,54,64,308,-159,526.1,1,0,529.0,1,4,6,4,1,1,1,6,2,1,4,1,1,2,1,2,2,1,1,1,2,5,6,1,1,6,1,1,1,1,3,1630639,PlayerDashboardByTeamPerformance,3,2025-08-10T12:53:24.616763,,100+ Points 
Points Against,L,2,0,2,0.0,56.085,12,30,0.4,4,12,0.333,10,12,0.833,2,12,14,2,2,2,1,3,1,8,38,-11,64.8,0,0,64.0,4,4,5,4,4,4,4,5,4,4,3,3,4,1,4,4,4,4,4,5,4,3,1,4,4,5,4,3,1,4,1,1630639,PlayerDashboardByTeamPerformance,3,2025-08-10T12:53:24.616763,,90-99 Points
Points Against,L,1,0,1,0.0,28.425,8,15,0.533,1,6,0.167,2,3,0.667,1,6,7,2,0,2,0,1,3,2,19,1,36.4,0,0,33.0,6,4,4,4,6,5,6,2,6,6,6,5,5,3,5,6,6,4,6,5,5,1,2,5,6,4,6,3,1,6,1,1630639,PlayerDashboardByTeamPerformance,3,2025-08-10T12:53:24.616763,,80-89 Points
Points Against,L,27,0,27,0.0,707.8616666666667,124,316,0.392,42,140,0.3,60,79,0.759,21,83,104,53,35,26,5,17,58,74,365,-169,627.3,1,0,626.0,1,2,2,2,1,2,1,2,2,1,2,1,2,1,1,2,2,1,1,1,2,1,2,1,2,2,2,1,1,2,3,1630639,PlayerDashboardByTeamPerformance,3,2025-08-10T12:53:24.616763,0.0,All
Overall,2024-25,73,44,29,0.603,1659.1416666666667,182,424,0.429,155,363,0.427,22,27,0.815,18,156,174,108,40,37,7,3,157,50,541,227,1003.8,0,0,1066.0,1,1,1,1,1,1,1,1,1,1,1,1,1,1,1,1,1,1,1,1,1,1,1,1,1,1,1,1,1,1,1,1631260,PlayerDashboardByTeamPerformance,0,2025-08-10T12:53:30.036995,,
Score Differential,W,17,17,0,1.0,402.9033333333333,44,102,0.431,38,85,0.447,7,9,0.778,5,41,46,27,12,4,2,2,42,17,133,145,234.7,0,0,256.0,1,1,1,1,1,1,1,6,1,1,5,1,1,4,1,1,1,1,1,5,1,10,10,1,1,1,1,1,1,1,1,1631260,PlayerDashboardByTeamPerformance,1,2025-08-10T12:53:30.036995,,6-10 Points
Score Differential,W,8,8,0,1.0,165.455,22,42,0.524,18,34,0.529,5,6,0.833,2,16,18,13,6,5,0,0,20,6,67,122,117.1,0,0,126.0,3,2,1,1,4,3,5,3,3,6,2,2,2,2,3,4,5,3,2,4,6,1,8,2,3,2,3,1,1,3,1,1631260,PlayerDashboardByTeamPerformance,1,2025-08-10T12:53:30.036995,,Over 20 Points
Score Differential,W,8,8,0,1.0,212.435,18,50,0.36,17,43,0.395,0,0,0.0,1,20,21,11,4,2,2,0,22,3,53,45,102.7,0,0,110.0,3,2,1,1,3,4,3,8,4,4,7,6,6,6,5,2,2,5,4,8,1,1,9,7,5,4,5,1,1,5,1,1631260,PlayerDashboardByTeamPerformance,1,2025-08-10T12:53:30.036995,,5 Points and Under
Score Differential,W,7,7,0,1.0,156.705,18,49,0.367,16,46,0.348,5,5,1.0,5,14,19,12,3,6,0,0,12,6,57,20,112.8,0,0,116.0,6,4,1,1,5,4,4,7,5,3,8,2,3,1,1,7,4,4,5,1,6,1,4,2,4,5,4,1,1,4,1,1631260,PlayerDashboardByTeamPerformance,1,2025-08-10T12:53:30.036995,,11-15 Points
Score Differential,W,4,4,0,1.0,92.95,14,24,0.583,12,20,0.6,1,2,0.5,1,6,7,5,1,6,1,0,9,3,41,56,76.9,0,0,79.0,9,5,1,1,9,8,8,2,7,8,1,5,5,5,5,8,8,9,9,1,3,1,3,7,8,3,8,1,1,8,1,1631260,PlayerDashboardByTeamPerformance,1,2025-08-10T12:53:30.036995,,16-20 Points
Score Differential,W,44,44,0,1.0,1030.4483333333333,116,267,0.434,101,228,0.443,18,22,0.818,14,97,111,68,26,23,5,2,105,35,351,388,644.2,0,0,687.0,1,1,1,1,1,1,1,1,1,1,1,1,1,1,1,1,1,1,1,1,1,2,2,1,1,1,1,1,1,1,1,1631260,PlayerDashboardByTeamPerformance,1,2025-08-10T12:53:30.036995,0.0,All
Score Differential,L,9,0,9,0.0,223.645,25,54,0.463,21,48,0.438,0,0,0.0,1,20,21,17,5,6,1,1,16,5,71,-16,137.7,0,0,144.0,2,6,10,6,2,2,2,5,2,2,6,6,6,6,5,2,2,2,3,1,3,9,7,4,2,8,2,1,1,2,1,1631260,PlayerDashboardByTeamPerformance,1,2025-08-10T12:53:30.036995,,5 Points and Under
Score Differential,L,8,0,8,0.0,137.86666666666667,15,42,0.357,11,35,0.314,4,5,0.8,1,15,16,7,3,3,0,0,13,5,45,-54,80.7,0,0,85.0,3,6,9,6,7,7,5,9,8,5,9,4,3,3,5,6,7,7,5,6,6,1,6,4,7,9,7,1,1,7,1,1631260,PlayerDashboardByTeamPerformance,1,2025-08-10T12:53:30.036995,,11-15 Points
Score Differential,L,6,0,6,0.0,109.77166666666666,6,23,0.261,5,19,0.263,0,0,0.0,0,6,6,8,2,2,1,0,12,4,17,-67,43.2,0,0,42.0,7,6,8,6,8,9,9,10,9,9,10,6,6,6,9,8,9,6,8,8,3,1,4,6,9,10,9,1,1,9,1,1631260,PlayerDashboardByTeamPerformance,1,2025-08-10T12:53:30.036995,,Over 20 Points
Score Differential,L,5,0,5,0.0,138.76,17,33,0.515,15,29,0.517,0,0,0.0,2,16,18,7,3,3,0,0,8,1,49,-14,87.1,0,0,95.0,8,6,7,6,6,6,7,4,6,7,3,6,6,6,3,4,5,7,5,6,6,1,2,9,6,7,6,1,1,6,1,1631260,PlayerDashboardByTeamPerformance,1,2025-08-10T12:53:30.036995,,6-10 Points
Score Differential,L,1,0,1,0.0,18.65,3,5,0.6,2,4,0.5,0,0,0.0,0,2,2,1,1,0,0,0,3,0,8,-10,10.9,0,0,13.0,10,6,6,6,10,10,10,1,10,10,4,6,6,6,9,10,10,10,9,10,6,1,1,10,10,6,10,1,1,10,1,1631260,PlayerDashboardByTeamPerformance,1,2025-08-10T12:53:30.036995,,16-20 Points
Score Differential,L,29,0,29,0.0,628.6933333333334,66,157,0.42,54,135,0.4,4,5,0.8,4,59,63,40,14,14,2,1,52,15,190,-161,359.6,0,0,379.0,2,2,2,2,2,2,2,2,2,2,2,2,2,2,2,2,2,2,2,2,2,1,1,2,2,2,2,1,1,2,1,1631260,PlayerDashboardByTeamPerformance,1,2025-08-10T12:53:30.036995,0.0,All
Points Scored,W,43,43,0,1.0,1000.3316666666667,112,253,0.443,97,214,0.453,18,22,0.818,12,94,106,65,25,21,5,2,103,35,339,376,616.7,0,0,659.0,1,1,1,1,1,1,1,1,1,1,1,1,1,2,1,1,1,1,1,1,1,4,4,1,1,1,1,1,1,1,1,1631260,PlayerDashboardByTeamPerformance,2,2025-08-10T12:53:30.038001,,100+ Points 
Points Scored,W,1,1,0,1.0,30.116666666666667,4,14,0.286,4,14,0.286,0,0,0.0,2,3,5,3,1,2,0,0,2,0,12,12,27.5,0,0,28.0,4,2,1,1,4,4,4,4,4,4,4,4,4,4,3,4,4,4,4,3,3,1,1,4,4,2,4,1,1,4,1,1631260,PlayerDashboardByTeamPerformance,2,2025-08-10T12:53:30.038001,,90-99 Points
Points Scored,W,44,44,0,1.0,1030.4483333333333,116,267,0.434,101,228,0.443,18,22,0.818,14,97,111,68,26,23,5,2,105,35,351,388,644.2,0,0,687.0,1,1,1,1,1,1,1,1,1,1,1,1,1,1,1,1,1,1,1,1,1,2,2,1,1,1,1,1,1,1,1,1631260,PlayerDashboardByTeamPerformance,2,2025-08-10T12:53:30.038001,0.0,All
Points Scored,L,24,0,24,0.0,530.9683333333334,58,136,0.426,47,116,0.405,3,3,1.0,3,52,55,36,11,12,2,1,43,11,166,-125,317.0,0,0,332.0,2,3,4,3,2,2,2,2,2,2,2,2,2,1,2,2,2,2,2,2,2,3,3,2,2,4,2,1,1,2,1,1631260,PlayerDashboardByTeamPerformance,2,2025-08-10T12:53:30.038001,,100+ Points 
Points Scored,L,5,0,5,0.0,97.725,8,21,0.381,7,19,0.368,1,2,0.5,1,7,8,4,3,2,0,0,9,4,24,-36,42.6,0,0,47.0,3,3,3,3,3,3,3,3,3,3,3,3,3,3,4,3,3,3,3,3,3,1,2,3,3,3,3,1,1,3,1,1631260,PlayerDashboardByTeamPerformance,2,2025-08-10T12:53:30.038001,,90-99 Points
Points Scored,L,29,0,29,0.0,628.6933333333334,66,157,0.42,54,135,0.4,4,5,0.8,4,59,63,40,14,14,2,1,52,15,190,-161,359.6,0,0,379.0,2,2,2,2,2,2,2,2,2,2,2,2,2,2,2,2,2,2,2,2,2,1,1,2,2,2,2,1,1,2,1,1631260,PlayerDashboardByTeamPerformance,2,2025-08-10T12:53:30.038001,0.0,All
Points Against,W,40,40,0,1.0,938.8933333333333,107,237,0.451,94,204,0.461,13,16,0.813,10,86,96,60,24,20,5,2,97,30,321,306,577.2,0,0,621.0,1,1,1,1,1,1,1,1,1,1,1,1,1,2,1,1,1,1,1,1,1,4,4,1,1,1,1,1,1,1,1,1631260,PlayerDashboardByTeamPerformance,3,2025-08-10T12:53:30.038001,,100+ Points 
Points Against,W,2,2,0,1.0,50.333333333333336,6,19,0.316,6,18,0.333,0,0,0.0,3,5,8,5,1,3,0,0,5,1,18,40,43.1,0,0,43.0,3,2,1,1,3,3,3,3,3,3,3,4,4,4,3,4,3,3,3,3,3,1,2,4,3,3,3,1,1,3,1,1631260,PlayerDashboardByTeamPerformance,3,2025-08-10T12:53:30.038001,,80-89 Points
Points Against,W,2,2,0,1.0,41.221666666666664,3,11,0.273,1,6,0.167,5,6,0.833,1,6,7,3,1,0,0,0,3,4,12,42,23.9,0,0,23.0,3,2,1,1,4,4,4,4,4,4,4,2,2,1,4,3,4,4,3,4,3,1,1,3,4,2,4,1,1,4,1,1631260,PlayerDashboardByTeamPerformance,3,2025-08-10T12:53:30.038001,,90-99 Points
Points Against,W,44,44,0,1.0,1030.4483333333333,116,267,0.434,101,228,0.443,18,22,0.818,14,97,111,68,26,23,5,2,105,35,351,388,644.2,0,0,687.0,1,1,1,1,1,1,1,1,1,1,1,1,1,1,1,1,1,1,1,1,1,2,2,1,1,1,1,1,1,1,1,1631260,PlayerDashboardByTeamPerformance,3,2025-08-10T12:53:30.038001,0.0,All
Points Against,L,29,0,29,0.0,628.6933333333334,66,157,0.42,54,135,0.4,4,5,0.8,4,59,63,40,14,14,2,1,52,15,190,-161,359.6,0,0,379.0,2,4,4,4,2,2,2,2,2,2,2,3,3,3,2,2,2,2,2,2,2,3,3,2,2,4,2,1,1,2,1,1631260,PlayerDashboardByTeamPerformance,3,2025-08-10T12:53:30.038001,,100+ Points 
Points Against,L,29,0,29,0.0,628.6933333333334,66,157,0.42,54,135,0.4,4,5,0.8,4,59,63,40,14,14,2,1,52,15,190,-161,359.6,0,0,379.0,2,2,2,2,2,2,2,2,2,2,2,2,2,2,2,2,2,2,2,2,2,1,1,2,2,2,2,1,1,2,1,1631260,PlayerDashboardByTeamPerformance,3,2025-08-10T12:53:30.038001,0.0,All
Overall,2024,5,0,5,0.0,111.11333333333333,20,62,0.323,10,31,0.323,6,10,0.6,4,13,17,14,12,3,2,5,12,9,56,-33,100.4,0,0,107.0,2,2,1,2,2,2,2,2,2,2,2,2,2,2,2,2,2,2,2,2,2,1,1,2,2,1,2,1,1,2,1,1642358,PlayerDashboardByTeamPerformance,0,2025-08-10T12:53:35.238476,,
Overall,2024-25,49,20,29,0.408,1209.7233333333334,184,447,0.412,63,183,0.344,54,66,0.818,19,116,135,151,88,30,8,43,102,61,500,-126,914.5,0,0,925.0,1,1,2,1,1,1,1,1,1,1,1,1,1,1,1,1,1,1,1,1,1,2,2,1,1,2,1,1,1,1,4,1642358,PlayerDashboardByTeamPerformance,0,2025-08-10T12:53:35.238476,,
Score Differential,W,5,5,0,1.0,163.30666666666667,25,60,0.417,7,25,0.28,8,9,0.889,2,10,12,30,10,6,0,4,13,7,67,19,134.4,0,0,128.0,4,1,1,1,3,4,4,5,4,3,8,3,5,3,4,6,6,1,5,1,6,5,6,5,4,5,2,1,1,3,2,1642358,PlayerDashboardByTeamPerformance,1,2025-08-10T12:53:35.238476,,5 Points and Under
Score Differential,W,5,5,0,1.0,88.58333333333333,16,34,0.471,4,11,0.364,1,1,1.0,2,8,10,11,8,3,1,1,7,2,38,27,70.5,0,0,71.0,4,1,1,1,7,7,8,2,9,9,4,10,10,1,4,7,7,8,6,4,4,2,4,10,9,2,8,1,1,8,3,1642358,PlayerDashboardByTeamPerformance,1,2025-08-10T12:53:35.238476,,11-15 Points
Score Differential,W,4,4,0,1.0,127.70333333333333,18,45,0.4,7,12,0.583,2,2,1.0,2,20,22,11,14,3,2,6,10,5,47,24,90.9,0,0,97.0,7,3,1,1,5,6,5,6,4,8,1,9,9,1,4,2,2,8,2,4,2,7,5,7,6,3,5,1,1,5,1,1642358,PlayerDashboardByTeamPerformance,1,2025-08-10T12:53:35.238476,,6-10 Points
Score Differential,W,4,4,0,1.0,69.35,19,36,0.528,9,16,0.563,3,4,0.75,1,6,7,13,6,1,0,4,6,4,51,36,75.9,0,0,82.0,7,3,1,1,9,5,7,1,3,7,2,8,8,8,9,8,9,5,7,9,6,5,3,8,5,1,7,1,1,7,3,1642358,PlayerDashboardByTeamPerformance,1,2025-08-10T12:53:35.238476,,Over 20 Points
Score Differential,W,2,2,0,1.0,60.15,6,15,0.4,3,8,0.375,6,7,0.857,0,13,13,12,6,3,2,0,5,7,24,22,66.6,0,0,62.0,10,5,1,1,10,10,10,6,10,10,3,6,6,4,10,5,5,7,7,4,2,1,2,5,10,4,9,1,1,10,2,1642358,PlayerDashboardByTeamPerformance,1,2025-08-10T12:53:35.238476,,16-20 Points
Score Differential,W,20,20,0,1.0,509.0933333333333,84,190,0.442,30,72,0.417,20,23,0.87,7,57,64,77,44,16,5,15,41,25,227,128,438.3,0,0,440.0,2,1,1,1,2,2,2,1,2,2,1,2,2,1,2,2,2,2,2,2,1,1,1,2,2,1,2,1,1,2,4,1642358,PlayerDashboardByTeamPerformance,1,2025-08-10T12:53:35.238476,0.0,All
Score Differential,L,12,0,12,0.0,239.56333333333333,33,91,0.363,12,39,0.308,8,13,0.615,3,28,31,30,20,3,4,10,21,15,89,-45,172.2,0,0,176.0,1,6,10,6,1,1,1,8,1,1,6,3,1,10,3,1,1,1,1,4,1,9,10,1,1,9,1,1,1,1,3,1642358,PlayerDashboardByTeamPerformance,1,2025-08-10T12:53:35.238476,,11-15 Points
Score Differential,L,8,0,8,0.0,227.41333333333333,29,85,0.341,11,36,0.306,10,12,0.833,5,17,22,18,14,5,0,12,18,8,79,-168,133.4,0,0,140.0,2,6,9,6,2,2,2,10,2,2,7,1,2,5,1,3,2,3,2,3,6,10,9,4,2,10,3,1,1,2,3,1642358,PlayerDashboardByTeamPerformance,1,2025-08-10T12:53:35.238476,,Over 20 Points
Score Differential,L,6,0,6,0.0,142.81666666666666,28,65,0.431,7,25,0.28,9,12,0.75,4,17,21,16,12,3,0,6,17,9,74,-33,120.2,0,0,124.0,3,6,8,6,4,3,3,3,4,3,8,2,2,8,2,3,4,4,4,4,6,7,8,3,3,7,4,1,1,4,4,1642358,PlayerDashboardByTeamPerformance,1,2025-08-10T12:53:35.238476,,6-10 Points
Score Differential,L,5,0,5,0.0,122.06666666666666,16,45,0.356,6,22,0.273,8,10,0.8,2,6,8,13,4,6,0,3,14,10,47,-40,90.1,0,0,86.0,4,6,7,6,6,7,5,9,8,5,10,3,4,7,4,8,8,5,10,1,6,4,7,2,6,8,6,1,1,6,2,1642358,PlayerDashboardByTeamPerformance,1,2025-08-10T12:53:35.238476,,16-20 Points
Score Differential,L,3,0,3,0.0,79.88333333333334,14,33,0.424,7,20,0.35,5,6,0.833,2,4,6,11,6,0,1,2,3,3,40,-1,60.7,0,0,66.0,9,6,6,6,8,9,9,4,4,6,5,7,7,5,4,10,10,8,7,10,4,3,1,9,8,6,10,1,1,9,2,1642358,PlayerDashboardByTeamPerformance,1,2025-08-10T12:53:35.238476,,5 Points and Under
Score Differential,L,34,0,34,0.0,811.7433333333333,120,319,0.376,43,142,0.303,40,53,0.755,16,72,88,88,56,17,5,33,73,45,329,-287,576.6,0,0,592.0,1,2,2,2,1,1,1,2,1,1,2,1,1,2,1,1,1,1,1,1,1,2,2,1,1,2,1,1,1,1,4,1642358,PlayerDashboardByTeamPerformance,1,2025-08-10T12:53:35.238476,0.0,All
Points Scored,W,17,17,0,1.0,447.24,77,170,0.453,29,69,0.42,18,21,0.857,7,46,53,74,36,14,4,13,35,22,208,115,400.6,0,0,400.0,2,1,1,1,1,1,1,1,1,2,1,2,2,2,2,1,1,1,1,1,1,4,5,2,1,1,1,1,1,1,4,1642358,PlayerDashboardByTeamPerformance,2,2025-08-10T12:53:35.239474,,100+ Points 
Points Scored,W,3,3,0,1.0,61.85333333333333,7,20,0.35,1,3,0.333,2,2,1.0,0,11,11,3,8,2,1,2,6,3,19,13,37.7,0,0,40.0,4,2,1,1,5,5,5,4,5,6,2,5,5,1,6,4,4,5,4,4,3,2,2,5,5,2,5,1,1,5,2,1642358,PlayerDashboardByTeamPerformance,2,2025-08-10T12:53:35.239474,,90-99 Points
Points Scored,W,20,20,0,1.0,509.0933333333333,84,190,0.442,30,72,0.417,20,23,0.87,7,57,64,77,44,16,5,15,41,25,227,128,438.3,0,0,440.0,2,1,1,1,2,2,2,1,2,2,1,2,2,1,2,2,2,2,2,2,1,1,1,2,2,1,2,1,1,2,4,1642358,PlayerDashboardByTeamPerformance,2,2025-08-10T12:53:35.239474,0.0,All
Points Scored,L,19,0,19,0.0,426.45,64,160,0.4,24,73,0.329,22,28,0.786,9,36,45,52,22,9,1,14,35,23,178,-122,318.0,0,0,319.0,1,3,6,3,2,2,2,3,2,1,3,1,1,3,1,2,2,2,2,2,3,5,5,1,2,6,2,1,1,2,4,1642358,PlayerDashboardByTeamPerformance,2,2025-08-10T12:53:35.239474,,100+ Points 
Points Scored,L,11,0,11,0.0,294.5133333333333,46,114,0.404,15,46,0.326,13,17,0.765,3,28,31,29,22,5,4,15,28,18,122,-108,207.7,0,0,215.0,3,3,5,3,3,3,3,2,3,3,4,3,3,4,3,3,3,3,2,3,1,6,4,3,3,5,3,1,1,3,3,1642358,PlayerDashboardByTeamPerformance,2,2025-08-10T12:53:35.239474,,90-99 Points
Points Scored,L,3,0,3,0.0,74.91666666666667,10,33,0.303,4,16,0.25,5,7,0.714,3,6,9,5,8,2,0,3,9,4,29,-57,45.3,0,0,51.0,4,3,4,3,4,4,4,5,4,4,5,4,4,5,3,5,5,4,4,4,5,3,3,4,4,4,4,1,1,4,2,1642358,PlayerDashboardByTeamPerformance,2,2025-08-10T12:53:35.239474,,80-89 Points
Points Scored,L,1,0,1,0.0,15.863333333333333,0,12,0.0,0,7,0.0,0,1,0.0,1,2,3,2,4,1,0,1,1,0,0,0,5.6,0,0,7.0,6,3,3,3,6,6,6,6,6,5,6,6,6,6,5,6,6,6,6,6,5,1,1,6,6,3,6,1,1,6,1,1642358,PlayerDashboardByTeamPerformance,2,2025-08-10T12:53:35.239474,,70-79 Points
Points Scored,L,34,0,34,0.0,811.7433333333333,120,319,0.376,43,142,0.303,40,53,0.755,16,72,88,88,56,17,5,33,73,45,329,-287,576.6,0,0,592.0,1,2,2,2,1,1,1,2,1,1,2,1,1,2,1,1,1,1,1,1,1,2,2,1,1,2,1,1,1,1,4,1642358,PlayerDashboardByTeamPerformance,2,2025-08-10T12:53:35.239474,0.0,All
Points Against,W,14,14,0,1.0,383.14,71,154,0.461,26,61,0.426,12,14,0.857,7,32,39,60,30,11,2,13,30,15,184,90,329.8,0,0,335.0,2,1,1,1,2,2,2,1,2,2,1,2,2,2,2,2,2,2,2,2,2,4,4,2,2,1,2,1,1,2,4,1642358,PlayerDashboardByTeamPerformance,3,2025-08-10T12:53:35.239474,,100+ Points 
Points Against,W,3,3,0,1.0,64.1,6,16,0.375,3,8,0.375,6,7,0.857,0,14,14,14,6,3,2,0,5,7,24,25,70.8,0,0,65.0,3,2,1,1,3,4,5,3,3,4,2,3,3,2,4,3,3,3,5,3,2,1,2,3,3,2,3,1,1,3,3,1642358,PlayerDashboardByTeamPerformance,3,2025-08-10T12:53:35.239474,,90-99 Points
Points Against,W,3,3,0,1.0,61.85333333333333,7,20,0.35,1,3,0.333,2,2,1.0,0,11,11,3,8,2,1,2,6,3,19,13,37.7,0,0,40.0,3,2,1,1,4,3,4,4,5,5,3,4,5,1,4,4,4,5,3,4,4,2,3,4,4,3,4,1,1,4,2,1642358,PlayerDashboardByTeamPerformance,3,2025-08-10T12:53:35.239474,,80-89 Points
Points Against,W,20,20,0,1.0,509.0933333333333,84,190,0.442,30,72,0.417,20,23,0.87,7,57,64,77,44,16,5,15,41,25,227,128,438.3,0,0,440.0,2,1,1,1,2,2,2,1,2,2,1,2,2,1,2,2,2,2,2,2,1,1,1,2,2,1,2,1,1,2,4,1642358,PlayerDashboardByTeamPerformance,3,2025-08-10T12:53:35.239474,0.0,All
Points Against,L,32,0,32,0.0,771.48,115,292,0.394,41,126,0.325,39,49,0.796,14,67,81,83,49,16,5,31,70,43,316,-289,551.7,0,0,563.0,1,4,5,4,1,1,1,2,1,1,4,1,1,4,1,1,1,1,1,1,1,5,5,1,1,5,1,1,1,1,4,1642358,PlayerDashboardByTeamPerformance,3,2025-08-10T12:53:35.239474,,100+ Points 
Points Against,L,2,0,2,0.0,40.263333333333335,5,27,0.185,2,16,0.125,1,4,0.25,2,5,7,5,7,1,0,2,3,2,13,2,24.9,0,0,29.0,5,4,4,4,5,5,3,5,4,3,5,5,4,5,3,5,5,4,4,5,5,2,1,5,5,4,5,1,1,5,1,1642358,PlayerDashboardByTeamPerformance,3,2025-08-10T12:53:35.239474,,90-99 Points
Points Against,L,34,0,34,0.0,811.7433333333333,120,319,0.376,43,142,0.303,40,53,0.755,16,72,88,88,56,17,5,33,73,45,329,-287,576.6,0,0,592.0,1,2,2,2,1,1,1,2,1,1,2,1,1,2,1,1,1,1,1,1,1,2,2,1,1,2,1,1,1,1,4,1642358,PlayerDashboardByTeamPerformance,3,2025-08-10T12:53:35.239474,0.0,All
Overall,2024-25,51,33,18,0.647,1446.7166666666667,264,497,0.531,75,172,0.436,145,179,0.81,80,167,247,164,73,23,14,37,82,137,748,301,1328.4,3,0,1308.0,1,1,1,1,1,1,1,1,1,1,1,1,1,1,1,1,1,1,1,1,1,1,1,1,1,1,1,1,1,1,1,203932,PlayerDashboardByTeamPerformance,0,2025-08-10T12:53:41.982028,,
Score Differential,W,10,10,0,1.0,309.175,47,84,0.56,14,30,0.467,38,47,0.809,20,37,57,38,15,4,4,6,21,31,146,90,280.4,1,0,271.0,1,1,1,1,1,2,2,4,2,2,4,1,1,5,1,1,1,2,1,1,1,9,10,1,2,2,1,1,1,1,1,203932,PlayerDashboardByTeamPerformance,1,2025-08-10T12:53:41.982028,,5 Points and Under
Score Differential,W,9,9,0,1.0,221.43666666666667,30,60,0.5,12,24,0.5,24,31,0.774,5,25,30,48,8,3,3,5,15,21,96,144,214.0,0,0,198.0,2,2,1,1,2,3,4,7,3,4,2,2,2,7,6,3,3,1,5,2,2,8,8,2,3,1,2,4,1,3,1,203932,PlayerDashboardByTeamPerformance,1,2025-08-10T12:53:41.982028,,Over 20 Points
Score Differential,W,7,7,0,1.0,210.95666666666668,60,108,0.556,18,37,0.486,16,17,0.941,16,10,26,13,14,3,1,10,15,18,154,65,202.7,0,0,219.0,3,3,1,1,3,1,1,5,1,1,3,4,4,2,2,8,5,4,2,2,4,10,8,4,1,3,3,4,1,2,1,203932,PlayerDashboardByTeamPerformance,1,2025-08-10T12:53:41.982028,,6-10 Points
Score Differential,W,4,4,0,1.0,98.68333333333334,24,37,0.649,3,8,0.375,7,9,0.778,9,15,24,7,9,2,2,0,0,9,58,62,100.3,0,0,100.0,5,4,1,1,7,6,6,1,7,8,6,8,8,6,3,5,6,7,4,6,3,1,1,6,6,4,6,4,1,6,1,203932,PlayerDashboardByTeamPerformance,1,2025-08-10T12:53:41.982028,,11-15 Points
Score Differential,W,3,3,0,1.0,64.105,9,26,0.346,2,8,0.25,13,13,1.0,4,14,18,7,1,1,1,3,4,8,33,20,70.1,0,0,64.0,8,5,1,1,9,9,9,10,8,8,9,6,6,1,8,6,7,7,9,9,4,4,4,7,9,6,8,4,1,9,1,203932,PlayerDashboardByTeamPerformance,1,2025-08-10T12:53:41.982028,,16-20 Points
Score Differential,W,33,33,0,1.0,904.3566666666667,170,315,0.54,49,107,0.458,98,117,0.838,54,101,155,113,47,13,11,24,55,87,487,381,867.5,1,0,852.0,1,1,1,1,1,1,1,1,1,1,1,1,1,1,1,1,1,1,1,1,1,2,2,1,1,1,1,2,1,1,1,203932,PlayerDashboardByTeamPerformance,1,2025-08-10T12:53:41.982028,0.0,All
Score Differential,L,6,0,6,0.0,209.06,30,61,0.492,11,25,0.44,17,24,0.708,8,26,34,20,7,3,1,3,12,20,88,23,163.8,1,0,161.0,4,6,10,6,4,3,3,8,4,3,5,3,3,9,4,2,2,3,6,2,4,4,7,3,4,5,4,1,1,4,1,203932,PlayerDashboardByTeamPerformance,1,2025-08-10T12:53:41.982028,,5 Points and Under
Score Differential,L,4,0,4,0.0,130.72666666666666,26,47,0.553,5,14,0.357,14,17,0.824,8,21,29,12,11,2,1,2,8,15,71,-35,121.8,1,0,123.0,5,6,8,6,5,5,5,6,6,5,7,5,4,4,4,4,4,5,3,6,4,3,6,5,5,10,5,1,1,5,1,203932,PlayerDashboardByTeamPerformance,1,2025-08-10T12:53:41.982028,,11-15 Points
Score Differential,L,4,0,4,0.0,104.39833333333333,16,36,0.444,2,10,0.2,3,4,0.75,5,11,16,9,4,3,1,4,4,4,37,-26,77.7,0,0,72.0,5,6,8,6,6,7,7,9,8,7,10,9,10,8,6,7,8,6,7,2,4,6,4,9,8,8,7,4,1,7,1,203932,PlayerDashboardByTeamPerformance,1,2025-08-10T12:53:41.982028,,6-10 Points
Score Differential,L,3,0,3,0.0,66.625,16,28,0.571,7,13,0.538,3,5,0.6,3,7,10,6,3,2,0,4,2,4,42,-31,66.0,0,0,69.0,8,6,7,6,8,7,8,3,5,6,1,9,9,10,9,9,9,9,8,6,9,6,3,9,7,9,9,4,1,8,1,203932,PlayerDashboardByTeamPerformance,1,2025-08-10T12:53:41.982028,,Over 20 Points
Score Differential,L,1,0,1,0.0,31.55,6,10,0.6,1,3,0.333,10,12,0.833,2,1,3,4,1,0,0,0,1,7,23,-11,31.6,0,0,31.0,10,6,6,6,10,10,10,2,10,10,8,7,7,3,10,10,10,10,9,10,9,1,2,8,10,7,10,4,1,10,1,203932,PlayerDashboardByTeamPerformance,1,2025-08-10T12:53:41.982028,,16-20 Points
Score Differential,L,18,0,18,0.0,542.36,94,182,0.516,26,65,0.4,47,62,0.758,26,66,92,51,26,10,3,13,27,50,261,-80,460.9,2,0,456.0,2,2,2,2,2,2,2,2,2,2,2,2,2,2,2,2,2,2,2,2,2,1,1,2,2,2,2,1,1,2,1,203932,PlayerDashboardByTeamPerformance,1,2025-08-10T12:53:41.982028,0.0,All
Points Scored,W,33,33,0,1.0,904.3566666666667,170,315,0.54,49,107,0.458,98,117,0.838,54,101,155,113,47,13,11,24,55,87,487,381,867.5,1,0,852.0,1,1,1,1,1,1,1,1,1,1,1,1,1,2,1,1,1,1,1,1,1,3,3,1,1,1,1,2,1,1,1,203932,PlayerDashboardByTeamPerformance,2,2025-08-10T12:53:41.982975,,100+ Points 
Points Scored,W,33,33,0,1.0,904.3566666666667,170,315,0.54,49,107,0.458,98,117,0.838,54,101,155,113,47,13,11,24,55,87,487,381,867.5,1,0,852.0,1,1,1,1,1,1,1,1,1,1,1,1,1,1,1,1,1,1,1,1,1,2,2,1,1,1,1,2,1,1,1,203932,PlayerDashboardByTeamPerformance,2,2025-08-10T12:53:41.982975,0.0,All
Points Scored,L,17,0,17,0.0,509.81,89,170,0.524,26,64,0.406,45,60,0.75,21,62,83,49,24,9,3,11,26,47,249,-76,434.1,2,0,431.0,2,2,3,2,2,2,2,2,2,2,2,2,2,3,2,2,2,2,2,2,2,2,2,2,2,3,2,1,1,2,1,203932,PlayerDashboardByTeamPerformance,2,2025-08-10T12:53:41.982975,,100+ Points 
Points Scored,L,1,0,1,0.0,32.55,5,12,0.417,0,1,0.0,2,2,1.0,5,4,9,2,2,1,0,2,1,3,12,-4,26.8,0,0,25.0,3,2,2,2,3,3,3,3,3,3,3,3,3,1,3,3,3,3,3,3,3,1,1,3,3,2,3,3,1,3,1,203932,PlayerDashboardByTeamPerformance,2,2025-08-10T12:53:41.982975,,80-89 Points
Points Scored,L,18,0,18,0.0,542.36,94,182,0.516,26,65,0.4,47,62,0.758,26,66,92,51,26,10,3,13,27,50,261,-80,460.9,2,0,456.0,2,2,2,2,2,2,2,2,2,2,2,2,2,2,2,2,2,2,2,2,2,1,1,2,2,2,2,1,1,2,1,203932,PlayerDashboardByTeamPerformance,2,2025-08-10T12:53:41.982975,0.0,All
Points Against,W,28,28,0,1.0,791.985,155,282,0.55,44,95,0.463,82,95,0.863,51,86,137,98,43,11,9,21,45,73,436,329,764.4,1,0,755.0,1,1,1,1,1,1,1,1,1,1,1,1,1,1,1,1,1,1,1,1,1,3,3,1,1,1,1,2,1,1,1,203932,PlayerDashboardByTeamPerformance,3,2025-08-10T12:53:41.982975,,100+ Points 
Points Against,W,5,5,0,1.0,112.37166666666667,15,33,0.455,5,12,0.417,16,22,0.727,3,15,18,15,4,2,2,3,10,14,51,52,103.1,0,0,97.0,3,2,1,1,3,3,3,3,3,3,2,3,3,3,3,3,3,3,3,3,3,1,1,3,3,2,3,3,1,3,1,203932,PlayerDashboardByTeamPerformance,3,2025-08-10T12:53:41.982975,,90-99 Points
Points Against,W,33,33,0,1.0,904.3566666666667,170,315,0.54,49,107,0.458,98,117,0.838,54,101,155,113,47,13,11,24,55,87,487,381,867.5,1,0,852.0,1,1,1,1,1,1,1,1,1,1,1,1,1,1,1,1,1,1,1,1,1,2,2,1,1,1,1,2,1,1,1,203932,PlayerDashboardByTeamPerformance,3,2025-08-10T12:53:41.982975,0.0,All
Points Against,L,18,0,18,0.0,542.36,94,182,0.516,26,65,0.4,47,62,0.758,26,66,92,51,26,10,3,13,27,50,261,-80,460.9,2,0,456.0,2,3,3,3,2,2,2,2,2,2,3,2,2,2,2,2,2,2,2,2,2,2,2,2,2,3,2,1,1,2,1,203932,PlayerDashboardByTeamPerformance,3,2025-08-10T12:53:41.982975,,100+ Points 
Points Against,L,18,0,18,0.0,542.36,94,182,0.516,26,65,0.4,47,62,0.758,26,66,92,51,26,10,3,13,27,50,261,-80,460.9,2,0,456.0,2,2,2,2,2,2,2,2,2,2,2,2,2,2,2,2,2,2,2,2,2,1,1,2,2,2,2,1,1,2,1,203932,PlayerDashboardByTeamPerformance,3,2025-08-10T12:53:41.982975,0.0,All
Overall,2024-25,62,39,23,0.629,792.2466666666667,117,268,0.437,72,181,0.398,34,41,0.829,13,65,78,83,37,19,11,11,64,49,340,88,611.1,0,0,633.0,1,1,1,1,1,1,1,1,1,1,1,1,1,1,1,1,1,1,1,1,1,1,1,1,1,1,1,1,1,1,1,1628988,PlayerDashboardByTeamPerformance,0,2025-08-10T12:53:51.366635,,
Score Differential,W,10,10,0,1.0,144.26166666666666,27,60,0.45,18,44,0.409,4,6,0.667,2,14,16,18,6,5,2,1,9,8,76,118,137.2,0,0,142.0,1,1,1,1,1,2,1,3,1,1,4,4,4,8,1,2,2,1,2,1,2,4,8,1,2,1,1,1,1,1,1,1628988,PlayerDashboardByTeamPerformance,1,2025-08-10T12:53:51.366635,,Over 20 Points
Score Differential,W,8,8,0,1.0,102.34333333333333,12,32,0.375,11,26,0.423,7,8,0.875,2,8,10,7,5,1,3,0,6,4,42,-18,71.5,0,0,78.0,2,2,1,1,3,4,3,8,3,3,3,2,2,5,1,3,3,5,4,6,1,1,5,6,3,9,3,1,1,3,1,1628988,PlayerDashboardByTeamPerformance,1,2025-08-10T12:53:51.366635,,6-10 Points
Score Differential,W,8,8,0,1.0,97.92666666666666,11,29,0.379,7,18,0.389,5,7,0.714,2,4,6,7,4,2,2,1,6,7,34,23,59.7,0,0,62.0,2,2,1,1,5,5,5,7,4,5,6,3,3,7,1,6,4,5,5,4,2,4,5,3,5,2,4,1,1,4,1,1628988,PlayerDashboardByTeamPerformance,1,2025-08-10T12:53:51.366635,,5 Points and Under
Score Differential,W,8,8,0,1.0,99.21,13,30,0.433,5,20,0.25,8,10,0.8,0,5,5,10,6,1,0,0,10,8,39,-13,57.0,0,0,61.0,2,2,1,1,4,3,4,5,5,4,9,1,1,6,8,5,6,3,2,6,8,1,9,1,4,8,5,1,1,5,1,1628988,PlayerDashboardByTeamPerformance,1,2025-08-10T12:53:51.366635,,11-15 Points
Score Differential,W,5,5,0,1.0,42.821666666666665,4,9,0.444,2,5,0.4,4,4,1.0,0,6,6,5,0,2,1,1,5,5,14,-11,37.7,0,0,33.0,7,5,1,1,8,8,10,4,9,10,5,4,5,1,8,4,4,8,8,4,4,4,3,5,7,7,7,1,1,7,1,1628988,PlayerDashboardByTeamPerformance,1,2025-08-10T12:53:51.366635,,16-20 Points
Score Differential,W,39,39,0,1.0,486.56333333333333,67,160,0.419,43,113,0.381,28,35,0.8,6,37,43,47,21,11,8,3,36,32,205,99,363.1,0,0,376.0,1,1,1,1,1,1,1,2,1,1,2,1,1,2,2,1,1,1,1,1,1,1,2,1,1,1,1,1,1,1,1,1628988,PlayerDashboardByTeamPerformance,1,2025-08-10T12:53:51.366635,0.0,All
Score Differential,L,8,0,8,0.0,136.97666666666666,30,53,0.566,17,33,0.515,4,4,1.0,2,17,19,14,10,3,1,3,13,6,81,11,126.8,0,0,139.0,2,6,10,6,2,1,2,1,2,2,2,4,5,1,1,1,1,2,1,2,4,9,10,4,1,3,2,1,1,2,1,1628988,PlayerDashboardByTeamPerformance,1,2025-08-10T12:53:51.366635,,6-10 Points
Score Differential,L,6,0,6,0.0,47.09,4,16,0.25,3,14,0.214,0,0,0.0,0,4,4,3,0,1,1,1,7,1,11,-8,26.3,0,0,25.0,6,6,9,6,7,8,6,10,7,6,10,9,9,9,8,6,8,10,8,6,4,4,7,10,9,6,9,1,1,10,1,1628988,PlayerDashboardByTeamPerformance,1,2025-08-10T12:53:51.366635,,11-15 Points
Score Differential,L,5,0,5,0.0,53.38333333333333,5,13,0.385,3,9,0.333,0,0,0.0,2,2,4,9,2,3,0,1,5,3,13,1,38.3,0,0,35.0,7,6,8,6,6,7,8,6,7,7,7,9,9,9,1,9,8,4,7,2,8,4,3,8,8,5,6,1,1,6,1,1628988,PlayerDashboardByTeamPerformance,1,2025-08-10T12:53:51.366635,,5 Points and Under
Score Differential,L,2,0,2,0.0,25.916666666666668,7,15,0.467,4,6,0.667,1,1,1.0,1,2,3,6,0,0,0,3,1,3,19,8,31.6,0,0,32.0,9,6,6,6,10,6,7,2,6,8,1,7,7,1,7,9,10,7,8,10,8,9,1,8,6,4,8,1,1,8,1,1628988,PlayerDashboardByTeamPerformance,1,2025-08-10T12:53:51.366635,,16-20 Points
Score Differential,L,2,0,2,0.0,42.31666666666667,4,11,0.364,2,6,0.333,1,1,1.0,2,3,5,4,4,1,1,0,2,4,11,-23,25.0,0,0,26.0,9,6,6,6,9,8,9,9,9,8,7,7,7,1,1,8,6,9,5,6,4,1,2,6,9,10,10,1,1,9,1,1628988,PlayerDashboardByTeamPerformance,1,2025-08-10T12:53:51.366635,,Over 20 Points
Score Differential,L,23,0,23,0.0,305.68333333333334,50,108,0.463,29,68,0.426,6,6,1.0,7,28,35,36,16,8,3,8,28,17,135,-11,248.0,0,0,257.0,2,2,2,2,2,2,2,1,2,2,1,2,2,1,1,2,2,2,2,2,2,2,1,2,2,2,2,1,1,2,1,1628988,PlayerDashboardByTeamPerformance,1,2025-08-10T12:53:51.366635,0.0,All
Points Scored,W,36,36,0,1.0,431.8183333333333,63,145,0.434,41,103,0.398,25,30,0.833,6,31,37,38,17,9,8,3,30,28,192,98,327.4,0,0,342.0,1,1,1,1,1,1,1,2,1,1,2,1,1,3,1,1,1,1,1,1,1,4,5,1,1,1,1,1,1,1,1,1628988,PlayerDashboardByTeamPerformance,2,2025-08-10T12:53:51.366635,,100+ Points 
Points Scored,W,3,3,0,1.0,54.745,4,15,0.267,2,10,0.2,3,5,0.6,0,6,6,9,4,2,0,0,6,4,13,1,35.7,0,0,34.0,4,2,1,1,4,4,4,4,4,4,3,2,2,4,5,4,4,3,3,3,4,1,2,4,4,3,4,1,1,4,1,1628988,PlayerDashboardByTeamPerformance,2,2025-08-10T12:53:51.366635,,90-99 Points
Points Scored,W,39,39,0,1.0,486.56333333333333,67,160,0.419,43,113,0.381,28,35,0.8,6,37,43,47,21,11,8,3,36,32,205,99,363.1,0,0,376.0,1,1,1,1,1,1,1,2,1,1,2,1,1,2,2,1,1,1,1,1,1,1,2,1,1,1,1,1,1,1,1,1628988,PlayerDashboardByTeamPerformance,2,2025-08-10T12:53:51.366635,0.0,All
Points Scored,L,16,0,16,0.0,188.69333333333333,38,72,0.528,25,47,0.532,3,3,1.0,3,16,19,27,13,5,2,6,16,11,104,21,175.3,0,0,189.0,2,3,5,3,2,2,2,1,2,2,1,2,3,1,2,2,2,2,2,2,2,5,4,2,2,2,2,1,1,2,1,1628988,PlayerDashboardByTeamPerformance,2,2025-08-10T12:53:51.366635,,100+ Points 
Points Scored,L,6,0,6,0.0,98.37333333333333,12,32,0.375,4,20,0.2,3,3,1.0,2,11,13,9,1,2,1,2,11,5,31,-25,68.1,0,0,63.0,3,3,4,3,3,3,3,3,3,3,3,2,3,1,3,3,3,3,5,3,3,3,3,3,3,5,3,1,1,3,1,1628988,PlayerDashboardByTeamPerformance,2,2025-08-10T12:53:51.366635,,90-99 Points
Points Scored,L,1,0,1,0.0,18.616666666666667,0,4,0.0,0,1,0.0,0,0,0.0,2,1,3,0,2,1,0,0,1,1,0,-7,4.6,0,0,5.0,5,3,3,3,5,5,5,5,5,5,5,5,5,5,3,5,5,5,4,5,4,1,1,5,5,4,5,1,1,5,1,1628988,PlayerDashboardByTeamPerformance,2,2025-08-10T12:53:51.366635,,80-89 Points
Points Scored,L,23,0,23,0.0,305.68333333333334,50,108,0.463,29,68,0.426,6,6,1.0,7,28,35,36,16,8,3,8,28,17,135,-11,248.0,0,0,257.0,2,2,2,2,2,2,2,1,2,2,1,2,2,1,1,2,2,2,2,2,2,2,1,2,2,2,2,1,1,2,1,1628988,PlayerDashboardByTeamPerformance,2,2025-08-10T12:53:51.366635,0.0,All
Points Against,W,29,29,0,1.0,336.14,49,114,0.43,33,82,0.402,19,23,0.826,4,23,27,25,14,8,6,2,21,21,150,96,247.9,0,0,263.0,1,1,1,1,1,1,1,3,1,1,3,1,1,3,2,2,2,2,2,1,1,4,4,1,1,1,1,1,1,1,1,1628988,PlayerDashboardByTeamPerformance,3,2025-08-10T12:53:51.367635,,100+ Points 
Points Against,W,7,7,0,1.0,98.545,14,30,0.467,7,18,0.389,6,7,0.857,2,9,11,13,3,2,2,1,10,6,41,4,82.7,0,0,80.0,3,2,1,1,3,3,3,1,3,3,4,2,2,2,3,3,3,3,4,3,3,2,3,3,3,2,3,1,1,3,1,1628988,PlayerDashboardByTeamPerformance,3,2025-08-10T12:53:51.367635,,90-99 Points
Points Against,W,3,3,0,1.0,51.87833333333333,4,16,0.25,3,13,0.231,3,5,0.6,0,5,5,9,4,1,0,0,5,5,14,-1,32.5,0,0,33.0,4,3,1,1,4,4,4,5,4,4,5,4,4,4,4,4,4,4,3,4,4,1,2,4,4,3,4,1,1,4,1,1628988,PlayerDashboardByTeamPerformance,3,2025-08-10T12:53:51.367635,,80-89 Points
Points Against,W,39,39,0,1.0,486.56333333333333,67,160,0.419,43,113,0.381,28,35,0.8,6,37,43,47,21,11,8,3,36,32,205,99,363.1,0,0,376.0,1,1,1,1,1,1,1,2,1,1,2,1,1,2,2,1,1,1,1,1,1,1,2,1,1,1,1,1,1,1,1,1628988,PlayerDashboardByTeamPerformance,3,2025-08-10T12:53:51.367635,0.0,All
Points Against,L,21,0,21,0.0,277.545,49,105,0.467,28,66,0.424,6,6,1.0,7,26,33,32,16,8,3,7,27,16,132,-3,236.6,0,0,247.0,2,4,5,4,2,1,2,1,2,2,2,2,3,1,1,1,1,1,1,1,2,5,5,2,2,4,2,1,1,2,1,1628988,PlayerDashboardByTeamPerformance,3,2025-08-10T12:53:51.367635,,100+ Points 
Points Against,L,2,0,2,0.0,28.138333333333332,1,3,0.333,1,2,0.5,0,0,0.0,0,2,2,4,0,0,0,1,1,1,3,-8,11.4,0,0,10.0,5,4,4,4,5,5,5,4,5,5,1,5,5,5,4,5,5,5,5,5,4,2,1,5,5,5,5,1,1,5,1,1628988,PlayerDashboardByTeamPerformance,3,2025-08-10T12:53:51.367635,,90-99 Points
Points Against,L,23,0,23,0.0,305.68333333333334,50,108,0.463,29,68,0.426,6,6,1.0,7,28,35,36,16,8,3,8,28,17,135,-11,248.0,0,0,257.0,2,2,2,2,2,2,2,1,2,2,1,2,2,1,1,2,2,2,2,2,2,2,1,2,2,2,2,1,1,2,1,1628988,PlayerDashboardByTeamPerformance,3,2025-08-10T12:53:51.367635,0.0,All
Overall,2024-25,45,29,16,0.644,1121.6183333333333,192,379,0.507,84,195,0.431,73,80,0.913,37,141,178,54,37,35,17,22,114,77,541,198,954.6,0,0,961.0,1,1,1,1,1,1,1,1,1,1,1,1,1,1,1,1,1,1,1,1,1,1,1,1,1,1,1,1,1,1,1,1630174,PlayerDashboardByTeamPerformance,0,2025-08-10T12:53:56.878242,,
Score Differential,W,10,10,0,1.0,283.54333333333335,47,95,0.495,20,47,0.426,28,30,0.933,6,42,48,12,9,10,7,2,31,23,142,45,259.6,0,0,256.0,1,1,1,1,1,1,1,5,1,1,6,1,1,5,2,1,1,1,1,1,1,4,10,1,1,3,1,1,1,1,1,1630174,PlayerDashboardByTeamPerformance,1,2025-08-10T12:53:56.879278,,5 Points and Under
Score Differential,W,8,8,0,1.0,193.78,39,73,0.534,20,45,0.444,11,13,0.846,9,20,29,7,1,3,2,3,15,17,109,116,168.3,0,0,175.0,2,2,1,1,2,2,2,4,1,2,4,3,2,6,1,2,2,3,8,5,3,6,8,2,2,1,2,1,1,2,1,1630174,PlayerDashboardByTeamPerformance,1,2025-08-10T12:53:56.879278,,11-15 Points
Score Differential,W,5,5,0,1.0,116.805,12,29,0.414,5,15,0.333,13,13,1.0,4,17,21,5,4,6,1,4,14,12,42,-16,91.7,0,0,87.0,3,3,1,1,5,7,5,7,7,5,8,2,2,1,4,3,3,5,5,3,4,10,7,3,6,8,5,1,1,5,1,1630174,PlayerDashboardByTeamPerformance,1,2025-08-10T12:53:56.879278,,6-10 Points
Score Differential,W,3,3,0,1.0,72.7,19,29,0.655,7,13,0.538,3,3,1.0,5,13,18,5,4,0,0,2,6,5,48,43,73.1,0,0,78.0,7,4,1,1,7,4,5,1,4,6,2,6,6,1,3,6,5,5,5,9,8,4,3,6,5,4,6,1,1,6,1,1630174,PlayerDashboardByTeamPerformance,1,2025-08-10T12:53:56.879278,,16-20 Points
Score Differential,W,3,3,0,1.0,59.0,13,21,0.619,6,10,0.6,0,1,0.0,3,9,12,2,5,0,0,1,7,2,32,48,44.4,0,0,52.0,7,4,1,1,8,6,8,2,6,7,1,8,7,8,5,7,7,9,2,9,8,2,4,8,7,2,7,1,1,7,1,1630174,PlayerDashboardByTeamPerformance,1,2025-08-10T12:53:56.879278,,Over 20 Points
Score Differential,W,29,29,0,1.0,725.8283333333334,130,247,0.526,58,130,0.446,55,60,0.917,27,101,128,31,23,19,10,12,73,59,373,236,637.1,0,0,648.0,1,1,1,1,1,1,1,1,1,1,1,1,1,1,1,1,1,1,1,1,1,2,2,1,1,1,1,1,1,1,1,1630174,PlayerDashboardByTeamPerformance,1,2025-08-10T12:53:56.879278,0.0,All
Score Differential,L,5,0,5,0.0,135.51333333333332,32,55,0.582,14,30,0.467,8,8,1.0,3,14,17,7,5,4,4,3,9,7,86,43,135.9,0,0,140.0,3,6,9,6,4,3,3,3,3,3,3,5,5,1,5,5,6,3,2,4,2,6,5,4,3,4,3,1,1,3,1,1630174,PlayerDashboardByTeamPerformance,1,2025-08-10T12:53:56.879278,,6-10 Points
Score Differential,L,5,0,5,0.0,149.00333333333333,19,42,0.452,7,18,0.389,9,11,0.818,3,16,19,8,5,7,1,3,18,7,54,-6,107.8,0,0,104.0,3,6,9,6,3,4,4,6,4,4,7,4,4,7,5,4,4,2,2,2,4,6,9,4,4,6,4,1,1,4,1,1630174,PlayerDashboardByTeamPerformance,1,2025-08-10T12:53:56.879278,,5 Points and Under
Score Differential,L,4,0,4,0.0,75.34,8,23,0.348,2,8,0.25,1,1,1.0,3,6,9,3,4,3,1,3,9,3,19,-48,42.3,0,0,41.0,6,6,8,6,6,8,7,8,9,8,9,7,7,1,5,8,8,7,5,5,4,6,5,7,8,10,8,1,1,8,1,1630174,PlayerDashboardByTeamPerformance,1,2025-08-10T12:53:56.879278,,Over 20 Points
Score Differential,L,1,0,1,0.0,22.5,3,9,0.333,3,7,0.429,0,0,0.0,1,4,5,2,0,1,1,1,1,0,9,-18,24.0,0,0,23.0,9,6,6,6,9,9,9,9,8,9,5,8,9,8,9,9,9,9,9,7,4,2,1,10,9,9,9,1,1,9,1,1630174,PlayerDashboardByTeamPerformance,1,2025-08-10T12:53:56.879278,,16-20 Points
Score Differential,L,1,0,1,0.0,13.433333333333334,0,3,0.0,0,2,0.0,0,0,0.0,0,0,0,3,0,1,0,0,4,1,0,-9,7.5,0,0,5.0,9,6,6,6,10,10,10,10,10,10,10,8,9,8,10,10,10,7,9,7,8,1,2,9,10,7,10,1,1,10,1,1630174,PlayerDashboardByTeamPerformance,1,2025-08-10T12:53:56.879278,,11-15 Points
Score Differential,L,16,0,16,0.0,395.79,62,132,0.47,26,65,0.4,18,20,0.9,10,40,50,23,14,16,7,10,41,18,168,-38,317.5,0,0,313.0,2,2,2,2,2,2,2,2,2,2,2,2,2,2,2,2,2,2,2,2,2,1,1,2,2,2,2,1,1,2,1,1630174,PlayerDashboardByTeamPerformance,1,2025-08-10T12:53:56.879278,0.0,All
Points Scored,W,29,29,0,1.0,725.8283333333334,130,247,0.526,58,130,0.446,55,60,0.917,27,101,128,31,23,19,10,12,73,59,373,236,637.1,0,0,648.0,1,1,1,1,1,1,1,1,1,1,2,1,1,1,1,1,1,1,1,1,1,4,4,1,1,1,1,1,1,1,1,1630174,PlayerDashboardByTeamPerformance,2,2025-08-10T12:53:56.879278,,100+ Points 
Points Scored,W,29,29,0,1.0,725.8283333333334,130,247,0.526,58,130,0.446,55,60,0.917,27,101,128,31,23,19,10,12,73,59,373,236,637.1,0,0,648.0,1,1,1,1,1,1,1,1,1,1,1,1,1,1,1,1,1,1,1,1,1,2,2,1,1,1,1,1,1,1,1,1630174,PlayerDashboardByTeamPerformance,2,2025-08-10T12:53:56.879278,0.0,All
Points Scored,L,14,0,14,0.0,361.5083333333333,58,122,0.475,25,62,0.403,18,20,0.9,9,39,48,21,12,14,7,9,37,17,159,-15,299.1,0,0,295.0,2,2,4,2,2,2,2,2,2,2,3,2,2,2,2,2,2,2,2,2,2,3,3,2,2,4,2,1,1,2,1,1630174,PlayerDashboardByTeamPerformance,2,2025-08-10T12:53:56.879278,,100+ Points 
Points Scored,L,1,0,1,0.0,16.565,2,5,0.4,1,2,0.5,0,0,0.0,0,0,0,2,1,2,0,0,1,1,5,-9,13.0,0,0,12.0,3,2,2,2,4,3,3,3,3,3,1,3,3,3,4,4,4,3,3,3,3,1,1,3,3,2,3,1,1,3,1,1630174,PlayerDashboardByTeamPerformance,2,2025-08-10T12:53:56.879278,,80-89 Points
Points Scored,L,1,0,1,0.0,17.716666666666665,2,5,0.4,0,1,0.0,0,0,0.0,1,1,2,0,1,0,0,1,3,0,4,-14,5.4,0,0,6.0,3,2,2,2,3,3,3,3,4,4,4,3,3,3,3,3,3,4,3,4,3,2,2,4,4,3,4,1,1,4,1,1630174,PlayerDashboardByTeamPerformance,2,2025-08-10T12:53:56.879278,,90-99 Points
Points Scored,L,16,0,16,0.0,395.79,62,132,0.47,26,65,0.4,18,20,0.9,10,40,50,23,14,16,7,10,41,18,168,-38,317.5,0,0,313.0,2,2,2,2,2,2,2,2,2,2,2,2,2,2,2,2,2,2,2,2,2,1,1,2,2,2,2,1,1,2,1,1630174,PlayerDashboardByTeamPerformance,2,2025-08-10T12:53:56.879278,0.0,All
Points Against,W,25,25,0,1.0,618.1116666666667,115,216,0.532,52,113,0.46,49,54,0.907,24,82,106,25,14,16,10,9,59,52,331,200,559.7,0,0,566.0,1,1,1,1,1,1,1,1,1,1,1,1,1,2,1,1,1,1,1,1,1,2,3,1,1,1,1,1,1,1,1,1630174,PlayerDashboardByTeamPerformance,3,2025-08-10T12:53:56.879278,,100+ Points 
Points Against,W,4,4,0,1.0,107.71666666666667,15,31,0.484,6,17,0.353,6,6,1.0,3,19,22,6,9,3,0,3,14,7,42,36,77.4,0,0,82.0,3,2,1,1,3,3,3,2,3,3,3,3,3,1,3,3,3,3,3,3,3,1,1,3,3,2,3,1,1,3,1,1630174,PlayerDashboardByTeamPerformance,3,2025-08-10T12:53:56.879278,,90-99 Points
Points Against,W,29,29,0,1.0,725.8283333333334,130,247,0.526,58,130,0.446,55,60,0.917,27,101,128,31,23,19,10,12,73,59,373,236,637.1,0,0,648.0,1,1,1,1,1,1,1,1,1,1,1,1,1,1,1,1,1,1,1,1,1,2,2,1,1,1,1,1,1,1,1,1630174,PlayerDashboardByTeamPerformance,3,2025-08-10T12:53:56.879278,0.0,All
Points Against,L,16,0,16,0.0,395.79,62,132,0.47,26,65,0.4,18,20,0.9,10,40,50,23,14,16,7,10,41,18,168,-38,317.5,0,0,313.0,2,3,3,3,2,2,2,3,2,2,2,2,2,3,2,2,2,2,1,1,2,3,2,2,2,3,2,1,1,2,1,1630174,PlayerDashboardByTeamPerformance,3,2025-08-10T12:53:56.879278,,100+ Points 
Points Against,L,16,0,16,0.0,395.79,62,132,0.47,26,65,0.4,18,20,0.9,10,40,50,23,14,16,7,10,41,18,168,-38,317.5,0,0,313.0,2,2,2,2,2,2,2,2,2,2,2,2,2,2,2,2,2,2,2,2,2,1,1,2,2,2,2,1,1,2,1,1630174,PlayerDashboardByTeamPerformance,3,2025-08-10T12:53:56.879278,0.0,All
Overall,2024-25,76,62,14,0.816,1743.9,355,728,0.488,130,339,0.383,74,89,0.831,81,214,295,134,69,60,18,39,101,68,914,514,1634.0,2,0,1629.0,1,1,1,1,1,1,1,1,1,1,1,1,1,1,1,1,1,1,1,1,1,1,1,1,1,1,1,1,1,1,1,1630598,PlayerDashboardByTeamPerformance,0,2025-08-10T12:54:05.634279,,
Score Differential,W,18,18,0,1.0,451.475,115,204,0.564,37,90,0.411,33,38,0.868,24,62,86,39,22,24,3,11,21,26,300,308,520.7,1,0,516.0,1,1,1,1,1,1,1,1,1,1,3,1,1,3,1,1,1,1,1,1,2,9,9,1,1,1,1,1,1,1,1,1630598,PlayerDashboardByTeamPerformance,1,2025-08-10T12:54:05.634279,,Over 20 Points
Score Differential,W,15,15,0,1.0,298.12,49,111,0.441,22,59,0.373,7,9,0.778,13,36,49,19,8,9,6,4,16,8,127,61,251.3,0,0,247.0,2,2,1,1,4,4,4,7,3,3,5,4,4,6,3,3,4,4,4,3,1,6,7,3,4,4,4,3,1,4,1,1630598,PlayerDashboardByTeamPerformance,1,2025-08-10T12:54:05.634279,,6-10 Points
Score Differential,W,14,14,0,1.0,316.99833333333333,57,126,0.452,18,51,0.353,10,12,0.833,20,32,52,33,12,7,3,10,15,8,142,123,271.9,0,0,265.0,3,3,1,1,3,3,3,6,4,4,6,3,3,4,2,4,3,2,3,4,2,8,6,3,3,2,3,3,1,3,1,1630598,PlayerDashboardByTeamPerformance,1,2025-08-10T12:54:05.634279,,16-20 Points
Score Differential,W,13,13,0,1.0,332.1716666666667,70,142,0.493,28,65,0.431,15,17,0.882,11,43,54,27,14,13,3,9,20,16,183,116,322.3,1,0,324.0,4,4,1,1,2,2,2,3,2,2,2,2,2,2,4,2,2,3,2,2,2,7,8,2,2,3,2,1,1,2,1,1630598,PlayerDashboardByTeamPerformance,1,2025-08-10T12:54:05.634279,,11-15 Points
Score Differential,W,2,2,0,1.0,40.385,11,22,0.5,4,10,0.4,0,0,0.0,1,3,4,1,2,0,0,1,4,2,26,0,30.3,0,0,35.0,8,5,1,1,8,8,8,2,8,8,4,9,9,9,8,9,9,8,6,8,7,2,2,6,8,5,8,3,1,8,1,1630598,PlayerDashboardByTeamPerformance,1,2025-08-10T12:54:05.634279,,5 Points and Under
Score Differential,W,62,62,0,1.0,1439.15,302,605,0.499,109,275,0.396,65,76,0.855,69,176,245,119,58,53,15,35,76,60,778,608,1396.5,2,0,1387.0,1,1,1,1,1,1,1,1,1,1,1,1,1,1,1,1,1,1,1,1,1,2,2,1,1,1,1,1,1,1,1,1630598,PlayerDashboardByTeamPerformance,1,2025-08-10T12:54:05.634279,0.0,All
Score Differential,L,5,0,5,0.0,106.89833333333333,19,41,0.463,6,23,0.261,1,2,0.5,4,12,16,5,7,2,0,1,12,2,45,-7,70.7,0,0,76.0,5,6,9,6,5,6,6,4,6,5,8,8,7,7,6,5,6,5,5,6,7,2,5,6,6,6,6,3,1,6,1,1630598,PlayerDashboardByTeamPerformance,1,2025-08-10T12:54:05.634279,,6-10 Points
Score Differential,L,4,0,4,0.0,98.505,21,46,0.457,6,21,0.286,4,5,0.8,5,12,17,4,1,4,2,2,6,3,52,-12,95.4,0,0,91.0,6,6,7,6,6,5,5,5,6,6,7,5,5,5,5,5,5,7,8,5,5,5,3,5,5,7,5,3,1,5,1,1630598,PlayerDashboardByTeamPerformance,1,2025-08-10T12:54:05.634279,,5 Points and Under
Score Differential,L,4,0,4,0.0,78.39666666666666,12,30,0.4,9,17,0.529,2,2,1.0,2,10,12,5,2,1,1,0,6,1,35,-58,60.9,0,0,65.0,6,6,7,6,7,7,7,8,5,7,1,6,7,1,7,7,7,5,6,7,6,1,3,9,7,9,7,3,1,7,1,1630598,PlayerDashboardByTeamPerformance,1,2025-08-10T12:54:05.634279,,11-15 Points
Score Differential,L,1,0,1,0.0,20.95,1,6,0.167,0,3,0.0,2,4,0.5,1,4,5,1,1,0,0,1,1,2,4,-17,10.5,0,0,10.0,9,6,6,6,9,9,9,9,9,9,9,6,6,7,8,8,8,8,8,8,7,2,1,6,9,8,9,3,1,9,1,1630598,PlayerDashboardByTeamPerformance,1,2025-08-10T12:54:05.634279,,Over 20 Points
Score Differential,L,14,0,14,0.0,304.75,53,123,0.431,21,64,0.328,9,13,0.692,12,38,50,15,11,7,3,4,25,8,136,-94,237.5,0,0,242.0,2,2,2,2,2,2,2,2,2,2,2,2,2,2,2,2,2,2,2,2,2,1,1,2,2,2,2,2,1,2,1,1630598,PlayerDashboardByTeamPerformance,1,2025-08-10T12:54:05.634279,0.0,All
Points Scored,W,61,61,0,1.0,1419.2466666666667,300,600,0.5,108,274,0.394,62,72,0.861,68,176,244,117,58,53,15,34,73,58,770,595,1384.3,2,0,1375.0,1,1,1,1,1,1,1,1,1,1,2,1,1,1,1,1,1,1,1,1,1,4,4,1,1,1,1,1,1,1,1,1630598,PlayerDashboardByTeamPerformance,2,2025-08-10T12:54:05.634279,,100+ Points 
Points Scored,W,1,1,0,1.0,19.903333333333332,2,5,0.4,1,1,1.0,3,4,0.75,1,0,1,2,0,0,0,1,3,2,8,13,12.2,0,0,12.0,4,2,1,1,4,4,4,4,4,4,1,3,3,3,4,4,4,4,4,4,3,1,1,3,4,2,4,2,1,4,1,1630598,PlayerDashboardByTeamPerformance,2,2025-08-10T12:54:05.634279,,90-99 Points
Points Scored,W,62,62,0,1.0,1439.15,302,605,0.499,109,275,0.396,65,76,0.855,69,176,245,119,58,53,15,35,76,60,778,608,1396.5,2,0,1387.0,1,1,1,1,1,1,1,1,1,1,1,1,1,1,1,1,1,1,1,1,1,2,2,1,1,1,1,1,1,1,1,1630598,PlayerDashboardByTeamPerformance,2,2025-08-10T12:54:05.634279,0.0,All
Points Scored,L,12,0,12,0.0,260.57666666666665,47,109,0.431,19,57,0.333,7,9,0.778,9,30,39,12,7,6,3,3,18,6,120,-72,204.8,0,0,208.0,2,3,4,3,2,2,2,2,2,2,3,2,2,2,2,2,2,2,2,2,2,3,3,2,2,4,2,2,1,2,1,1630598,PlayerDashboardByTeamPerformance,2,2025-08-10T12:54:05.634279,,100+ Points 
Points Scored,L,2,0,2,0.0,44.17333333333333,6,14,0.429,2,7,0.286,2,4,0.5,3,8,11,3,4,1,0,1,7,2,16,-22,32.7,0,0,34.0,3,3,3,3,3,3,3,3,3,3,4,4,3,4,3,3,3,3,3,3,3,1,2,3,3,3,3,2,1,3,1,1630598,PlayerDashboardByTeamPerformance,2,2025-08-10T12:54:05.634279,,90-99 Points
Points Scored,L,14,0,14,0.0,304.75,53,123,0.431,21,64,0.328,9,13,0.692,12,38,50,15,11,7,3,4,25,8,136,-94,237.5,0,0,242.0,2,2,2,2,2,2,2,2,2,2,2,2,2,2,2,2,2,2,2,2,2,1,1,2,2,2,2,2,1,2,1,1630598,PlayerDashboardByTeamPerformance,2,2025-08-10T12:54:05.634279,0.0,All
Points Against,W,43,43,0,1.0,1017.9466666666667,218,436,0.5,83,203,0.409,46,54,0.852,49,126,175,87,43,36,10,22,48,42,565,399,1000.5,2,0,1002.0,1,1,1,1,1,1,1,1,1,1,1,1,1,3,1,1,1,1,1,1,1,4,4,1,1,1,1,1,1,1,1,1630598,PlayerDashboardByTeamPerformance,3,2025-08-10T12:54:05.634279,,100+ Points 
Points Against,W,14,14,0,1.0,308.5,54,109,0.495,19,51,0.373,12,14,0.857,12,36,48,22,11,13,2,7,21,14,139,163,263.6,0,0,258.0,2,2,1,1,2,2,3,3,3,3,2,2,2,2,2,3,3,2,2,2,4,3,2,2,2,2,2,2,1,2,1,1630598,PlayerDashboardByTeamPerformance,3,2025-08-10T12:54:05.634279,,90-99 Points
Points Against,W,5,5,0,1.0,112.70333333333333,30,60,0.5,7,21,0.333,7,8,0.875,8,14,22,10,4,4,3,6,7,4,74,46,132.4,0,0,127.0,4,3,1,1,4,4,4,1,4,4,3,4,4,1,4,4,4,4,4,4,2,2,1,4,4,3,4,2,1,4,1,1630598,PlayerDashboardByTeamPerformance,3,2025-08-10T12:54:05.634279,,80-89 Points
Points Against,W,62,62,0,1.0,1439.15,302,605,0.499,109,275,0.396,65,76,0.855,69,176,245,119,58,53,15,35,76,60,778,608,1396.5,2,0,1387.0,1,1,1,1,1,1,1,1,1,1,1,1,1,1,1,1,1,1,1,1,1,2,2,1,1,1,1,1,1,1,1,1630598,PlayerDashboardByTeamPerformance,3,2025-08-10T12:54:05.634279,0.0,All
Points Against,L,14,0,14,0.0,304.75,53,123,0.431,21,64,0.328,9,13,0.692,12,38,50,15,11,7,3,4,25,8,136,-94,237.5,0,0,242.0,2,4,4,4,3,3,2,4,2,2,4,3,3,4,2,2,2,3,2,3,2,1,3,3,3,4,3,2,1,3,1,1630598,PlayerDashboardByTeamPerformance,3,2025-08-10T12:54:05.634279,,100+ Points 
Points Against,L,14,0,14,0.0,304.75,53,123,0.431,21,64,0.328,9,13,0.692,12,38,50,15,11,7,3,4,25,8,136,-94,237.5,0,0,242.0,2,2,2,2,2,2,2,2,2,2,2,2,2,2,2,2,2,2,2,2,2,1,1,2,2,2,2,2,1,2,1,1630598,PlayerDashboardByTeamPerformance,3,2025-08-10T12:54:05.634279,0.0,All
Overall,2024,5,2,3,0.4,126.20166666666667,29,68,0.426,18,45,0.4,4,6,0.667,3,10,13,7,3,3,0,2,9,8,80,-20,112.1,0,0,124.0,2,2,1,2,2,2,2,1,2,2,1,1,1,2,2,2,2,2,2,2,2,1,1,1,2,2,2,1,1,2,1,1641745,PlayerDashboardByTeamPerformance,0,2025-08-10T12:54:12.001359,,
Overall,2024-25,38,35,3,0.921,231.29833333333335,35,116,0.302,22,83,0.265,3,4,0.75,9,25,34,17,5,9,3,2,18,5,96,46,193.3,0,0,193.0,1,1,1,1,1,1,1,2,1,1,2,2,2,1,1,1,1,1,1,1,1,1,2,2,1,1,1,1,1,1,2,1641745,PlayerDashboardByTeamPerformance,0,2025-08-10T12:54:12.001359,,
Score Differential,W,16,16,0,1.0,168.05,32,92,0.348,18,59,0.305,3,4,0.75,9,21,30,19,7,7,1,2,12,6,86,79,167.5,0,0,169.0,1,1,1,1,1,1,1,3,1,1,4,1,1,1,1,1,1,1,1,1,1,8,8,1,1,1,1,1,1,1,2,1641745,PlayerDashboardByTeamPerformance,1,2025-08-10T12:54:12.001359,,Over 20 Points
Score Differential,W,11,11,0,1.0,34.035,3,18,0.167,3,16,0.188,0,0,0.0,0,3,3,0,0,1,1,1,5,0,9,-36,18.6,0,0,19.0,2,2,1,1,5,5,4,7,4,4,5,4,4,4,4,3,3,4,3,3,1,6,7,5,5,8,4,1,1,4,1,1641745,PlayerDashboardByTeamPerformance,1,2025-08-10T12:54:12.001359,,16-20 Points
Score Differential,W,6,6,0,1.0,34.87833333333333,2,9,0.222,0,6,0.0,0,0,0.0,0,2,2,0,0,0,0,0,3,0,4,-7,6.4,0,0,6.0,3,3,1,1,4,6,5,6,6,5,6,4,4,4,4,5,6,4,3,6,4,1,5,5,6,6,6,1,1,6,1,1641745,PlayerDashboardByTeamPerformance,1,2025-08-10T12:54:12.001359,,11-15 Points
Score Differential,W,3,3,0,1.0,3.5933333333333333,0,0,0.0,0,0,0.0,0,0,0.0,0,0,0,0,0,0,0,0,0,0,0,4,0.0,0,0,0.0,4,4,1,1,8,8,8,8,6,8,6,4,4,4,4,7,7,4,3,6,4,1,1,5,8,3,8,1,1,8,1,1641745,PlayerDashboardByTeamPerformance,1,2025-08-10T12:54:12.001359,,6-10 Points
Score Differential,W,1,1,0,1.0,26.426666666666666,4,9,0.444,2,6,0.333,1,2,0.5,1,2,3,0,0,1,0,1,2,3,11,7,17.6,0,0,18.0,7,5,1,1,6,4,5,2,5,5,2,3,3,3,3,5,3,4,3,3,4,6,3,2,4,2,5,1,1,5,1,1641745,PlayerDashboardByTeamPerformance,1,2025-08-10T12:54:12.001359,,5 Points and Under
Score Differential,W,37,37,0,1.0,266.98333333333335,41,128,0.32,23,87,0.264,4,6,0.667,10,28,38,19,7,9,2,4,22,9,110,47,210.1,0,0,212.0,1,1,1,1,1,1,1,2,1,1,2,1,1,2,1,1,1,1,1,1,1,2,2,1,1,1,1,1,1,1,2,1641745,PlayerDashboardByTeamPerformance,1,2025-08-10T12:54:12.001359,0.0,All
Score Differential,L,3,0,3,0.0,35.375,7,23,0.304,7,21,0.333,0,0,0.0,2,4,6,3,0,2,0,0,2,1,21,3,38.7,0,0,41.0,4,6,8,6,3,3,3,5,3,2,2,4,4,4,2,2,2,2,3,2,4,1,3,4,3,4,3,1,1,3,1,1641745,PlayerDashboardByTeamPerformance,1,2025-08-10T12:54:12.001359,,6-10 Points
Score Differential,L,2,0,2,0.0,51.375,15,30,0.5,10,18,0.556,3,4,0.75,0,3,3,2,1,1,0,0,3,3,43,-26,51.6,0,0,60.0,6,6,7,6,2,2,2,1,2,3,1,1,1,1,4,3,3,3,2,3,4,1,5,2,2,7,2,1,1,2,1,1641745,PlayerDashboardByTeamPerformance,1,2025-08-10T12:54:12.001359,,Over 20 Points
Score Differential,L,1,0,1,0.0,3.7666666666666666,1,3,0.333,0,2,0.0,0,0,0.0,0,0,0,0,0,0,1,0,0,0,2,2,5.0,0,0,4.0,7,6,6,6,7,7,7,4,6,7,6,4,4,4,4,7,7,4,3,6,1,1,1,5,7,5,7,1,1,7,1,1641745,PlayerDashboardByTeamPerformance,1,2025-08-10T12:54:12.001359,,11-15 Points
Score Differential,L,6,0,6,0.0,90.51666666666667,23,56,0.411,17,41,0.415,3,4,0.75,2,7,9,5,1,3,1,0,5,4,66,-21,95.3,0,0,105.0,2,2,2,2,2,2,2,1,2,2,1,2,2,1,2,2,2,2,2,2,2,1,1,2,2,2,2,1,1,2,1,1641745,PlayerDashboardByTeamPerformance,1,2025-08-10T12:54:12.001359,0.0,All
Points Scored,W,34,34,0,1.0,212.29,33,103,0.32,21,72,0.292,3,4,0.75,8,23,31,17,5,8,2,2,16,5,91,43,178.7,0,0,180.0,1,1,1,1,1,1,1,5,1,1,5,1,1,2,1,1,1,1,1,1,1,7,7,1,1,1,1,1,1,1,2,1641745,PlayerDashboardByTeamPerformance,2,2025-08-10T12:54:12.001359,,100+ Points 
Points Scored,W,2,2,0,1.0,28.266666666666666,4,16,0.25,0,9,0.0,0,0,0.0,1,3,4,2,2,0,0,1,4,1,8,-3,13.8,0,0,14.0,2,2,1,1,3,5,2,6,7,4,7,5,5,5,2,2,2,3,2,6,3,5,6,4,6,4,6,1,1,6,1,1641745,PlayerDashboardByTeamPerformance,2,2025-08-10T12:54:12.001359,,90-99 Points
Points Scored,W,1,1,0,1.0,26.426666666666666,4,9,0.444,2,6,0.333,1,2,0.5,1,2,3,0,0,1,0,1,2,3,11,7,17.6,0,0,18.0,5,3,1,1,4,5,7,2,5,7,4,3,2,3,2,5,4,5,4,2,3,5,4,2,5,3,5,1,1,5,1,1641745,PlayerDashboardByTeamPerformance,2,2025-08-10T12:54:12.001359,,80-89 Points
Points Scored,W,37,37,0,1.0,266.98333333333335,41,128,0.32,23,87,0.264,4,6,0.667,10,28,38,19,7,9,2,4,22,9,110,47,210.1,0,0,212.0,1,1,1,1,1,1,1,2,1,1,2,1,1,2,1,1,1,1,1,1,1,2,2,1,1,1,1,1,1,1,2,1641745,PlayerDashboardByTeamPerformance,2,2025-08-10T12:54:12.001359,0.0,All
Points Scored,L,2,0,2,0.0,24.858333333333334,6,15,0.4,6,14,0.429,0,0,0.0,1,3,4,3,0,1,0,0,1,1,18,-3,30.3,0,0,33.0,2,4,6,4,5,4,4,4,2,2,2,5,5,5,2,2,2,2,4,2,3,1,2,4,4,4,2,1,1,2,1,1641745,PlayerDashboardByTeamPerformance,2,2025-08-10T12:54:12.001359,,90-99 Points
Points Scored,L,2,0,2,0.0,14.283333333333333,2,11,0.182,1,9,0.111,0,0,0.0,1,1,2,0,0,1,1,0,1,0,5,8,13.4,0,0,12.0,2,4,6,4,7,7,6,7,6,4,6,5,5,5,2,6,6,5,4,2,2,1,2,7,7,2,7,1,1,7,1,1641745,PlayerDashboardByTeamPerformance,2,2025-08-10T12:54:12.001359,,100+ Points 
Points Scored,L,1,0,1,0.0,28.325,8,14,0.571,6,7,0.857,1,2,0.5,0,0,0,0,1,1,0,0,0,2,23,-19,25.0,0,0,31.0,5,4,4,4,2,2,5,1,2,6,1,3,2,3,6,7,7,5,3,2,3,1,1,3,2,7,4,1,1,3,1,1641745,PlayerDashboardByTeamPerformance,2,2025-08-10T12:54:12.001359,,60-69 Points
Points Scored,L,1,0,1,0.0,23.05,7,16,0.438,4,11,0.364,2,2,1.0,0,3,3,2,0,0,0,0,3,1,20,-7,26.6,0,0,29.0,5,4,4,4,6,3,2,3,4,3,3,2,2,1,6,2,4,3,4,6,3,1,5,4,3,6,3,1,1,4,1,1641745,PlayerDashboardByTeamPerformance,2,2025-08-10T12:54:12.001359,,70-79 Points
Points Scored,L,6,0,6,0.0,90.51666666666667,23,56,0.411,17,41,0.415,3,4,0.75,2,7,9,5,1,3,1,0,5,4,66,-21,95.3,0,0,105.0,2,2,2,2,2,2,2,1,2,2,1,2,2,1,2,2,2,2,2,2,2,1,1,2,2,2,2,1,1,2,1,1641745,PlayerDashboardByTeamPerformance,2,2025-08-10T12:54:12.001359,0.0,All
Points Against,W,25,25,0,1.0,148.1,20,68,0.294,11,49,0.224,1,2,0.5,5,17,22,12,4,4,2,2,10,1,52,18,110.4,0,0,109.0,1,1,1,1,1,1,1,5,1,1,5,3,1,3,1,1,1,1,1,1,1,5,6,5,1,2,1,1,1,1,1,1641745,PlayerDashboardByTeamPerformance,3,2025-08-10T12:54:12.001359,,100+ Points 
Points Against,W,6,6,0,1.0,51.63166666666667,12,33,0.364,9,21,0.429,2,2,1.0,3,5,8,5,1,4,0,0,5,4,36,36,64.1,0,0,66.0,2,2,1,1,3,3,3,2,3,3,2,1,1,1,2,3,3,2,3,1,3,1,3,1,3,1,3,1,1,3,2,1641745,PlayerDashboardByTeamPerformance,3,2025-08-10T12:54:12.001359,,90-99 Points
Points Against,W,4,4,0,1.0,16.891666666666666,1,4,0.25,1,4,0.25,0,0,0.0,0,2,2,0,0,0,0,0,2,0,3,-16,5.4,0,0,6.0,4,3,1,1,6,6,6,6,6,6,4,6,6,6,5,5,5,5,5,6,3,1,2,6,6,5,6,1,1,6,1,1641745,PlayerDashboardByTeamPerformance,3,2025-08-10T12:54:12.001359,,80-89 Points
Points Against,W,2,2,0,1.0,50.36,8,23,0.348,2,13,0.154,1,2,0.5,2,4,6,2,2,1,0,2,5,4,19,9,30.2,0,0,31.0,5,4,1,1,4,4,4,4,5,4,6,3,1,3,3,4,4,4,2,4,3,5,3,1,5,3,4,1,1,4,1,1641745,PlayerDashboardByTeamPerformance,3,2025-08-10T12:54:12.001359,,70-79 Points
Points Against,W,37,37,0,1.0,266.98333333333335,41,128,0.32,23,87,0.264,4,6,0.667,10,28,38,19,7,9,2,4,22,9,110,47,210.1,0,0,212.0,1,1,1,1,1,1,1,2,1,1,2,1,1,2,1,1,1,1,1,1,1,2,2,1,1,1,1,1,1,1,2,1641745,PlayerDashboardByTeamPerformance,3,2025-08-10T12:54:12.001359,0.0,All
Points Against,L,5,0,5,0.0,62.19166666666667,15,42,0.357,11,34,0.324,2,2,1.0,2,7,9,5,0,2,1,0,5,2,43,-2,70.3,0,0,74.0,3,5,6,5,2,2,2,3,1,2,3,1,1,1,3,2,2,2,5,3,2,1,3,3,2,4,2,1,1,2,1,1641745,PlayerDashboardByTeamPerformance,3,2025-08-10T12:54:12.001359,,100+ Points 
Points Against,L,1,0,1,0.0,28.325,8,14,0.571,6,7,0.857,1,2,0.5,0,0,0,0,1,1,0,0,0,2,23,-19,25.0,0,0,31.0,6,5,5,5,5,4,5,1,4,5,1,3,1,3,5,6,6,5,3,4,3,1,1,3,4,6,5,1,1,4,1,1641745,PlayerDashboardByTeamPerformance,3,2025-08-10T12:54:12.001359,,90-99 Points
Points Against,L,6,0,6,0.0,90.51666666666667,23,56,0.411,17,41,0.415,3,4,0.75,2,7,9,5,1,3,1,0,5,4,66,-21,95.3,0,0,105.0,2,2,2,2,2,2,2,1,2,2,1,2,2,1,2,2,2,2,2,2,2,1,1,2,2,2,2,1,1,2,1,1641745,PlayerDashboardByTeamPerformance,3,2025-08-10T12:54:12.001359,0.0,All
Overall,2024,4,2,2,0.5,100.355,23,37,0.622,0,2,0.0,14,16,0.875,15,20,35,3,11,7,4,2,18,10,60,18,128.5,1,0,120.0,2,2,1,1,2,2,2,1,2,2,2,2,2,1,2,2,2,2,2,1,2,1,1,2,2,1,2,2,1,2,1,1641766,PlayerDashboardByTeamPerformance,0,2025-08-10T12:54:19.496096,,
Overall,2024-25,15,5,10,0.333,320.8616666666667,79,149,0.53,5,12,0.417,15,20,0.75,56,60,116,19,22,7,14,17,34,31,186,-45,394.7,6,0,368.0,1,1,2,2,1,1,1,2,1,1,1,1,1,2,1,1,1,1,1,1,1,2,2,1,1,2,1,1,1,1,2,1641766,PlayerDashboardByTeamPerformance,0,2025-08-10T12:54:19.496096,,
Score Differential,W,3,3,0,1.0,64.915,14,23,0.609,0,1,0.0,6,7,0.857,9,14,23,4,4,3,4,4,4,6,34,19,84.6,1,0,75.0,2,1,1,1,4,4,4,3,5,5,5,2,2,3,4,3,4,3,5,1,2,4,2,4,4,1,4,3,1,4,2,1641766,PlayerDashboardByTeamPerformance,1,2025-08-10T12:54:19.496661,,5 Points and Under
Score Differential,W,2,2,0,1.0,54.3,11,18,0.611,0,0,0.0,6,7,0.857,9,9,18,2,6,3,1,0,4,5,29,9,59.6,1,0,57.0,5,2,1,1,5,5,5,2,5,6,5,2,2,3,4,5,5,5,2,1,5,1,2,5,5,3,5,3,1,5,2,1641766,PlayerDashboardByTeamPerformance,1,2025-08-10T12:54:19.496661,,6-10 Points
Score Differential,W,1,1,0,1.0,24.025,7,10,0.7,1,2,0.5,1,1,1.0,5,2,7,2,2,1,1,0,4,4,16,10,31.4,0,0,30.0,6,3,1,1,6,6,6,1,2,3,2,6,6,1,6,6,6,5,6,5,5,1,2,6,6,2,6,6,1,6,1,1641766,PlayerDashboardByTeamPerformance,1,2025-08-10T12:54:19.496661,,Over 20 Points
Score Differential,W,1,1,0,1.0,7.766666666666667,1,2,0.5,0,0,0.0,0,0,0.0,3,1,4,0,0,0,0,0,0,0,2,2,6.8,0,0,6.0,6,3,1,1,7,7,7,6,5,6,5,7,7,7,7,7,7,7,7,7,7,1,1,7,7,4,7,6,1,7,1,1641766,PlayerDashboardByTeamPerformance,1,2025-08-10T12:54:19.496661,,11-15 Points
Score Differential,W,7,7,0,1.0,151.00666666666666,33,53,0.623,1,3,0.333,13,15,0.867,26,26,52,8,12,7,6,4,12,15,81,40,182.4,2,0,168.0,2,1,1,1,2,2,2,1,2,2,2,2,2,1,2,2,2,2,2,1,2,1,1,2,2,1,2,2,1,2,2,1641766,PlayerDashboardByTeamPerformance,1,2025-08-10T12:54:19.496661,0.0,All
Score Differential,L,6,0,6,0.0,110.655,32,54,0.593,1,5,0.2,9,10,0.9,19,24,43,4,10,3,3,7,20,11,76,-3,141.6,2,0,136.0,1,5,7,5,1,1,1,4,2,1,4,1,1,2,1,1,1,3,1,1,3,7,7,1,1,5,1,1,1,1,2,1641766,PlayerDashboardByTeamPerformance,1,2025-08-10T12:54:19.496661,,6-10 Points
Score Differential,L,3,0,3,0.0,83.70833333333333,18,44,0.409,1,4,0.25,5,6,0.833,13,18,31,5,6,1,6,4,7,8,47,-39,106.7,2,0,98.0,2,5,5,5,2,3,2,7,2,2,3,4,4,5,2,2,2,1,2,5,1,4,5,2,2,7,2,1,1,2,1,1641766,PlayerDashboardByTeamPerformance,1,2025-08-10T12:54:19.496661,,5 Points and Under
Score Differential,L,3,0,3,0.0,75.84666666666666,19,35,0.543,2,2,1.0,2,5,0.4,13,12,25,5,5,3,3,4,13,7,42,-25,92.5,1,0,86.0,2,5,5,5,3,2,3,5,1,3,1,5,5,6,2,4,3,1,4,1,3,4,6,3,3,6,3,3,1,3,1,1641766,PlayerDashboardByTeamPerformance,1,2025-08-10T12:54:19.496661,,16-20 Points
Score Differential,L,12,0,12,0.0,270.21,69,133,0.519,4,11,0.364,16,21,0.762,45,54,99,14,21,7,12,15,40,26,165,-67,340.8,5,0,320.0,1,2,2,2,1,1,1,2,1,1,1,1,1,2,1,1,1,1,1,1,1,2,2,1,1,2,1,1,1,1,2,1641766,PlayerDashboardByTeamPerformance,1,2025-08-10T12:54:19.496661,0.0,All
Points Scored,W,5,5,0,1.0,97.40666666666667,21,31,0.677,1,2,0.5,7,8,0.875,14,13,27,5,9,3,4,2,11,11,51,34,102.9,0,0,98.0,1,1,1,1,2,3,3,1,3,4,1,1,1,2,2,3,3,2,1,1,2,3,5,2,3,1,3,6,1,3,2,1641766,PlayerDashboardByTeamPerformance,2,2025-08-10T12:54:19.496661,,100+ Points 
Points Scored,W,1,1,0,1.0,25.0,6,10,0.6,0,0,0.0,5,6,0.833,7,5,12,1,2,3,0,0,1,3,17,3,39.9,1,0,36.0,5,2,1,1,6,5,6,2,4,6,4,4,4,5,5,6,6,6,6,1,7,1,2,5,5,3,5,3,1,5,1,1641766,PlayerDashboardByTeamPerformance,2,2025-08-10T12:54:19.496661,,90-99 Points
Points Scored,W,1,1,0,1.0,28.6,6,12,0.5,0,1,0.0,1,1,1.0,5,8,13,2,1,1,2,2,0,1,13,3,39.6,1,0,34.0,5,2,1,1,5,5,5,6,4,5,4,6,6,1,6,5,5,4,7,6,4,3,1,6,6,3,6,3,1,6,1,1641766,PlayerDashboardByTeamPerformance,2,2025-08-10T12:54:19.496661,,80-89 Points
Points Scored,W,7,7,0,1.0,151.00666666666666,33,53,0.623,1,3,0.333,13,15,0.867,26,26,52,8,12,7,6,4,12,15,81,40,182.4,2,0,168.0,2,1,1,1,2,2,2,1,2,2,2,2,2,1,2,2,2,2,2,1,2,1,1,2,2,1,2,2,1,2,2,1641766,PlayerDashboardByTeamPerformance,2,2025-08-10T12:54:19.496661,0.0,All
Points Scored,L,5,0,5,0.0,94.25666666666666,26,48,0.542,2,4,0.5,7,8,0.875,14,22,36,4,8,2,3,5,4,12,66,-19,122.2,2,0,118.0,1,4,7,4,3,1,1,4,1,1,1,1,1,2,2,1,1,3,2,4,3,6,3,1,1,6,2,1,1,1,2,1641766,PlayerDashboardByTeamPerformance,2,2025-08-10T12:54:19.496661,,100+ Points 
Points Scored,L,4,0,4,0.0,101.29666666666667,23,48,0.479,2,4,0.5,3,6,0.5,18,17,35,7,6,3,6,5,18,8,52,-39,125.5,2,0,114.0,3,4,6,4,1,2,1,7,1,1,1,5,4,6,1,2,2,1,3,1,1,6,7,3,2,7,1,1,1,2,1,1641766,PlayerDashboardByTeamPerformance,2,2025-08-10T12:54:19.496661,,90-99 Points
Points Scored,L,2,0,2,0.0,50.60666666666667,15,28,0.536,0,3,0.0,6,7,0.857,12,10,22,2,3,2,2,4,14,6,37,4,75.4,1,0,69.0,4,4,5,4,4,4,4,5,4,3,4,3,3,4,4,4,4,4,5,4,4,5,6,4,4,2,4,3,1,4,2,1641766,PlayerDashboardByTeamPerformance,2,2025-08-10T12:54:19.496661,,80-89 Points
Points Scored,L,1,0,1,0.0,24.05,5,9,0.556,0,0,0.0,0,0,0.0,1,5,6,1,4,0,1,1,4,0,10,-13,17.7,0,0,19.0,5,4,4,4,7,7,7,3,4,6,4,7,7,7,7,6,7,6,4,7,6,2,3,7,7,5,7,6,1,7,1,1641766,PlayerDashboardByTeamPerformance,2,2025-08-10T12:54:19.496661,,70-79 Points
Points Scored,L,12,0,12,0.0,270.21,69,133,0.519,4,11,0.364,16,21,0.762,45,54,99,14,21,7,12,15,40,26,165,-67,340.8,5,0,320.0,1,2,2,2,1,1,1,2,1,1,1,1,1,2,1,1,1,1,1,1,1,2,2,1,1,2,1,1,1,1,2,1641766,PlayerDashboardByTeamPerformance,2,2025-08-10T12:54:19.496661,0.0,All
Points Against,W,4,4,0,1.0,68.10666666666667,16,23,0.696,1,2,0.5,6,7,0.857,12,9,21,4,5,3,3,2,8,9,39,28,83.2,0,0,77.0,2,1,1,1,3,3,3,1,2,3,2,3,3,3,3,4,4,2,2,3,3,3,4,2,3,1,3,4,1,3,2,1641766,PlayerDashboardByTeamPerformance,3,2025-08-10T12:54:19.496661,,90-99 Points
Points Against,W,2,2,0,1.0,53.6,12,22,0.545,0,1,0.0,6,7,0.857,12,13,25,3,3,4,2,2,1,4,30,6,79.5,2,0,70.0,4,2,1,1,4,4,4,4,3,4,3,3,3,3,3,3,3,4,6,2,4,3,1,4,4,2,4,2,1,4,2,1641766,PlayerDashboardByTeamPerformance,3,2025-08-10T12:54:19.496661,,80-89 Points
Points Against,W,1,1,0,1.0,29.3,5,8,0.625,0,0,0.0,1,1,1.0,2,4,6,1,4,0,1,0,3,2,12,6,19.7,0,0,21.0,5,3,1,1,5,5,6,2,3,5,3,5,5,1,5,6,5,5,3,5,5,1,2,5,5,2,5,4,1,5,1,1641766,PlayerDashboardByTeamPerformance,3,2025-08-10T12:54:19.496661,,100+ Points 
Points Against,W,7,7,0,1.0,151.00666666666666,33,53,0.623,1,3,0.333,13,15,0.867,26,26,52,8,12,7,6,4,12,15,81,40,182.4,2,0,168.0,2,1,1,1,2,2,2,1,2,2,2,2,2,1,2,2,2,2,2,1,2,1,1,2,2,1,2,2,1,2,2,1641766,PlayerDashboardByTeamPerformance,3,2025-08-10T12:54:19.496661,0.0,All
Points Against,L,8,0,8,0.0,170.10333333333332,45,83,0.542,4,6,0.667,9,13,0.692,27,34,61,9,13,5,6,9,17,19,108,-44,214.7,3,0,204.0,1,4,6,4,1,1,1,5,1,1,1,1,1,5,1,1,1,1,1,1,1,6,5,1,1,6,1,1,1,1,2,1641766,PlayerDashboardByTeamPerformance,3,2025-08-10T12:54:19.496661,,100+ Points 
Points Against,L,3,0,3,0.0,76.05666666666667,19,41,0.463,0,5,0.0,7,8,0.875,17,15,32,4,4,2,5,5,19,7,47,-10,108.4,2,0,97.0,3,4,5,4,2,2,2,6,3,2,3,2,2,2,2,2,2,2,3,4,2,5,6,3,2,4,2,2,1,2,2,1641766,PlayerDashboardByTeamPerformance,3,2025-08-10T12:54:19.496661,,90-99 Points
Points Against,L,1,0,1,0.0,24.05,5,9,0.556,0,0,0.0,0,0,0.0,1,5,6,1,4,0,1,1,4,0,10,-13,17.7,0,0,19.0,5,4,4,4,6,5,5,3,3,5,3,6,6,6,6,5,5,5,3,5,5,2,3,6,6,5,6,4,1,6,1,1641766,PlayerDashboardByTeamPerformance,3,2025-08-10T12:54:19.496661,,80-89 Points
Points Against,L,12,0,12,0.0,270.21,69,133,0.519,4,11,0.364,16,21,0.762,45,54,99,14,21,7,12,15,40,26,165,-67,340.8,5,0,320.0,1,2,2,2,1,1,1,2,1,1,1,1,1,2,1,1,1,1,1,1,1,2,2,1,1,2,1,1,1,1,2,1641766,PlayerDashboardByTeamPerformance,3,2025-08-10T12:54:19.496661,0.0,All
Overall,2024,8,5,3,0.625,172.58166666666668,17,30,0.567,0,0,0.0,12,13,0.923,12,30,42,6,17,9,21,3,39,20,46,-18,178.4,0,0,154.0,2,2,1,1,2,2,2,2,1,2,1,2,2,1,2,2,2,2,2,2,2,1,1,2,2,1,2,2,1,2,1,1641737,PlayerDashboardByTeamPerformance,0,2025-08-10T12:54:24.943014,,
Overall,2024-25,58,12,46,0.207,904.55,135,192,0.703,0,1,0.0,67,100,0.67,92,153,245,27,61,26,69,13,125,90,337,-112,895.5,3,0,799.0,1,1,2,2,1,1,1,1,1,1,1,1,1,2,1,1,1,1,1,1,1,2,2,1,1,2,1,1,1,1,1,1641737,PlayerDashboardByTeamPerformance,0,2025-08-10T12:54:24.943014,,
Score Differential,W,5,5,0,1.0,87.94166666666666,13,21,0.619,0,0,0.0,6,6,1.0,9,20,29,3,10,6,8,1,16,5,32,22,103.3,1,0,92.0,6,1,1,1,7,4,5,8,1,2,1,5,7,1,5,4,5,5,3,2,6,3,6,9,5,1,5,1,1,5,1,1641737,PlayerDashboardByTeamPerformance,1,2025-08-10T12:54:24.943014,,5 Points and Under
Score Differential,W,5,5,0,1.0,100.075,10,16,0.625,0,0,0.0,5,10,0.5,11,21,32,4,6,0,12,2,22,8,25,14,99.4,0,0,85.0,6,1,1,1,4,7,6,7,1,2,1,7,4,10,4,3,4,3,7,9,3,8,8,5,7,2,6,4,1,6,1,1641737,PlayerDashboardByTeamPerformance,1,2025-08-10T12:54:24.943014,,11-15 Points
Score Differential,W,3,3,0,1.0,52.166666666666664,5,9,0.556,0,0,0.0,5,5,1.0,4,7,11,4,2,1,5,1,8,6,15,-2,50.2,0,0,42.0,8,3,1,1,9,9,8,9,1,2,1,7,9,1,8,9,9,3,9,8,8,3,3,7,9,5,8,4,1,9,1,1641737,PlayerDashboardByTeamPerformance,1,2025-08-10T12:54:24.943014,,6-10 Points
Score Differential,W,2,2,0,1.0,54.583333333333336,6,9,0.667,0,1,0.0,6,9,0.667,3,9,12,1,7,2,4,0,5,6,18,6,44.9,0,0,43.0,9,4,1,1,8,8,8,6,1,1,1,5,5,7,9,8,8,8,5,6,9,1,2,7,8,3,9,4,1,8,1,1641737,PlayerDashboardByTeamPerformance,1,2025-08-10T12:54:24.943014,,16-20 Points
Score Differential,W,2,2,0,1.0,10.883333333333333,2,2,1.0,0,0,0.0,4,6,0.667,0,3,3,2,2,0,1,0,3,3,8,0,15.6,0,0,15.0,9,4,1,1,10,10,10,1,1,2,1,9,7,7,10,10,10,7,9,9,10,1,1,10,10,4,10,4,1,10,1,1641737,PlayerDashboardByTeamPerformance,1,2025-08-10T12:54:24.943014,,Over 20 Points
Score Differential,W,17,17,0,1.0,305.65,36,57,0.632,0,1,0.0,26,36,0.722,27,60,87,14,27,9,30,4,54,28,98,40,313.4,1,0,277.0,2,1,1,1,2,2,2,2,1,1,1,2,2,1,2,2,2,2,2,2,2,1,1,2,2,1,2,2,1,2,1,1641737,PlayerDashboardByTeamPerformance,1,2025-08-10T12:54:24.943014,0.0,All
Score Differential,L,15,0,15,0.0,276.39166666666665,55,70,0.786,0,0,0.0,23,39,0.59,30,42,72,8,18,13,17,3,34,33,133,-40,303.4,1,0,273.0,1,6,10,6,1,1,1,2,1,2,1,1,1,9,1,1,1,1,1,1,1,9,10,1,1,8,1,1,1,1,1,1641737,PlayerDashboardByTeamPerformance,1,2025-08-10T12:54:24.943014,,11-15 Points
Score Differential,L,11,0,11,0.0,137.55,17,23,0.739,0,0,0.0,8,11,0.727,16,25,41,1,7,5,10,1,21,14,42,-5,130.7,0,0,114.0,2,6,9,6,3,3,4,3,1,2,1,3,3,6,2,2,2,8,5,3,4,3,7,2,3,6,3,4,1,2,1,1641737,PlayerDashboardByTeamPerformance,1,2025-08-10T12:54:24.943014,,6-10 Points
Score Differential,L,9,0,9,0.0,166.01333333333332,13,28,0.464,0,0,0.0,7,8,0.875,15,20,35,6,9,3,16,6,32,13,33,-45,132.0,0,0,112.0,3,6,8,6,2,4,2,10,1,2,1,4,6,3,3,4,3,2,4,4,2,10,9,4,4,9,2,4,1,3,1,1641737,PlayerDashboardByTeamPerformance,1,2025-08-10T12:54:24.943014,,5 Points and Under
Score Differential,L,8,0,8,0.0,99.76833333333333,20,28,0.714,0,0,0.0,11,14,0.786,9,16,25,1,12,2,9,1,9,14,51,-48,103.5,0,0,99.0,4,6,7,6,5,2,2,4,1,2,1,2,2,5,5,7,7,8,2,6,5,3,4,2,2,10,4,4,1,4,1,1641737,PlayerDashboardByTeamPerformance,1,2025-08-10T12:54:24.943014,,16-20 Points
Score Differential,L,6,0,6,0.0,91.75833333333334,11,16,0.688,0,0,0.0,4,5,0.8,7,20,27,3,5,3,8,1,14,8,26,-32,90.9,1,0,78.0,5,6,6,6,6,6,6,5,1,2,1,9,9,4,7,4,6,5,8,4,6,3,5,5,6,7,7,1,1,7,1,1641737,PlayerDashboardByTeamPerformance,1,2025-08-10T12:54:24.943014,,Over 20 Points
Score Differential,L,49,0,49,0.0,771.4816666666667,116,165,0.703,0,0,0.0,53,77,0.688,77,123,200,19,51,26,60,12,110,82,285,-170,760.5,2,0,676.0,1,2,2,2,1,1,1,1,1,2,1,1,1,2,1,1,1,1,1,1,1,2,2,1,1,2,1,1,1,1,1,1641737,PlayerDashboardByTeamPerformance,1,2025-08-10T12:54:24.943014,0.0,All
Points Scored,W,14,14,0,1.0,236.89666666666668,29,48,0.604,0,1,0.0,21,30,0.7,22,46,68,12,18,6,22,4,39,22,79,43,244.6,1,0,215.0,2,1,1,1,2,2,2,4,1,1,1,2,2,3,2,2,2,2,2,2,2,4,4,2,2,1,2,1,1,2,1,1641737,PlayerDashboardByTeamPerformance,2,2025-08-10T12:54:24.943014,,100+ Points 
Points Scored,W,3,3,0,1.0,68.75333333333333,7,9,0.778,0,0,0.0,5,6,0.833,5,14,19,2,9,3,8,0,15,6,19,-3,68.8,0,0,62.0,5,2,1,1,4,4,4,1,1,2,1,5,4,2,4,4,4,4,4,4,4,1,2,5,4,2,4,4,1,4,1,1641737,PlayerDashboardByTeamPerformance,2,2025-08-10T12:54:24.943014,,90-99 Points
Points Scored,W,17,17,0,1.0,305.65,36,57,0.632,0,1,0.0,26,36,0.722,27,60,87,14,27,9,30,4,54,28,98,40,313.4,1,0,277.0,2,1,1,1,2,2,2,2,1,1,1,2,2,1,2,2,2,2,2,2,2,1,1,2,2,1,2,2,1,2,1,1641737,PlayerDashboardByTeamPerformance,2,2025-08-10T12:54:24.943014,0.0,All
Points Scored,L,33,0,33,0.0,553.5216666666666,93,129,0.721,0,0,0.0,41,60,0.683,62,86,148,13,34,17,39,9,76,59,227,-125,558.1,1,0,500.0,1,3,5,3,1,1,1,3,1,2,1,1,1,4,1,1,1,1,1,1,1,5,5,1,1,5,1,1,1,1,1,1641737,PlayerDashboardByTeamPerformance,2,2025-08-10T12:54:24.943014,,100+ Points 
Points Scored,L,12,0,12,0.0,172.43833333333333,21,29,0.724,0,0,0.0,6,11,0.545,12,29,41,6,13,6,14,1,25,13,48,-37,153.2,1,0,135.0,3,3,4,3,3,3,3,2,1,2,1,3,3,5,3,3,3,3,3,2,3,2,3,3,3,4,3,1,1,3,1,1641737,PlayerDashboardByTeamPerformance,2,2025-08-10T12:54:24.943014,,90-99 Points
Points Scored,L,4,0,4,0.0,45.52166666666667,2,7,0.286,0,0,0.0,6,6,1.0,3,8,11,0,4,3,7,2,9,10,10,-8,49.2,0,0,41.0,4,3,3,3,5,5,5,5,1,2,1,3,4,1,5,5,5,5,5,4,5,3,1,4,5,3,5,4,1,5,1,1641737,PlayerDashboardByTeamPerformance,2,2025-08-10T12:54:24.943014,,80-89 Points
Points Scored,L,49,0,49,0.0,771.4816666666667,116,165,0.703,0,0,0.0,53,77,0.688,77,123,200,19,51,26,60,12,110,82,285,-170,760.5,2,0,676.0,1,2,2,2,1,1,1,1,1,2,1,1,1,2,1,1,1,1,1,1,1,2,2,1,1,2,1,1,1,1,1,1641737,PlayerDashboardByTeamPerformance,2,2025-08-10T12:54:24.943014,0.0,All
Points Against,W,9,9,0,1.0,152.245,20,33,0.606,0,1,0.0,16,22,0.727,19,25,44,7,13,3,14,3,21,15,56,21,157.3,1,0,141.0,2,1,1,1,2,2,2,4,1,1,1,2,2,3,2,3,2,2,2,3,2,5,4,2,2,1,2,2,1,2,1,1641737,PlayerDashboardByTeamPerformance,3,2025-08-10T12:54:24.943014,,100+ Points 
Points Against,W,6,6,0,1.0,107.82166666666667,12,19,0.632,0,0,0.0,9,12,0.75,4,29,33,5,10,4,9,1,25,11,33,12,109.1,0,0,97.0,3,2,1,1,3,3,3,3,1,2,1,3,3,2,3,2,3,3,3,2,3,2,5,3,3,2,3,3,1,3,1,1641737,PlayerDashboardByTeamPerformance,3,2025-08-10T12:54:24.943014,,90-99 Points
Points Against,W,2,2,0,1.0,45.583333333333336,4,5,0.8,0,0,0.0,1,2,0.5,4,6,10,2,4,2,7,0,8,2,9,7,47.0,0,0,39.0,5,3,1,1,4,5,5,1,1,2,1,5,5,5,3,5,5,4,4,5,4,1,2,6,5,3,4,3,1,5,1,1641737,PlayerDashboardByTeamPerformance,3,2025-08-10T12:54:24.943014,,80-89 Points
Points Against,W,17,17,0,1.0,305.65,36,57,0.632,0,1,0.0,26,36,0.722,27,60,87,14,27,9,30,4,54,28,98,40,313.4,1,0,277.0,2,1,1,1,2,2,2,2,1,1,1,2,2,1,2,2,2,2,2,2,2,1,1,2,2,1,2,2,1,2,1,1641737,PlayerDashboardByTeamPerformance,3,2025-08-10T12:54:24.943014,0.0,All
Points Against,L,45,0,45,0.0,705.9866666666667,110,152,0.724,0,0,0.0,47,71,0.662,72,113,185,18,44,23,50,9,94,70,267,-148,691.0,2,0,616.0,1,4,6,4,1,1,1,2,1,2,1,1,1,4,1,1,1,1,1,1,1,6,6,1,1,6,1,1,1,1,1,1641737,PlayerDashboardByTeamPerformance,3,2025-08-10T12:54:24.943014,,100+ Points 
Points Against,L,3,0,3,0.0,42.745,6,11,0.545,0,0,0.0,0,0,0.0,4,7,11,1,4,3,5,2,10,7,12,-14,46.7,0,0,40.0,4,4,5,4,5,4,4,5,1,2,1,6,6,6,3,4,4,5,4,3,5,4,3,4,4,5,5,3,1,4,1,1641737,PlayerDashboardByTeamPerformance,3,2025-08-10T12:54:24.943014,,90-99 Points
Points Against,L,1,0,1,0.0,22.75,0,2,0.0,0,0,0.0,6,6,1.0,1,3,4,0,3,0,5,1,6,5,6,-8,22.8,0,0,20.0,6,4,4,4,6,6,6,6,1,2,1,4,4,1,6,6,6,6,6,6,5,2,1,5,6,4,6,3,1,6,1,1641737,PlayerDashboardByTeamPerformance,3,2025-08-10T12:54:24.943014,,80-89 Points
Points Against,L,49,0,49,0.0,771.4816666666667,116,165,0.703,0,0,0.0,53,77,0.688,77,123,200,19,51,26,60,12,110,82,285,-170,760.5,2,0,676.0,1,2,2,2,1,1,1,1,1,2,1,1,1,2,1,1,1,1,1,1,1,2,2,1,1,2,1,1,1,1,1,1641737,PlayerDashboardByTeamPerformance,3,2025-08-10T12:54:24.943014,0.0,All
