gameId,teamId,teamCity,teamName,teamTricode,teamSlug,personId,firstName,familyName,nameI,playerSlug,position,comment,jerseyNum,minutes,fieldGoalsMade,fieldGoalsAttempted,fieldGoalsPercentage,threePointersMade,threePointersAttempted,threePointersPercentage,freeThrowsMade,freeThrowsAttempted,freeThrowsPercentage,reboundsOffensive,reboundsDefensive,reboundsTotal,assists,steals,blocks,turnovers,foulsPersonal,points,plusMinusPoints,source_game_id,original_game_id,collection_timestamp,startersBench
0022100684,1610612760,Oklahoma City,Thunder,OKC,thunder,1629652.0,Luguentz,Dort,L. Dort,luguentz-dort,F,,,28:35,1,7,0.143,1,4,0.25,0,0,0.0,0,3,3,1,0,0,3,2,3,-10.0,0022100684,22100684,2025-08-10T10:12:03.126027,
0022100684,1610612760,Oklahoma City,Thunder,OKC,thunder,1630598.0,Aaron,Wiggins,A. Wiggins,aaron-wiggins,F,,,26:45,2,8,0.25,0,2,0.0,1,2,0.5,3,3,6,1,2,0,1,3,5,-3.0,0022100684,22100684,2025-08-10T10:12:03.126027,
0022100684,1610612760,Oklahoma City,Thunder,OKC,thunder,1630526.0,Jeremiah,Robinson-Earl,J. Robinson-Earl,jeremiah-robinson-earl,C,,,23:42,5,8,0.625,2,4,0.5,0,0,0.0,1,10,11,2,2,0,0,0,12,-7.0,0022100684,22100684,2025-08-10T10:12:03.126027,
0022100684,1610612760,Oklahoma City,Thunder,OKC,thunder,1630581.0,Josh,Giddey,J. Giddey,josh-giddey,G,,,32:57,10,17,0.588,1,4,0.25,0,0,0.0,3,6,9,3,0,0,1,1,21,-2.0,0022100684,22100684,2025-08-10T10:12:03.126027,
0022100684,1610612760,Oklahoma City,Thunder,OKC,thunder,1628983.0,Shai,Gilgeous-Alexander,S. Gilgeous-Alexander,shai-gilgeous-alexander,G,,,33:14,10,23,0.435,1,3,0.333,8,9,0.889,2,3,5,6,1,1,1,3,29,-10.0,0022100684,22100684,2025-08-10T10:12:03.126027,
0022100684,1610612760,Oklahoma City,Thunder,OKC,thunder,203488.0,Mike,Muscala,M. Muscala,mike-muscala,,,,12:24,1,4,0.25,1,3,0.333,0,0,0.0,0,3,3,2,0,0,0,2,3,-12.0,0022100684,22100684,2025-08-10T10:12:03.126027,
0022100684,1610612760,Oklahoma City,Thunder,OKC,thunder,1629647.0,Darius,Bazley,D. Bazley,darius-bazley,,,,19:57,2,8,0.25,1,7,0.143,2,2,1.0,0,3,3,0,0,1,1,0,7,-23.0,0022100684,22100684,2025-08-10T10:12:03.126027,
0022100684,1610612760,Oklahoma City,Thunder,OKC,thunder,1630544.0,Tre,Mann,T. Mann,tre-mann,,,,15:15,2,6,0.333,2,6,0.333,0,0,0.0,0,0,0,0,1,0,0,3,6,-15.0,0022100684,22100684,2025-08-10T10:12:03.126027,
0022100684,1610612760,Oklahoma City,Thunder,OKC,thunder,1629026.0,Kenrich,Williams,K. Williams,kenrich-williams,,,,16:26,2,7,0.286,2,4,0.5,1,2,0.5,4,2,6,3,0,0,1,1,7,-18.0,0022100684,22100684,2025-08-10T10:12:03.126027,
0022100684,1610612760,Oklahoma City,Thunder,OKC,thunder,1629660.0,Ty,Jerome,T. Jerome,ty-jerome,,,,19:11,1,8,0.125,1,7,0.143,0,0,0.0,1,1,2,2,0,0,2,3,3,-14.0,0022100684,22100684,2025-08-10T10:12:03.126027,
0022100684,1610612760,Oklahoma City,Thunder,OKC,thunder,1629603.0,Mamadi,Diakite,M. Diakite,mamadi-diakite,,,,11:34,1,2,0.5,0,0,0.0,0,0,0.0,1,3,4,0,0,0,1,3,2,-1.0,0022100684,22100684,2025-08-10T10:12:03.126027,
0022100684,1610612760,Oklahoma City,Thunder,OKC,thunder,202324.0,Derrick,Favors,D. Favors,derrick-favors,,DNP - Coach's Decision,,,0,0,0.0,0,0,0.0,0,0,0.0,0,0,0,0,0,0,0,0,0,0.0,0022100684,22100684,2025-08-10T10:12:03.126027,
0022100684,1610612766,Charlotte,Hornets,CHA,hornets,202330.0,Gordon,Hayward,G. Hayward,gordon-hayward,F,,,29:43,6,11,0.545,3,5,0.6,1,1,1.0,2,5,7,4,1,0,1,1,16,11.0,0022100684,22100684,2025-08-10T10:12:03.126027,
0022100684,1610612766,Charlotte,Hornets,CHA,hornets,1628970.0,Miles,Bridges,M. Bridges,miles-bridges,F,,,32:29,9,18,0.5,3,7,0.429,1,2,0.5,2,12,14,4,2,2,4,1,22,14.0,0022100684,22100684,2025-08-10T10:12:03.126027,
0022100684,1610612766,Charlotte,Hornets,CHA,hornets,203486.0,Mason,Plumlee,M. Plumlee,mason-plumlee,C,,,16:50,4,4,1.0,0,0,0.0,0,0,0.0,1,5,6,2,1,0,2,2,8,3.0,0022100684,22100684,2025-08-10T10:12:03.126027,
0022100684,1610612766,Charlotte,Hornets,CHA,hornets,1626179.0,Terry,Rozier,T. Rozier,terry-rozier,G,,,31:02,8,17,0.471,3,11,0.273,5,6,0.833,0,5,5,9,0,0,2,1,24,24.0,0022100684,22100684,2025-08-10T10:12:03.126027,
0022100684,1610612766,Charlotte,Hornets,CHA,hornets,1630163.0,LaMelo,Ball,L. Ball,lamelo-ball,G,,,26:17,4,12,0.333,2,6,0.333,0,0,0.0,4,5,9,8,0,1,1,3,10,1.0,0022100684,22100684,2025-08-10T10:12:03.126027,
0022100684,1610612766,Charlotte,Hornets,CHA,hornets,1629023.0,P.J.,Washington,P. Washington,pj-washington,,,,26:50,6,10,0.6,6,10,0.6,2,2,1.0,1,5,6,0,0,2,0,2,20,20.0,0022100684,22100684,2025-08-10T10:12:03.126027,
0022100684,1610612766,Charlotte,Hornets,CHA,hornets,1626162.0,Kelly,Oubre Jr.,K. Oubre Jr.,kelly-oubre-jr,,,,21:03,3,14,0.214,0,6,0.0,2,5,0.4,3,2,5,0,3,0,0,4,8,25.0,0022100684,22100684,2025-08-10T10:12:03.126027,
0022100684,1610612766,Charlotte,Hornets,CHA,hornets,1628998.0,Cody,Martin,C. Martin,cody-martin,,,,28:00,2,6,0.333,0,3,0.0,0,0,0.0,2,2,4,5,1,0,1,2,4,14.0,0022100684,22100684,2025-08-10T10:12:03.126027,
0022100684,1610612766,Charlotte,Hornets,CHA,hornets,1629667.0,Jalen,McDaniels,J. McDaniels,jalen-mcdaniels,,,,5:59,1,3,0.333,0,0,0.0,0,0,0.0,0,1,1,0,0,0,1,1,2,4.0,0022100684,22100684,2025-08-10T10:12:03.126027,
0022100684,1610612766,Charlotte,Hornets,CHA,hornets,1630547.0,James,Bouknight,J. Bouknight,james-bouknight,,,,7:25,2,2,1.0,0,0,0.0,0,0,0.0,0,0,0,1,0,0,0,0,4,-1.0,0022100684,22100684,2025-08-10T10:12:03.126027,
0022100684,1610612766,Charlotte,Hornets,CHA,hornets,1630208.0,Nick,Richards,N. Richards,nick-richards,,,,4:20,0,0,0.0,0,0,0.0,0,0,0.0,0,2,2,0,0,0,0,0,0,0.0,0022100684,22100684,2025-08-10T10:12:03.126027,
0022100684,1610612766,Charlotte,Hornets,CHA,hornets,1630550.0,JT,Thor,J. Thor,jt-thor,,,,4:20,0,2,0.0,0,1,0.0,2,2,1.0,1,2,3,1,0,0,0,0,2,0.0,0022100684,22100684,2025-08-10T10:12:03.126027,
0022100684,1610612766,Charlotte,Hornets,CHA,hornets,1630539.0,Kai,Jones,K. Jones,kai-jones,,,,3:09,0,0,0.0,0,0,0.0,0,0,0.0,0,0,0,0,0,0,0,1,0,-1.0,0022100684,22100684,2025-08-10T10:12:03.126027,
0022100684,1610612766,Charlotte,Hornets,CHA,hornets,1630176.0,Vernon,Carey Jr.,V. Carey Jr.,vernon-carey-jr,,,,2:34,0,0,0.0,0,0,0.0,1,2,0.5,0,0,0,0,0,0,0,0,1,1.0,0022100684,22100684,2025-08-10T10:12:03.126027,
0022100684,1610612766,Charlotte,Hornets,CHA,hornets,202397.0,Ish,Smith,I. Smith,ish-smith,,DNP - Coach's Decision,,,0,0,0.0,0,0,0.0,0,0,0.0,0,0,0,0,0,0,0,0,0,0.0,0022100684,22100684,2025-08-10T10:12:03.126027,
0022100684,1610612766,Charlotte,Hornets,CHA,hornets,,,,,,,,,136:21,31,62,0.5,11,29,0.379,7,9,0.778,9,32,41,27,4,3,10,8,80,,0022100684,22100684,2025-08-10T10:12:03.126027,Starters
0022100684,1610612766,Charlotte,Hornets,CHA,hornets,,,,,,,,,136:21,14,37,0.378,6,20,0.3,7,11,0.636,7,14,21,7,4,2,2,10,41,,0022100684,22100684,2025-08-10T10:12:03.126027,Bench
0022100684,1610612760,Oklahoma City,Thunder,OKC,thunder,,,,,,,,,145:13,28,63,0.444,5,17,0.294,9,11,0.818,9,25,34,13,5,1,6,9,70,,0022100684,22100684,2025-08-10T10:12:03.126027,Starters
0022100684,1610612760,Oklahoma City,Thunder,OKC,thunder,,,,,,,,,145:13,9,35,0.257,7,27,0.259,3,4,0.75,6,12,18,7,1,1,5,12,28,,0022100684,22100684,2025-08-10T10:12:03.126027,Bench
0022100684,1610612766,Charlotte,Hornets,CHA,hornets,,,,,,,,,240:00,45,99,0.455,17,49,0.347,14,20,0.7,16,46,62,34,8,5,12,18,121,23.0,0022100684,22100684,2025-08-10T10:12:03.126027,
0022100684,1610612760,Oklahoma City,Thunder,OKC,thunder,,,,,,,,,240:00,37,98,0.378,12,44,0.273,12,15,0.8,15,37,52,20,6,2,11,21,98,-23.0,0022100684,22100684,2025-08-10T10:12:03.126027,
0022300121,1610612740,New Orleans,Pelicans,NOP,pelicans,1630529.0,Herbert,Jones,H. Jones,herbert-jones,F,,,31:02,2,9,0.222,1,6,0.167,0,0,0.0,0,6,6,1,0,1,1,5,5,10.0,0022300121,22300121,2025-08-10T10:12:03.869072,
0022300121,1610612740,New Orleans,Pelicans,NOP,pelicans,1629627.0,Zion,Williamson,Z. Williamson,zion-williamson,F,,,32:52,7,20,0.35,0,0,0.0,6,9,0.667,7,3,10,8,0,0,4,4,20,-7.0,0022300121,22300121,2025-08-10T10:12:03.869072,
0022300121,1610612740,New Orleans,Pelicans,NOP,pelicans,202685.0,Jonas,Valančiūnas,J. Valančiūnas,jonas-valančiūnas,C,,,20:58,6,10,0.6,1,1,1.0,6,7,0.857,3,6,9,2,1,1,0,2,19,8.0,0022300121,22300121,2025-08-10T10:12:03.869072,
0022300121,1610612740,New Orleans,Pelicans,NOP,pelicans,1641722.0,Jordan,Hawkins,J. Hawkins,jordan-hawkins,G,,,37:18,4,19,0.211,2,13,0.154,0,0,0.0,4,2,6,4,2,0,1,2,10,17.0,0022300121,22300121,2025-08-10T10:12:03.869072,
0022300121,1610612740,New Orleans,Pelicans,NOP,pelicans,203468.0,CJ,McCollum,C. McCollum,cj-mccollum,G,,,36:57,10,17,0.588,5,8,0.625,4,7,0.571,1,10,11,5,0,1,1,2,29,16.0,0022300121,22300121,2025-08-10T10:12:03.869072,
0022300121,1610612740,New Orleans,Pelicans,NOP,pelicans,1626204.0,Larry,Nance Jr.,L. Nance Jr.,larry-nance-jr,,,,23:26,4,5,0.8,1,1,1.0,0,2,0.0,2,5,7,2,2,0,0,2,9,-1.0,0022300121,22300121,2025-08-10T10:12:03.869072,
0022300121,1610612740,New Orleans,Pelicans,NOP,pelicans,1630700.0,Dyson,Daniels,D. Daniels,dyson-daniels,,,,25:24,3,10,0.3,1,6,0.167,1,4,0.25,3,1,4,1,1,2,1,1,8,-6.0,0022300121,22300121,2025-08-10T10:12:03.869072,
0022300121,1610612740,New Orleans,Pelicans,NOP,pelicans,1630184.0,Kira,Lewis Jr.,K. Lewis Jr.,kira-lewis-jr,,,,10:13,2,4,0.5,1,2,0.5,0,0,0.0,0,0,0,0,2,0,1,0,5,-8.0,0022300121,22300121,2025-08-10T10:12:03.869072,
0022300121,1610612740,New Orleans,Pelicans,NOP,pelicans,1630346.0,Matt,Ryan,M. Ryan,matt-ryan,,,,19:39,2,6,0.333,1,5,0.2,0,0,0.0,0,3,3,0,0,0,1,2,5,-3.0,0022300121,22300121,2025-08-10T10:12:03.869072,
0022300121,1610612740,New Orleans,Pelicans,NOP,pelicans,203469.0,Cody,Zeller,C. Zeller,cody-zeller,,,,2:12,0,2,0.0,0,0,0.0,0,0,0.0,2,0,2,0,0,0,0,0,0,-6.0,0022300121,22300121,2025-08-10T10:12:03.869072,
0022300121,1610612740,New Orleans,Pelicans,NOP,pelicans,1630604.0,E.J.,Liddell,E. Liddell,ej-liddell,,DNP - Coach's Decision,,,0,0,0.0,0,0,0.0,0,0,0.0,0,0,0,0,0,0,0,0,0,0.0,0022300121,22300121,2025-08-10T10:12:03.869072,
0022300121,1610612760,Oklahoma City,Thunder,OKC,thunder,1629652.0,Luguentz,Dort,L. Dort,luguentz-dort,F,,,29:30,3,7,0.429,3,6,0.5,0,0,0.0,1,1,2,0,1,0,1,4,9,-3.0,0022300121,22300121,2025-08-10T10:12:03.869072,
0022300121,1610612760,Oklahoma City,Thunder,OKC,thunder,1631114.0,Jalen,Williams,J. Williams,jalen-williams,F,,,38:05,5,13,0.385,0,3,0.0,8,9,0.889,1,7,8,3,0,0,1,3,18,-8.0,0022300121,22300121,2025-08-10T10:12:03.869072,
0022300121,1610612760,Oklahoma City,Thunder,OKC,thunder,1631096.0,Chet,Holmgren,C. Holmgren,chet-holmgren,C,,,37:16,8,14,0.571,1,5,0.2,2,2,1.0,3,8,11,3,1,2,5,4,19,-3.0,0022300121,22300121,2025-08-10T10:12:03.869072,
0022300121,1610612760,Oklahoma City,Thunder,OKC,thunder,1630581.0,Josh,Giddey,J. Giddey,josh-giddey,G,,,31:16,6,16,0.375,1,4,0.25,2,2,1.0,0,9,9,4,1,1,2,1,15,-6.0,0022300121,22300121,2025-08-10T10:12:03.869072,
0022300121,1610612760,Oklahoma City,Thunder,OKC,thunder,1628983.0,Shai,Gilgeous-Alexander,S. Gilgeous-Alexander,shai-gilgeous-alexander,G,,,38:05,8,20,0.4,0,5,0.0,4,5,0.8,0,5,5,8,3,0,2,2,20,1.0,0022300121,22300121,2025-08-10T10:12:03.869072,
0022300121,1610612760,Oklahoma City,Thunder,OKC,thunder,1630598.0,Aaron,Wiggins,A. Wiggins,aaron-wiggins,,,,13:51,4,5,0.8,0,1,0.0,2,2,1.0,0,4,4,2,0,0,2,5,10,14.0,0022300121,22300121,2025-08-10T10:12:03.869072,
0022300121,1610612760,Oklahoma City,Thunder,OKC,thunder,1630198.0,Isaiah,Joe,I. Joe,isaiah-joe,,,,14:28,2,7,0.286,2,7,0.286,3,3,1.0,0,1,1,1,0,0,0,0,9,-6.0,0022300121,22300121,2025-08-10T10:12:03.869072,
0022300121,1610612760,Oklahoma City,Thunder,OKC,thunder,1630846.0,Olivier,Sarr,O. Sarr,olivier-sarr,,,,6:44,0,0,0.0,0,0,0.0,0,0,0.0,1,4,5,0,0,2,1,1,0,-4.0,0022300121,22300121,2025-08-10T10:12:03.869072,
0022300121,1610612760,Oklahoma City,Thunder,OKC,thunder,1641717.0,Cason,Wallace,C. Wallace,cason-wallace,,,,18:10,1,2,0.5,0,0,0.0,2,2,1.0,0,2,2,1,0,0,0,4,4,-4.0,0022300121,22300121,2025-08-10T10:12:03.869072,
0022300121,1610612760,Oklahoma City,Thunder,OKC,thunder,1630322.0,Lindy,Waters III,L. Waters III,lindy-waters-iii,,,,0:57,0,0,0.0,0,0,0.0,0,0,0.0,0,0,0,0,0,0,0,0,0,0.0,0022300121,22300121,2025-08-10T10:12:03.869072,
0022300121,1610612760,Oklahoma City,Thunder,OKC,thunder,1631172.0,Ousmane,Dieng,O. Dieng,ousmane-dieng,,,,11:38,1,4,0.25,0,3,0.0,0,0,0.0,0,2,2,1,0,0,0,0,2,-11.0,0022300121,22300121,2025-08-10T10:12:03.869072,
0022300121,1610612760,Oklahoma City,Thunder,OKC,thunder,202722.0,Davis,Bertans,D. Bertans,davis-bertans,,DNP - Coach's Decision,,,0,0,0.0,0,0,0.0,0,0,0.0,0,0,0,0,0,0,0,0,0,0.0,0022300121,22300121,2025-08-10T10:12:03.869072,
0022300121,1610612760,Oklahoma City,Thunder,OKC,thunder,1630544.0,Tre,Mann,T. Mann,tre-mann,,DNP - Coach's Decision,,,0,0,0.0,0,0,0.0,0,0,0.0,0,0,0,0,0,0,0,0,0,0.0,0022300121,22300121,2025-08-10T10:12:03.869072,
0022300121,1610612760,Oklahoma City,Thunder,OKC,thunder,203995.0,Vasilije,Micić,V. Micić,vasilije-micić,,DNP - Coach's Decision,,,0,0,0.0,0,0,0.0,0,0,0.0,0,0,0,0,0,0,0,0,0,0.0,0022300121,22300121,2025-08-10T10:12:03.869072,
0022300121,1610612760,Oklahoma City,Thunder,OKC,thunder,1630197.0,Aleksej,Pokusevski,A. Pokusevski,aleksej-pokusevski,,DNP - Coach's Decision,,,0,0,0.0,0,0,0.0,0,0,0.0,0,0,0,0,0,0,0,0,0,0.0,0022300121,22300121,2025-08-10T10:12:03.869072,
0022300121,1610612760,Oklahoma City,Thunder,OKC,thunder,,,,,,,,,174:12,30,70,0.429,5,23,0.217,16,18,0.889,5,30,35,18,6,3,11,14,81,,0022300121,22300121,2025-08-10T10:12:03.874431,Starters
0022300121,1610612760,Oklahoma City,Thunder,OKC,thunder,,,,,,,,,174:12,8,18,0.444,2,11,0.182,7,7,1.0,1,13,14,5,0,2,3,10,25,,0022300121,22300121,2025-08-10T10:12:03.874431,Bench
0022300121,1610612740,New Orleans,Pelicans,NOP,pelicans,,,,,,,,,159:07,29,75,0.387,9,28,0.321,16,23,0.696,15,27,42,20,3,3,7,15,83,,0022300121,22300121,2025-08-10T10:12:03.874431,Starters
0022300121,1610612740,New Orleans,Pelicans,NOP,pelicans,,,,,,,,,159:07,11,27,0.407,4,14,0.286,1,6,0.167,7,9,16,3,5,2,3,5,27,,0022300121,22300121,2025-08-10T10:12:03.874431,Bench
0022300121,1610612760,Oklahoma City,Thunder,OKC,thunder,,,,,,,,,240:00,38,88,0.432,7,34,0.206,23,25,0.92,6,43,49,23,6,5,14,24,106,-4.0,0022300121,22300121,2025-08-10T10:12:03.874431,
0022300121,1610612740,New Orleans,Pelicans,NOP,pelicans,,,,,,,,,240:00,40,102,0.392,13,42,0.31,17,29,0.586,22,36,58,23,8,5,10,20,110,4.0,0022300121,22300121,2025-08-10T10:12:03.874431,
0022100306,1610612743,Denver,Nuggets,DEN,nuggets,203932.0,Aaron,Gordon,A. Gordon,aaron-gordon,F,,,37:52,6,11,0.545,2,4,0.5,6,8,0.75,0,4,4,5,0,0,2,1,20,18.0,0022100306,22100306,2025-08-10T10:12:04.611520,
0022100306,1610612743,Denver,Nuggets,DEN,nuggets,201145.0,Jeff,Green,J. Green,jeff-green,F,,,30:57,5,8,0.625,1,3,0.333,1,2,0.5,0,3,3,0,0,0,2,2,12,15.0,0022100306,22100306,2025-08-10T10:12:04.611520,
0022100306,1610612743,Denver,Nuggets,DEN,nuggets,203999.0,Nikola,Jokić,N. Jokić,nikola-jokić,C,,,32:35,9,14,0.643,1,2,0.5,5,6,0.833,3,12,15,7,1,0,1,2,24,17.0,0022100306,22100306,2025-08-10T10:12:04.611520,
0022100306,1610612743,Denver,Nuggets,DEN,nuggets,203115.0,Will,Barton,W. Barton,will-barton,G,,,32:37,4,7,0.571,4,6,0.667,2,2,1.0,0,5,5,4,0,0,3,1,14,4.0,0022100306,22100306,2025-08-10T10:12:04.611520,
0022100306,1610612743,Denver,Nuggets,DEN,nuggets,1628420.0,Monté,Morris,M. Morris,monté-morris,G,,,28:06,5,9,0.556,1,4,0.25,0,0,0.0,0,4,4,6,0,0,0,1,11,15.0,0022100306,22100306,2025-08-10T10:12:04.611520,
0022100306,1610612743,Denver,Nuggets,DEN,nuggets,203085.0,Austin,Rivers,A. Rivers,austin-rivers,,,,15:53,3,5,0.6,1,3,0.333,0,0,0.0,1,1,2,1,0,0,0,1,7,4.0,0022100306,22100306,2025-08-10T10:12:04.611520,
0022100306,1610612743,Denver,Nuggets,DEN,nuggets,1630192.0,Zeke,Nnaji,Z. Nnaji,zeke-nnaji,,,,10:39,1,2,0.5,1,1,1.0,0,0,0.0,0,1,1,1,0,0,0,3,3,-3.0,0022100306,22100306,2025-08-10T10:12:04.611520,
0022100306,1610612743,Denver,Nuggets,DEN,nuggets,1630267.0,Facundo,Campazzo,F. Campazzo,facundo-campazzo,,,,23:37,4,7,0.571,2,3,0.667,0,1,0.0,1,0,1,5,0,1,2,2,10,-3.0,0022100306,22100306,2025-08-10T10:12:04.611520,
0022100306,1610612743,Denver,Nuggets,DEN,nuggets,1630538.0,Bones,Hyland,B. Hyland,bones-hyland,,,,20:32,6,9,0.667,5,8,0.625,2,2,1.0,0,0,0,3,1,0,2,3,19,8.0,0022100306,22100306,2025-08-10T10:12:04.611520,
0022100306,1610612743,Denver,Nuggets,DEN,nuggets,1628427.0,Vlatko,Čančar,V. Čančar,vlatko-čančar,,,,4:21,0,1,0.0,0,0,0.0,0,0,0.0,0,0,0,0,0,0,1,2,0,-14.0,0022100306,22100306,2025-08-10T10:12:04.611520,
0022100306,1610612743,Denver,Nuggets,DEN,nuggets,1629626.0,Bol,Bol,B. Bol,bol-bol,,,,1:40,0,0,0.0,0,0,0.0,0,0,0.0,0,0,0,0,0,0,0,0,0,-8.0,0022100306,22100306,2025-08-10T10:12:04.611520,
0022100306,1610612743,Denver,Nuggets,DEN,nuggets,1630210.0,Markus,Howard,M. Howard,markus-howard,,,,1:11,0,1,0.0,0,1,0.0,0,0,0.0,0,0,0,0,0,0,0,0,0,-8.0,0022100306,22100306,2025-08-10T10:12:04.611520,
0022100306,1610612743,Denver,Nuggets,DEN,nuggets,1627822.0,Petr,Cornelie,P. Cornelie,petr-cornelie,,DNP - Coach's Decision,,,0,0,0.0,0,0,0.0,0,0,0.0,0,0,0,0,0,0,0,0,0,0.0,0022100306,22100306,2025-08-10T10:12:04.611520,
0022100306,1610612748,Miami,Heat,MIA,heat,1628997.0,Caleb,Martin,C. Martin,caleb-martin,F,,,32:51,8,15,0.533,2,4,0.5,0,0,0.0,1,3,4,1,0,0,0,2,18,0.0,0022100306,22100306,2025-08-10T10:12:04.611520,
0022100306,1610612748,Miami,Heat,MIA,heat,200782.0,P.J.,Tucker,P. Tucker,pj-tucker,F,,,32:26,4,9,0.444,0,4,0.0,0,0,0.0,0,6,6,2,1,0,0,1,8,-11.0,0022100306,22100306,2025-08-10T10:12:04.611520,
0022100306,1610612748,Miami,Heat,MIA,heat,1628389.0,Bam,Adebayo,B. Adebayo,bam-adebayo,C,,,35:06,11,19,0.579,0,0,0.0,2,4,0.5,6,7,13,6,0,0,5,5,24,-9.0,0022100306,22100306,2025-08-10T10:12:04.611520,
0022100306,1610612748,Miami,Heat,MIA,heat,1629130.0,Duncan,Robinson,D. Robinson,duncan-robinson,G,,,29:04,1,9,0.111,1,9,0.111,0,0,0.0,0,2,2,3,0,0,0,3,3,-14.0,0022100306,22100306,2025-08-10T10:12:04.611520,
0022100306,1610612748,Miami,Heat,MIA,heat,200768.0,Kyle,Lowry,K. Lowry,kyle-lowry,G,,,36:01,5,9,0.556,2,5,0.4,5,6,0.833,1,1,2,14,0,0,1,3,17,-11.0,0022100306,22100306,2025-08-10T10:12:04.611520,
0022100306,1610612748,Miami,Heat,MIA,heat,1629622.0,Max,Strus,M. Strus,max-strus,,,,30:43,6,12,0.5,6,12,0.5,1,1,1.0,0,2,2,3,0,0,0,2,19,-7.0,0022100306,22100306,2025-08-10T10:12:04.611520,
0022100306,1610612748,Miami,Heat,MIA,heat,1629216.0,Gabe,Vincent,G. Vincent,gabe-vincent,,,,29:15,5,13,0.385,4,9,0.444,0,0,0.0,1,0,1,3,1,0,2,0,14,-1.0,0022100306,22100306,2025-08-10T10:12:04.611520,
0022100306,1610612748,Miami,Heat,MIA,heat,203473.0,Dewayne,Dedmon,D. Dedmon,dewayne-dedmon,,,,11:14,3,5,0.6,0,1,0.0,2,4,0.5,3,3,6,0,0,1,1,2,8,-8.0,0022100306,22100306,2025-08-10T10:12:04.611520,
0022100306,1610612748,Miami,Heat,MIA,heat,1630209.0,Omer,Yurtseven,O. Yurtseven,omer-yurtseven,,,,1:40,0,0,0.0,0,0,0.0,0,0,0.0,0,2,2,0,0,0,0,0,0,8.0,0022100306,22100306,2025-08-10T10:12:04.611520,
0022100306,1610612748,Miami,Heat,MIA,heat,1629644.0,KZ,Okpala,K. Okpala,kz-okpala,,,,1:40,0,0,0.0,0,0,0.0,0,0,0.0,0,1,1,0,0,0,0,0,0,8.0,0022100306,22100306,2025-08-10T10:12:04.611520,
0022100306,1610612748,Miami,Heat,MIA,heat,2617.0,Udonis,Haslem,U. Haslem,udonis-haslem,,DNP - Coach's Decision,,,0,0,0.0,0,0,0.0,0,0,0.0,0,0,0,0,0,0,0,0,0,0.0,0022100306,22100306,2025-08-10T10:12:04.611520,
0022100306,1610612748,Miami,Heat,MIA,heat,,,,,,,,,165:28,29,61,0.475,5,22,0.227,7,10,0.7,8,19,27,26,1,0,6,14,70,,0022100306,22100306,2025-08-10T10:12:04.611520,Starters
0022100306,1610612748,Miami,Heat,MIA,heat,,,,,,,,,165:28,14,30,0.467,10,22,0.455,3,5,0.6,4,8,12,6,1,1,3,4,41,,0022100306,22100306,2025-08-10T10:12:04.611520,Bench
0022100306,1610612743,Denver,Nuggets,DEN,nuggets,,,,,,,,,162:07,29,49,0.592,9,19,0.474,14,18,0.778,3,28,31,22,1,0,8,7,81,,0022100306,22100306,2025-08-10T10:12:04.611520,Starters
0022100306,1610612743,Denver,Nuggets,DEN,nuggets,,,,,,,,,162:07,14,25,0.56,9,16,0.563,2,3,0.667,2,2,4,10,1,1,5,11,39,,0022100306,22100306,2025-08-10T10:12:04.611520,Bench
0022100306,1610612748,Miami,Heat,MIA,heat,,,,,,,,,240:00,43,91,0.473,15,44,0.341,10,15,0.667,12,27,39,32,2,1,9,18,111,-9.0,0022100306,22100306,2025-08-10T10:12:04.611520,
0022100306,1610612743,Denver,Nuggets,DEN,nuggets,,,,,,,,,240:00,43,74,0.581,18,35,0.514,16,21,0.762,5,30,35,32,2,1,13,18,120,9.0,0022100306,22100306,2025-08-10T10:12:04.611520,
0022000675,1610612746,LA,Clippers,LAC,clippers,202695.0,Kawhi,Leonard,K. Leonard,kawhi-leonard,F,,,32:09,9,12,0.75,2,2,1.0,5,5,1.0,1,6,7,3,5,0,1,3,25,22.0,0022000675,22000675,2025-08-10T10:12:05.325994,
0022000675,1610612746,LA,Clippers,LAC,clippers,202694.0,Marcus,Morris Sr.,M. Morris Sr.,marcus-morris-sr,F,,,26:16,7,12,0.583,5,7,0.714,1,3,0.333,1,3,4,0,0,0,0,4,20,13.0,0022000675,22000675,2025-08-10T10:12:05.325994,
0022000675,1610612746,LA,Clippers,LAC,clippers,1627826.0,Ivica,Zubac,I. Zubac,ivica-zubac,C,,,32:23,5,5,1.0,0,0,0.0,4,5,0.8,1,7,8,2,1,1,1,2,14,27.0,0022000675,22000675,2025-08-10T10:12:05.325994,
0022000675,1610612746,LA,Clippers,LAC,clippers,202331.0,Paul,George,P. George,paul-george,G,,,33:19,8,18,0.444,0,6,0.0,1,2,0.5,0,6,6,4,1,0,1,2,17,22.0,0022000675,22000675,2025-08-10T10:12:05.325994,
0022000675,1610612746,LA,Clippers,LAC,clippers,202704.0,Reggie,Jackson,R. Jackson,reggie-jackson,G,,,18:22,3,6,0.5,2,3,0.667,1,2,0.5,0,3,3,4,1,0,0,2,9,15.0,0022000675,22000675,2025-08-10T10:12:05.325994,
0022000675,1610612746,LA,Clippers,LAC,clippers,201587.0,Nicolas,Batum,N. Batum,nicolas-batum,,,,26:12,3,5,0.6,3,4,0.75,4,5,0.8,0,4,4,4,0,2,1,3,13,12.0,0022000675,22000675,2025-08-10T10:12:05.325994,
0022000675,1610612746,LA,Clippers,LAC,clippers,1628379.0,Luke,Kennard,L. Kennard,luke-kennard,,,,12:29,2,4,0.5,2,3,0.667,0,0,0.0,0,3,3,1,0,0,0,0,6,6.0,0022000675,22000675,2025-08-10T10:12:05.325994,
0022000675,1610612746,LA,Clippers,LAC,clippers,1629611.0,Terance,Mann,T. Mann,terance-mann,,,,24:31,3,8,0.375,1,1,1.0,0,1,0.0,1,6,7,1,0,0,2,1,7,18.0,0022000675,22000675,2025-08-10T10:12:05.325994,
0022000675,1610612746,LA,Clippers,LAC,clippers,101150.0,Lou,Williams,L. Williams,lou-williams,,,,17:22,6,12,0.5,1,4,0.25,3,3,1.0,0,0,0,2,1,0,2,1,16,3.0,0022000675,22000675,2025-08-10T10:12:05.325994,
0022000675,1610612746,LA,Clippers,LAC,clippers,1629599.0,Amir,Coffey,A. Coffey,amir-coffey,,,,5:39,2,2,1.0,1,1,1.0,0,2,0.0,0,0,0,0,0,0,0,0,5,9.0,0022000675,22000675,2025-08-10T10:12:05.325994,
0022000675,1610612746,LA,Clippers,LAC,clippers,1630187.0,Daniel,Oturu,D. Oturu,daniel-oturu,,,,5:39,1,1,1.0,0,0,0.0,0,2,0.0,1,0,1,1,1,0,0,2,2,9.0,0022000675,22000675,2025-08-10T10:12:05.325994,
0022000675,1610612746,LA,Clippers,LAC,clippers,202335.0,Patrick,Patterson,P. Patterson,patrick-patterson,,,,5:39,0,3,0.0,0,2,0.0,0,0,0.0,0,1,1,1,0,0,0,0,0,9.0,0022000675,22000675,2025-08-10T10:12:05.325994,
0022000675,1610612759,San Antonio,Spurs,SAS,spurs,201942.0,DeMar,DeRozan,D. DeRozan,demar-derozan,F,,,28:07,7,18,0.389,0,0,0.0,5,5,1.0,0,3,3,3,1,0,4,2,19,-30.0,0022000675,22000675,2025-08-10T10:12:05.325994,
0022000675,1610612759,San Antonio,Spurs,SAS,spurs,1629640.0,Keldon,Johnson,K. Johnson,keldon-johnson,F,,,25:39,2,7,0.286,1,3,0.333,0,0,0.0,0,3,3,2,0,1,0,4,5,-20.0,0022000675,22000675,2025-08-10T10:12:05.325994,
0022000675,1610612759,San Antonio,Spurs,SAS,spurs,1627751.0,Jakob,Poeltl,J. Poeltl,jakob-poeltl,C,,,21:08,4,4,1.0,0,0,0.0,0,0,0.0,3,3,6,2,0,1,2,3,8,-5.0,0022000675,22000675,2025-08-10T10:12:05.325994,
0022000675,1610612759,San Antonio,Spurs,SAS,spurs,1628401.0,Derrick,White,D. White,derrick-white,G,,,25:16,4,10,0.4,1,3,0.333,4,4,1.0,0,3,3,3,0,1,1,2,13,-16.0,0022000675,22000675,2025-08-10T10:12:05.325994,
0022000675,1610612759,San Antonio,Spurs,SAS,spurs,1627749.0,Dejounte,Murray,D. Murray,dejounte-murray,G,,,27:13,4,12,0.333,1,4,0.25,0,1,0.0,1,5,6,5,2,0,1,1,9,-13.0,0022000675,22000675,2025-08-10T10:12:05.325994,
0022000675,1610612759,San Antonio,Spurs,SAS,spurs,201988.0,Patty,Mills,P. Mills,patty-mills,,,,23:25,7,12,0.583,3,7,0.429,0,0,0.0,0,1,1,3,0,0,1,2,17,-12.0,0022000675,22000675,2025-08-10T10:12:05.325994,
0022000675,1610612759,San Antonio,Spurs,SAS,spurs,1629234.0,Drew,Eubanks,D. Eubanks,drew-eubanks,,,,23:39,2,5,0.4,0,0,0.0,0,0,0.0,1,7,8,1,1,2,3,2,4,-26.0,0022000675,22000675,2025-08-10T10:12:05.325994,
0022000675,1610612759,San Antonio,Spurs,SAS,spurs,1630170.0,Devin,Vassell,D. Vassell,devin-vassell,,,,21:31,2,4,0.5,1,1,1.0,3,3,1.0,0,2,2,1,0,1,0,3,8,-8.0,0022000675,22000675,2025-08-10T10:12:05.325994,
0022000675,1610612759,San Antonio,Spurs,SAS,spurs,1629677.0,Luka,Samanic,L. Samanic,luka-samanic,,,,17:31,6,8,0.75,0,1,0.0,2,4,0.5,1,3,4,1,1,0,1,2,14,-5.0,0022000675,22000675,2025-08-10T10:12:05.325994,
0022000675,1610612759,San Antonio,Spurs,SAS,spurs,1626168.0,Trey,Lyles,T. Lyles,trey-lyles,,,,12:40,1,3,0.333,0,2,0.0,2,2,1.0,0,2,2,1,1,0,2,2,4,-11.0,0022000675,22000675,2025-08-10T10:12:05.325994,
0022000675,1610612759,San Antonio,Spurs,SAS,spurs,1630200.0,Tre,Jones,T. Jones,tre-jones,,,,8:12,0,1,0.0,0,0,0.0,0,0,0.0,0,2,2,0,0,0,1,0,0,-10.0,0022000675,22000675,2025-08-10T10:12:05.325994,
0022000675,1610612759,San Antonio,Spurs,SAS,spurs,1629683.0,Quinndary,Weatherspoon,Q. Weatherspoon,quinndary-weatherspoon,,,,5:39,0,1,0.0,0,1,0.0,0,0,0.0,0,0,0,0,0,0,0,1,0,-9.0,0022000675,22000675,2025-08-10T10:12:05.325994,
0022000675,1610612759,San Antonio,Spurs,SAS,spurs,200752.0,Rudy,Gay,R. Gay,rudy-gay,,DND - Injury/Illness,,,0,0,0.0,0,0,0.0,0,0,0.0,0,0,0,0,0,0,0,0,0,0.0,0022000675,22000675,2025-08-10T10:12:05.325994,
0022000675,1610612759,San Antonio,Spurs,SAS,spurs,1629022.0,Lonnie,Walker IV,L. Walker IV,lonnie-walker-iv,,DNP - Injury/Illness,,,0,0,0.0,0,0,0.0,0,0,0.0,0,0,0,0,0,0,0,0,0,0.0,0022000675,22000675,2025-08-10T10:12:05.325994,
0022000675,1610612759,San Antonio,Spurs,SAS,spurs,,,,,,,,,127:23,21,51,0.412,3,10,0.3,9,10,0.9,4,17,21,15,3,3,8,12,54,,0022000675,22000675,2025-08-10T10:12:05.325994,Starters
0022000675,1610612759,San Antonio,Spurs,SAS,spurs,,,,,,,,,127:23,18,34,0.529,4,12,0.333,7,9,0.778,2,17,19,7,3,3,8,12,47,,0022000675,22000675,2025-08-10T10:12:05.325994,Bench
0022000675,1610612746,LA,Clippers,LAC,clippers,,,,,,,,,142:29,32,53,0.604,9,18,0.5,12,17,0.706,3,25,28,13,8,1,3,13,85,,0022000675,22000675,2025-08-10T10:12:05.325994,Starters
0022000675,1610612746,LA,Clippers,LAC,clippers,,,,,,,,,142:29,17,35,0.486,8,15,0.533,7,13,0.538,2,14,16,10,2,2,5,7,49,,0022000675,22000675,2025-08-10T10:12:05.325994,Bench
0022000675,1610612759,San Antonio,Spurs,SAS,spurs,,,,,,,,,240:00,39,85,0.459,7,22,0.318,16,19,0.842,6,34,40,22,6,6,16,24,101,-33.0,0022000675,22000675,2025-08-10T10:12:05.325994,
0022000675,1610612746,LA,Clippers,LAC,clippers,,,,,,,,,240:00,49,88,0.557,17,33,0.515,19,30,0.633,5,39,44,23,10,3,8,20,134,33.0,0022000675,22000675,2025-08-10T10:12:05.325994,
0022000150,1610612763,Memphis,Grizzlies,MEM,grizzlies,203937.0,Kyle,Anderson,K. Anderson,kyle-anderson,F,,,30:46,2,5,0.4,0,0,0.0,4,6,0.667,0,6,6,9,0,1,0,0,8,7.0,0022000150,22000150,2025-08-10T10:12:06.075961,
0022000150,1610612763,Memphis,Grizzlies,MEM,grizzlies,1629634.0,Brandon,Clarke,B. Clarke,brandon-clarke,F,,,29:48,7,13,0.538,0,2,0.0,1,2,0.5,1,3,4,1,1,0,2,2,15,3.0,0022000150,22000150,2025-08-10T10:12:06.075961,
0022000150,1610612763,Memphis,Grizzlies,MEM,grizzlies,202685.0,Jonas,Valančiūnas,J. Valančiūnas,jonas-valančiūnas,C,,,29:49,6,10,0.6,0,1,0.0,0,0,0.0,2,5,7,3,0,1,3,5,12,2.0,0022000150,22000150,2025-08-10T10:12:06.075961,
0022000150,1610612763,Memphis,Grizzlies,MEM,grizzlies,1628415.0,Dillon,Brooks,D. Brooks,dillon-brooks,G,,,33:22,6,15,0.4,2,8,0.25,7,8,0.875,2,5,7,3,1,2,3,0,21,7.0,0022000150,22000150,2025-08-10T10:12:06.075961,
0022000150,1610612763,Memphis,Grizzlies,MEM,grizzlies,1626145.0,Tyus,Jones,T. Jones,tyus-jones,G,,,31:37,5,9,0.556,1,1,1.0,2,2,1.0,1,4,5,7,3,0,2,1,13,18.0,0022000150,22000150,2025-08-10T10:12:06.075961,
0022000150,1610612763,Memphis,Grizzlies,MEM,grizzlies,1630214.0,Xavier,Tillman,X. Tillman,xavier-tillman,,,,17:45,4,5,0.8,0,0,0.0,0,0,0.0,1,0,1,2,1,2,0,2,8,8.0,0022000150,22000150,2025-08-10T10:12:06.075961,
0022000150,1610612763,Memphis,Grizzlies,MEM,grizzlies,1630217.0,Desmond,Bane,D. Bane,desmond-bane,,,,20:09,4,5,0.8,0,1,0.0,1,1,1.0,0,4,4,2,1,0,2,2,9,16.0,0022000150,22000150,2025-08-10T10:12:06.075961,
0022000150,1610612763,Memphis,Grizzlies,MEM,grizzlies,1629001.0,De'Anthony,Melton,D. Melton,deanthony-melton,,,,18:12,3,7,0.429,1,2,0.5,1,2,0.5,0,2,2,2,1,0,1,4,8,7.0,0022000150,22000150,2025-08-10T10:12:06.075961,
0022000150,1610612763,Memphis,Grizzlies,MEM,grizzlies,1628960.0,Grayson,Allen,G. Allen,grayson-allen,,,,17:45,3,6,0.5,1,4,0.25,0,0,0.0,0,2,2,1,2,0,1,0,7,-6.0,0022000150,22000150,2025-08-10T10:12:06.075961,
0022000150,1610612763,Memphis,Grizzlies,MEM,grizzlies,204025.0,Tim,Frazier,T. Frazier,tim-frazier,,,,10:47,0,3,0.0,0,1,0.0,0,0,0.0,0,2,2,2,0,0,1,1,0,-12.0,0022000150,22000150,2025-08-10T10:12:06.075961,
0022000150,1610612763,Memphis,Grizzlies,MEM,grizzlies,203476.0,Gorgui,Dieng,G. Dieng,gorgui-dieng,,DNP - Coach's Decision,,,0,0,0.0,0,0,0.0,0,0,0.0,0,0,0,0,0,0,0,0,0,0.0,0022000150,22000150,2025-08-10T10:12:06.075961,
0022000150,1610612763,Memphis,Grizzlies,MEM,grizzlies,1629723.0,John,Konchar,J. Konchar,john-konchar,,DNP - Injury/Illness,,,0,0,0.0,0,0,0.0,0,0,0.0,0,0,0,0,0,0,0,0,0,0.0,0022000150,22000150,2025-08-10T10:12:06.075961,
0022000150,1610612763,Memphis,Grizzlies,MEM,grizzlies,1630253.0,Sean,McDermott,S. McDermott,sean-mcdermott,,DNP - Coach's Decision,,,0,0,0.0,0,0,0.0,0,0,0.0,0,0,0,0,0,0,0,0,0,0.0,0022000150,22000150,2025-08-10T10:12:06.075961,
0022000150,1610612739,Cleveland,Cavaliers,CLE,cavaliers,1626224.0,Cedi,Osman,C. Osman,cedi-osman,F,,,33:36,5,13,0.385,3,7,0.429,1,1,1.0,0,3,3,4,2,0,1,3,14,-1.0,0022000150,22000150,2025-08-10T10:12:06.075961,
0022000150,1610612739,Cleveland,Cavaliers,CLE,cavaliers,1626204.0,Larry,Nance Jr.,L. Nance Jr.,larry-nance-jr,F,,,38:00,5,7,0.714,3,3,1.0,0,0,0.0,0,5,5,3,2,0,2,1,13,-16.0,0022000150,22000150,2025-08-10T10:12:06.075961,
0022000150,1610612739,Cleveland,Cavaliers,CLE,cavaliers,203083.0,Andre,Drummond,A. Drummond,andre-drummond,C,,,34:38,8,16,0.5,0,0,0.0,3,9,0.333,5,9,14,3,1,2,4,6,19,-20.0,0022000150,22000150,2025-08-10T10:12:06.075961,
0022000150,1610612739,Cleveland,Cavaliers,CLE,cavaliers,1630171.0,Isaac,Okoro,I. Okoro,isaac-okoro,G,,,39:59,5,11,0.455,2,3,0.667,0,0,0.0,1,1,2,1,3,0,4,2,12,-13.0,0022000150,22000150,2025-08-10T10:12:06.075961,
0022000150,1610612739,Cleveland,Cavaliers,CLE,cavaliers,1628422.0,Damyean,Dotson,D. Dotson,damyean-dotson,G,,,37:01,6,14,0.429,2,7,0.286,0,0,0.0,1,2,3,6,1,1,1,3,14,0.0,0022000150,22000150,2025-08-10T10:12:06.075961,
0022000150,1610612739,Cleveland,Cavaliers,CLE,cavaliers,1627812.0,Yogi,Ferrell,Y. Ferrell,yogi-ferrell,,,,16:47,4,9,0.444,1,4,0.25,0,2,0.0,1,1,2,1,2,1,3,2,9,-1.0,0022000150,22000150,2025-08-10T10:12:06.075961,
0022000150,1610612739,Cleveland,Cavaliers,CLE,cavaliers,1630205.0,Lamar,Stevens,L. Stevens,lamar-stevens,,,,10:02,2,2,1.0,0,0,0.0,0,0,0.0,0,0,0,0,0,0,0,0,4,6.0,0022000150,22000150,2025-08-10T10:12:06.075961,
0022000150,1610612739,Cleveland,Cavaliers,CLE,cavaliers,1629731.0,Dean,Wade,D. Wade,dean-wade,,,,14:24,0,3,0.0,0,1,0.0,0,0,0.0,2,2,4,0,0,0,1,1,0,-9.0,0022000150,22000150,2025-08-10T10:12:06.075961,
0022000150,1610612739,Cleveland,Cavaliers,CLE,cavaliers,201580.0,JaVale,McGee,J. McGee,javale-mcgee,,,,15:33,2,7,0.286,0,1,0.0,2,2,1.0,0,7,7,2,0,3,1,3,6,4.0,0022000150,22000150,2025-08-10T10:12:06.075961,
0022000150,1610612739,Cleveland,Cavaliers,CLE,cavaliers,1629716.0,Marques,Bolden,M. Bolden,marques-bolden,,DNP - Coach's Decision,,,0,0,0.0,0,0,0.0,0,0,0.0,0,0,0,0,0,0,0,0,0,0.0,0022000150,22000150,2025-08-10T10:12:06.075961,
0022000150,1610612739,Cleveland,Cavaliers,CLE,cavaliers,1627748.0,Thon,Maker,T. Maker,thon-maker,,DNP - Coach's Decision,,,0,0,0.0,0,0,0.0,0,0,0.0,0,0,0,0,0,0,0,0,0,0.0,0022000150,22000150,2025-08-10T10:12:06.075961,
0022000150,1610612739,Cleveland,Cavaliers,CLE,cavaliers,1629012.0,Collin,Sexton,C. Sexton,collin-sexton,,DNP - Injury/Illness,,,0,0,0.0,0,0,0.0,0,0,0.0,0,0,0,0,0,0,0,0,0,0.0,0022000150,22000150,2025-08-10T10:12:06.075961,
0022000150,1610612739,Cleveland,Cavaliers,CLE,cavaliers,,,,,,,,,183:14,29,61,0.475,10,20,0.5,4,10,0.4,7,20,27,17,9,3,12,15,72,,0022000150,22000150,2025-08-10T10:12:06.075961,Starters
0022000150,1610612739,Cleveland,Cavaliers,CLE,cavaliers,,,,,,,,,183:14,8,21,0.381,1,6,0.167,2,4,0.5,3,10,13,3,2,4,5,6,19,,0022000150,22000150,2025-08-10T10:12:06.075961,Bench
0022000150,1610612763,Memphis,Grizzlies,MEM,grizzlies,,,,,,,,,155:22,26,52,0.5,3,12,0.25,14,18,0.778,6,23,29,23,5,4,10,8,69,,0022000150,22000150,2025-08-10T10:12:06.075961,Starters
0022000150,1610612763,Memphis,Grizzlies,MEM,grizzlies,,,,,,,,,155:22,14,26,0.538,2,8,0.25,2,3,0.667,1,10,11,9,5,2,5,9,32,,0022000150,22000150,2025-08-10T10:12:06.075961,Bench
0022000150,1610612739,Cleveland,Cavaliers,CLE,cavaliers,,,,,,,,,240:00,37,82,0.451,11,26,0.423,6,14,0.429,10,30,40,20,11,7,17,21,91,-10.0,0022000150,22000150,2025-08-10T10:12:06.075961,
0022000150,1610612763,Memphis,Grizzlies,MEM,grizzlies,,,,,,,,,240:00,40,78,0.513,5,20,0.25,16,21,0.762,7,33,40,32,10,6,15,17,101,10.0,0022000150,22000150,2025-08-10T10:12:06.075961,
2022300449,1612709909,Delaware,Blue Coats,DEL,blue-coats,1630358.0,Chris,Clarke,C. Clarke,chris-clarke,F,,,36:25,2,7,0.286,0,1,0.0,2,2,1.0,0,5,5,8,2,0,2,2,8,-14.0,2022300449,2022300449,2025-08-10T10:12:06.715509,
2022300449,1612709909,Delaware,Blue Coats,DEL,blue-coats,1628982.0,Melvin,Frazier Jr.,M. Frazier Jr.,melvin-frazier-jr,F,,,32:25,7,15,0.467,2,7,0.286,2,3,0.667,3,8,11,1,2,2,1,4,19,-7.0,2022300449,2022300449,2025-08-10T10:12:06.715509,
2022300449,1612709909,Delaware,Blue Coats,DEL,blue-coats,1627775.0,Patrick,McCaw,P. McCaw,patrick-mccaw,C,,,33:49,4,7,0.571,1,3,0.333,0,0,0.0,1,3,4,6,0,1,0,2,9,-19.0,2022300449,2022300449,2025-08-10T10:12:06.715509,
2022300449,1612709909,Delaware,Blue Coats,DEL,blue-coats,1628876.0,Jared,Brownridge,J. Brownridge,jared-brownridge,G,,,36:05,5,14,0.357,5,11,0.455,0,0,0.0,0,1,1,2,0,1,0,2,15,-19.0,2022300449,2022300449,2025-08-10T10:12:06.715509,
2022300449,1612709909,Delaware,Blue Coats,DEL,blue-coats,1631198.0,Aminu,Mohammed,A. Mohammed,aminu-mohammed,G,,,33:55,5,14,0.357,0,0,0.0,0,2,0.0,5,11,16,3,1,3,3,2,10,5.0,2022300449,2022300449,2025-08-10T10:12:06.715509,
2022300449,1612709909,Delaware,Blue Coats,DEL,blue-coats,1631173.0,Terquavion,Smith,T. Smith,terquavion-smith,,,,29:58,10,21,0.476,4,11,0.364,1,1,1.0,2,1,3,3,1,0,0,2,26,-4.0,2022300449,2022300449,2025-08-10T10:12:06.715509,
2022300449,1612709909,Delaware,Blue Coats,DEL,blue-coats,1629051.0,Quinton,Rose,Q. Rose,quinton-rose,,,,19:19,6,12,0.5,3,7,0.429,0,0,0.0,1,1,2,3,2,2,2,2,15,8.0,2022300449,2022300449,2025-08-10T10:12:06.715509,
2022300449,1612709909,Delaware,Blue Coats,DEL,blue-coats,1630306.0,Rob,Edwards,R. Edwards,rob-edwards,,,,18:04,3,7,0.429,0,3,0.0,0,0,0.0,0,0,0,3,2,2,2,2,6,15.0,2022300449,2022300449,2025-08-10T10:12:06.715509,
2022300449,1612709909,Delaware,Blue Coats,DEL,blue-coats,1630542.0,Marcus,Bagley,M. Bagley,marcus-bagley,,DND - Injury/Illness,,,0,0,0.0,0,0,0.0,0,0,0.0,0,0,0,0,0,0,0,0,0,0.0,2022300449,2022300449,2025-08-10T10:12:06.715509,
2022300449,1612709909,Delaware,Blue Coats,DEL,blue-coats,1641741.0,Ricky,Council IV,R. Council IV,ricky-council-iv,,NWT - Not With Team,,,0,0,0.0,0,0,0.0,0,0,0.0,0,0,0,0,0,0,0,0,0,0.0,2022300449,2022300449,2025-08-10T10:12:06.715509,
2022300449,1612709909,Delaware,Blue Coats,DEL,blue-coats,1629600.0,Jarron,Cumberland,J. Cumberland,jarron-cumberland,,DND - Injury/Illness,,,0,0,0.0,0,0,0.0,0,0,0.0,0,0,0,0,0,0,0,0,0,0.0,2022300449,2022300449,2025-08-10T10:12:06.715509,
2022300449,1612709909,Delaware,Blue Coats,DEL,blue-coats,1630288.0,Jeff,Dowtin Jr.,J. Dowtin Jr.,jeff-dowtin-jr,,NWT - Not With Team,,,0,0,0.0,0,0,0.0,0,0,0.0,0,0,0,0,0,0,0,0,0,0.0,2022300449,2022300449,2025-08-10T10:12:06.715509,
2022300449,1612709910,Fort Wayne,Mad Ants,FWN,mad-ants,1631245.0,Quenton,Jackson,Q. Jackson,quenton-jackson,F,,,34:20,5,14,0.357,0,4,0.0,3,3,1.0,0,5,5,4,0,0,2,2,15,5.0,2022300449,2022300449,2025-08-10T10:12:06.715509,
2022300449,1612709910,Fort Wayne,Mad Ants,FWN,mad-ants,1631112.0,Kendall,Brown,K. Brown,kendall-brown,F,,,37:26,9,15,0.6,1,5,0.2,4,5,0.8,0,6,6,1,1,3,1,1,25,15.0,2022300449,2022300449,2025-08-10T10:12:06.715509,
2022300449,1612709910,Fort Wayne,Mad Ants,FWN,mad-ants,1630847.0,Will,Vorhees,W. Vorhees,will-vorhees,C,,,13:12,1,4,0.25,0,2,0.0,0,0,0.0,1,2,3,0,0,1,0,2,2,-5.0,2022300449,2022300449,2025-08-10T10:12:06.715509,
2022300449,1612709910,Fort Wayne,Mad Ants,FWN,mad-ants,1630667.0,Kyle,Mangas,K. Mangas,kyle-mangas,G,,,34:35,8,14,0.571,2,5,0.4,2,2,1.0,1,2,3,3,1,0,0,1,20,24.0,2022300449,2022300449,2025-08-10T10:12:06.715509,
2022300449,1612709910,Fort Wayne,Mad Ants,FWN,mad-ants,203901.0,Elfrid,Payton,E. Payton,elfrid-payton,G,,,40:41,12,14,0.857,1,1,1.0,0,1,0.0,3,12,15,13,1,0,7,2,25,21.0,2022300449,2022300449,2025-08-10T10:12:06.715509,
2022300449,1612709910,Fort Wayne,Mad Ants,FWN,mad-ants,1631131.0,Oscar,Tshiebwe,O. Tshiebwe,oscar-tshiebwe,,,,31:46,5,8,0.625,0,0,0.0,1,2,0.5,3,15,18,3,0,3,2,1,12,13.0,2022300449,2022300449,2025-08-10T10:12:06.715509,
2022300449,1612709910,Fort Wayne,Mad Ants,FWN,mad-ants,1628591.0,Craig,Sword,C. Sword,craig-sword,,,,12:59,3,4,0.75,1,1,1.0,0,0,0.0,1,0,1,1,1,0,0,0,7,-13.0,2022300449,2022300449,2025-08-10T10:12:06.715509,
2022300449,1612709910,Fort Wayne,Mad Ants,FWN,mad-ants,1631209.0,Isaiah,Wong,I. Wong,isaiah-wong,,,,9:54,1,5,0.2,0,2,0.0,0,0,0.0,0,0,0,0,1,0,3,0,2,-12.0,2022300449,2022300449,2025-08-10T10:12:06.715509,
2022300449,1612709910,Fort Wayne,Mad Ants,FWN,mad-ants,1630817.0,Pedro,Bradshaw,P. Bradshaw,pedro-bradshaw,,,,17:30,1,8,0.125,0,1,0.0,0,0,0.0,0,2,2,0,0,0,1,2,2,-21.0,2022300449,2022300449,2025-08-10T10:12:06.715509,
2022300449,1612709910,Fort Wayne,Mad Ants,FWN,mad-ants,1630787.0,Cameron,McGriff,C. McGriff,cameron-mcgriff,,,,7:37,2,5,0.4,1,3,0.333,0,0,0.0,0,1,1,0,0,0,0,0,5,8.0,2022300449,2022300449,2025-08-10T10:12:06.715509,
2022300449,1612709910,Fort Wayne,Mad Ants,FWN,mad-ants,1642057.0,Daniel,Giddens,D. Giddens,daniel-giddens,,DNP - Coach's Decision,,,0,0,0.0,0,0,0.0,0,0,0.0,0,0,0,0,0,0,0,0,0,0.0,2022300449,2022300449,2025-08-10T10:12:06.715509,
2022300449,1612709910,Fort Wayne,Mad Ants,FWN,mad-ants,1627208.0,Stephan,Hicks,S. Hicks,stephan-hicks,,DNP - Coach's Decision,,,0,0,0.0,0,0,0.0,0,0,0.0,0,0,0,0,0,0,0,0,0,0.0,2022300449,2022300449,2025-08-10T10:12:06.715509,
2022300449,1612709910,Fort Wayne,Mad Ants,FWN,mad-ants,1631340.0,Mojave,King,M. King,mojave-king,,DNP - Coach's Decision,,,0,0,0.0,0,0,0.0,0,0,0.0,0,0,0,0,0,0,0,0,0,0.0,2022300449,2022300449,2025-08-10T10:12:06.715509,
2022300449,1612709910,Fort Wayne,Mad Ants,FWN,mad-ants,1641849.0,Darius,McGhee,D. McGhee,darius-mcghee,,DND - Injury/Illness,,,0,0,0.0,0,0,0.0,0,0,0.0,0,0,0,0,0,0,0,0,0,0.0,2022300449,2022300449,2025-08-10T10:12:06.715509,
2022300449,1612709910,Fort Wayne,Mad Ants,FWN,mad-ants,,,,,,,,,160:14,35,61,0.574,4,17,0.235,9,11,0.818,5,27,32,21,3,4,10,8,87,,2022300449,2022300449,2025-08-10T10:12:06.715509,Starters
2022300449,1612709910,Fort Wayne,Mad Ants,FWN,mad-ants,,,,,,,,,160:14,12,30,0.4,2,7,0.286,1,2,0.5,4,18,22,4,2,3,6,3,28,,2022300449,2022300449,2025-08-10T10:12:06.715509,Bench
2022300449,1612709909,Delaware,Blue Coats,DEL,blue-coats,,,,,,,,,172:39,23,57,0.404,8,22,0.364,4,7,0.571,9,28,37,20,5,7,6,12,61,,2022300449,2022300449,2025-08-10T10:12:06.715509,Starters
2022300449,1612709909,Delaware,Blue Coats,DEL,blue-coats,,,,,,,,,172:39,19,40,0.475,7,21,0.333,1,1,1.0,3,2,5,9,5,4,4,6,47,,2022300449,2022300449,2025-08-10T10:12:06.715509,Bench
2022300449,1612709910,Fort Wayne,Mad Ants,FWN,mad-ants,,,,,,,,,240:00,47,91,0.516,6,24,0.25,10,13,0.769,9,45,54,25,5,7,16,11,115,7.0,2022300449,2022300449,2025-08-10T10:12:06.715509,
2022300449,1612709909,Delaware,Blue Coats,DEL,blue-coats,,,,,,,,,240:00,42,97,0.433,15,43,0.349,5,8,0.625,12,30,42,29,10,11,10,18,108,-7.0,2022300449,2022300449,2025-08-10T10:12:06.715509,
2022200075,1612709890,Austin,Spurs,AUS,spurs,1630602.0,Chaundee,Brown Jr.,C. Brown Jr.,chaundee-brown-jr,F,,,35:02,11,20,0.55,2,3,0.667,4,4,1.0,5,5,10,2,0,0,1,2,29,2.0,2022200075,2022200075,2025-08-10T10:12:07.365314,
2022200075,1612709890,Austin,Spurs,AUS,spurs,1631160.0,Jordan,Hall,J. Hall,jordan-hall,F,,,31:05,2,11,0.182,2,3,0.667,0,0,0.0,0,3,3,5,0,1,2,2,6,-6.0,2022200075,2022200075,2025-08-10T10:12:07.365314,
2022200075,1612709890,Austin,Spurs,AUS,spurs,1631230.0,Dominick,Barlow,D. Barlow,dominick-barlow,C,,,27:04,8,14,0.571,0,0,0.0,0,0,0.0,2,6,8,2,0,6,1,4,16,-1.0,2022200075,2022200075,2025-08-10T10:12:07.365314,
2022200075,1612709890,Austin,Spurs,AUS,spurs,1630778.0,Denzel,Mahoney,D. Mahoney,denzel-mahoney,G,,,36:25,5,10,0.5,3,7,0.429,2,2,1.0,0,2,2,4,1,0,0,5,15,18.0,2022200075,2022200075,2025-08-10T10:12:07.365314,
2022200075,1612709890,Austin,Spurs,AUS,spurs,1630681.0,Marcus,Zegarowski,M. Zegarowski,marcus-zegarowski,G,,,28:24,5,9,0.556,2,4,0.5,0,0,0.0,0,2,2,2,3,0,2,3,12,-17.0,2022200075,2022200075,2025-08-10T10:12:07.365314,
2022200075,1612709890,Austin,Spurs,AUS,spurs,1631339.0,Tommy,Kuhse,T. Kuhse,tommy-kuhse,,,,19:08,3,8,0.375,1,2,0.5,0,0,0.0,0,6,6,6,0,0,2,0,7,22.0,2022200075,2022200075,2025-08-10T10:12:07.365314,
2022200075,1612709890,Austin,Spurs,AUS,spurs,1641505.0,Justin,Kier,J. Kier,justin-kier,,,,28:28,5,7,0.714,0,1,0.0,2,2,1.0,0,1,1,6,2,0,3,4,13,9.0,2022200075,2022200075,2025-08-10T10:12:07.365314,
2022200075,1612709890,Austin,Spurs,AUS,spurs,1629818.0,Jordan,Murphy,J. Murphy,jordan-murphy,,,,22:56,4,6,0.667,0,0,0.0,1,3,0.333,1,9,10,2,2,1,2,1,10,2.0,2022200075,2022200075,2025-08-10T10:12:07.365314,
2022200075,1612709890,Austin,Spurs,AUS,spurs,1631479.0,Adrian,Delph,A. Delph,adrian-delph,,,,11:28,2,4,0.5,2,4,0.5,0,0,0.0,0,3,3,0,0,0,1,1,6,6.0,2022200075,2022200075,2025-08-10T10:12:07.365314,
2022200075,1612709890,Austin,Spurs,AUS,spurs,1631286.0,Jalen,Adaway,J. Adaway,jalen-adaway,,DNP - Coach's Decision,,,0,0,0.0,0,0,0.0,0,0,0.0,0,0,0,0,0,0,0,0,0,0.0,2022200075,2022200075,2025-08-10T10:12:07.365314,
2022200075,1612709890,Austin,Spurs,AUS,spurs,1628993.0,Alize,Johnson,A. Johnson,alize-johnson,,DNP - Coach's Decision,,,0,0,0.0,0,0,0.0,0,0,0.0,0,0,0,0,0,0,0,0,0,0.0,2022200075,2022200075,2025-08-10T10:12:07.365314,
2022200075,1612709929,College Park,Skyhawks,CPS,skyhawks,1631389.0,Davion,Warren,D. Warren,davion-warren,F,,,23:23,5,11,0.455,0,3,0.0,4,5,0.8,1,2,3,0,0,0,1,3,17,-7.0,2022200075,2022200075,2025-08-10T10:12:07.365314,
2022200075,1612709929,College Park,Skyhawks,CPS,skyhawks,1630707.0,Malik,Ellison,M. Ellison,malik-ellison,F,,,30:33,5,6,0.833,0,1,0.0,1,2,0.5,4,3,7,1,0,1,0,1,11,3.0,2022200075,2022200075,2025-08-10T10:12:07.365314,
2022200075,1612709929,College Park,Skyhawks,CPS,skyhawks,1629735.0,Chris,Silva,C. Silva,chris-silva,C,,,22:18,1,2,0.5,0,0,0.0,2,3,0.667,0,2,2,0,0,1,3,0,6,-9.0,2022200075,2022200075,2025-08-10T10:12:07.365314,
2022200075,1612709929,College Park,Skyhawks,CPS,skyhawks,204038.0,Langston,Galloway,L. Galloway,langston-galloway,G,,,29:40,5,14,0.357,2,5,0.4,2,2,1.0,2,0,2,4,5,0,1,2,16,-21.0,2022200075,2022200075,2025-08-10T10:12:07.365314,
2022200075,1612709929,College Park,Skyhawks,CPS,skyhawks,1627760.0,Cat,Barber,C. Barber,cat-barber,G,,,28:38,2,9,0.222,0,1,0.0,1,1,1.0,1,4,5,2,0,0,3,3,6,-12.0,2022200075,2022200075,2025-08-10T10:12:07.365314,
2022200075,1612709929,College Park,Skyhawks,CPS,skyhawks,1629633.0,Jarrett,Culver,J. Culver,jarrett-culver,,,,30:31,7,13,0.538,0,1,0.0,2,2,1.0,2,8,10,2,3,1,4,2,18,7.0,2022200075,2022200075,2025-08-10T10:12:07.365314,
2022200075,1612709929,College Park,Skyhawks,CPS,skyhawks,1629717.0,Armoni,Brooks,A. Brooks,armoni-brooks,,,,30:31,6,17,0.353,4,14,0.286,2,2,1.0,1,5,6,5,3,1,0,1,18,2.0,2022200075,2022200075,2025-08-10T10:12:07.365314,
2022200075,1612709929,College Park,Skyhawks,CPS,skyhawks,1630793.0,Giorgi,Bezhanishvili,G. Bezhanishvili,giorgi-bezhanishvili,,,,23:25,3,7,0.429,0,1,0.0,0,0,0.0,1,5,6,3,0,1,0,1,6,-3.0,2022200075,2022200075,2025-08-10T10:12:07.365314,
2022200075,1612709929,College Park,Skyhawks,CPS,skyhawks,1630623.0,Tyson,Etienne,T. Etienne,tyson-etienne,,,,21:01,3,9,0.333,1,3,0.333,1,1,1.0,0,4,4,2,0,0,2,4,9,5.0,2022200075,2022200075,2025-08-10T10:12:07.365314,
2022200075,1612709929,College Park,Skyhawks,CPS,skyhawks,,,,,,,,,134:32,18,42,0.429,2,10,0.2,10,13,0.769,8,11,19,7,5,2,8,9,56,,2022200075,2022200075,2025-08-10T10:12:07.365314,Starters
2022200075,1612709929,College Park,Skyhawks,CPS,skyhawks,,,,,,,,,134:32,19,46,0.413,5,19,0.263,5,5,1.0,4,22,26,12,6,3,6,8,51,,2022200075,2022200075,2025-08-10T10:12:07.365314,Bench
2022200075,1612709890,Austin,Spurs,AUS,spurs,,,,,,,,,158:00,31,64,0.484,9,17,0.529,6,6,1.0,7,18,25,15,4,7,6,16,78,,2022200075,2022200075,2025-08-10T10:12:07.365314,Starters
2022200075,1612709890,Austin,Spurs,AUS,spurs,,,,,,,,,158:00,14,25,0.56,3,7,0.429,3,5,0.6,1,19,20,14,4,1,8,6,36,,2022200075,2022200075,2025-08-10T10:12:07.365314,Bench
2022200075,1612709929,College Park,Skyhawks,CPS,skyhawks,,,,,,,,,240:00,37,88,0.42,7,29,0.241,15,18,0.833,12,33,45,19,11,5,14,17,107,-7.0,2022200075,2022200075,2025-08-10T10:12:07.365314,
2022200075,1612709890,Austin,Spurs,AUS,spurs,,,,,,,,,240:00,45,89,0.506,12,24,0.5,9,11,0.818,8,37,45,29,8,8,14,22,114,7.0,2022200075,2022200075,2025-08-10T10:12:07.365314,
1022001035,1611661313,New York,Liberty,NYL,liberty,1630127.0,Leaonna,Odom,L. Odom,leaonna-odom,F,,,27:20,3,6,0.5,1,2,0.5,2,2,1.0,3,1,4,1,0,0,0,4,9,8.0,1022001035,1022001035,2025-08-10T10:12:08.005776,
1022001035,1611661313,New York,Liberty,NYL,liberty,204329.0,Kiah,Stokes,K. Stokes,kiah-stokes,F,,,32:46,1,4,0.25,1,3,0.333,0,0,0.0,1,3,4,1,0,0,4,3,3,11.0,1022001035,1022001035,2025-08-10T10:12:08.005776,
1022001035,1611661313,New York,Liberty,NYL,liberty,204320.0,Amanda,Zahui B,A. Zahui B,amanda-zahui-b,C,,,33:59,5,10,0.5,4,9,0.444,0,2,0.0,0,14,14,3,0,2,1,3,14,0.0,1022001035,1022001035,2025-08-10T10:12:08.005776,
1022001035,1611661313,New York,Liberty,NYL,liberty,1628915.0,Kia,Nurse,K. Nurse,kia-nurse,G,,,28:45,4,11,0.364,2,7,0.286,7,8,0.875,1,1,2,2,1,0,3,3,17,5.0,1022001035,1022001035,2025-08-10T10:12:08.005776,
1022001035,1611661313,New York,Liberty,NYL,liberty,203406.0,Layshia,Clarendon,L. Clarendon,layshia-clarendon,G,,,31:51,5,7,0.714,4,5,0.8,0,0,0.0,0,4,4,6,2,0,7,5,14,13.0,1022001035,1022001035,2025-08-10T10:12:08.005776,
1022001035,1611661313,New York,Liberty,NYL,liberty,1630119.0,Jazmine,Jones,J. Jones,jazmine-jones,,,,10:08,1,4,0.25,0,1,0.0,1,1,1.0,0,4,4,1,0,0,2,2,3,-1.0,1022001035,1022001035,2025-08-10T10:12:08.005776,
1022001035,1611661313,New York,Liberty,NYL,liberty,1630131.0,Kylee,Shook,K. Shook,kylee-shook,,,,9:03,0,3,0.0,0,1,0.0,0,0,0.0,0,0,0,0,0,0,0,0,0,1.0,1022001035,1022001035,2025-08-10T10:12:08.005776,
1022001035,1611661313,New York,Liberty,NYL,liberty,1630139.0,Jocelyn,Willoughby,J. Willoughby,jocelyn-willoughby,,,,14:27,1,4,0.25,0,1,0.0,7,9,0.778,0,1,1,0,0,0,1,3,9,-4.0,1022001035,1022001035,2025-08-10T10:12:08.005776,
1022001035,1611661313,New York,Liberty,NYL,liberty,1630115.0,Joyner,Holmes,J. Holmes,joyner-holmes,,,,4:12,1,4,0.25,0,2,0.0,1,2,0.5,1,1,2,1,0,0,0,0,3,4.0,1022001035,1022001035,2025-08-10T10:12:08.005776,
1022001035,1611661313,New York,Liberty,NYL,liberty,1630136.0,Megan,Walker,M. Walker,megan-walker,,,,7:29,1,3,0.333,0,1,0.0,0,0,0.0,0,3,3,1,1,0,0,1,2,3.0,1022001035,1022001035,2025-08-10T10:12:08.005776,
1022001035,1611661313,New York,Liberty,NYL,liberty,1629476.0,Asia (AD),Durr,A. Durr,asia-(ad)-durr,,NWT_NOT_WITH_TEAM,,,0,0,0.0,0,0,0.0,0,0,0.0,0,0,0,0,0,0,0,0,0,0.0,1022001035,1022001035,2025-08-10T10:12:08.005776,
1022001035,1611661313,New York,Liberty,NYL,liberty,1629477.0,Sabrina,Ionescu,S. Ionescu,sabrina-ionescu,,NWT_NOT_WITH_TEAM,,,0,0,0.0,0,0,0.0,0,0,0.0,0,0,0,0,0,0,0,0,0,0.0,1022001035,1022001035,2025-08-10T10:12:08.005776,
1022001035,1611661322,Washington,Mystics,WAS,mystics,1627672.0,Aerial,Powers,A. Powers,aerial-powers,F,,,30:18,5,12,0.417,1,2,0.5,9,9,1.0,0,1,1,1,4,0,2,2,20,-2.0,1022001035,1022001035,2025-08-10T10:12:08.005776,
1022001035,1611661322,Washington,Mystics,WAS,mystics,203416.0,Emma,Meesseman,E. Meesseman,emma-meesseman,F,,,32:12,6,10,0.6,2,3,0.667,3,4,0.75,0,2,2,2,0,0,2,1,17,-1.0,1022001035,1022001035,2025-08-10T10:12:08.005776,
1022001035,1611661322,Washington,Mystics,WAS,mystics,1628899.0,Myisha,Hines-Allen,M. Hines-Allen,myisha-hines-allen,C,,,26:22,5,13,0.385,0,3,0.0,2,3,0.667,0,8,8,1,1,0,1,5,12,-11.0,1022001035,1022001035,2025-08-10T10:12:08.005776,
1022001035,1611661322,Washington,Mystics,WAS,mystics,1628878.0,Ariel,Atkins,A. Atkins,ariel-atkins,G,,,23:44,4,12,0.333,1,3,0.333,0,2,0.0,0,1,1,1,1,0,1,4,9,-7.0,1022001035,1022001035,2025-08-10T10:12:08.005776,
1022001035,1611661322,Washington,Mystics,WAS,mystics,201507.0,Leilani,Mitchell,L. Mitchell,leilani-mitchell,G,,,29:20,0,5,0.0,0,1,0.0,2,2,1.0,0,2,2,5,1,1,2,4,2,0.0,1022001035,1022001035,2025-08-10T10:12:08.005776,
1022001035,1611661322,Washington,Mystics,WAS,mystics,203403.0,Tianna,Hawkins,T. Hawkins,tianna-hawkins,,,,17:13,0,4,0.0,0,3,0.0,0,0,0.0,0,5,5,1,0,1,2,2,0,-2.0,1022001035,1022001035,2025-08-10T10:12:08.005776,
1022001035,1611661322,Washington,Mystics,WAS,mystics,201502.0,Essence,Carson,E. Carson,essence-carson,,,,7:48,0,0,0.0,0,0,0.0,0,0,0.0,0,2,2,0,1,0,1,0,0,-2.0,1022001035,1022001035,2025-08-10T10:12:08.005776,
1022001035,1611661322,Washington,Mystics,WAS,mystics,1628268.0,Alaina,Coates,A. Coates,alaina-coates,,,,4:13,0,0,0.0,0,0,0.0,0,0,0.0,0,1,1,0,0,0,0,1,0,-2.0,1022001035,1022001035,2025-08-10T10:12:08.005776,
1022001035,1611661322,Washington,Mystics,WAS,mystics,1629506.0,Kiara,Leslie,K. Leslie,kiara-leslie,,,,18:11,3,4,0.75,0,0,0.0,0,0,0.0,1,3,4,0,1,0,1,0,6,-5.0,1022001035,1022001035,2025-08-10T10:12:08.005776,
1022001035,1611661322,Washington,Mystics,WAS,mystics,203035.0,Shey,Peddy,S. Peddy,shey-peddy,,,,10:40,0,1,0.0,0,1,0.0,0,0,0.0,0,0,0,1,0,0,2,2,0,-8.0,1022001035,1022001035,2025-08-10T10:12:08.005776,
1022001035,1611661322,Washington,Mystics,WAS,mystics,202250.0,Tina,Charles,T. Charles,tina-charles,,NWT_NOT_WITH_TEAM,,,0,0,0.0,0,0,0.0,0,0,0.0,0,0,0,0,0,0,0,0,0,0.0,1022001035,1022001035,2025-08-10T10:12:08.005776,
1022001035,1611661322,Washington,Mystics,WAS,mystics,203399.0,Elena,Delle Donne,E. Delle Donne,elena-delle-donne,,NWT_NOT_WITH_TEAM,,,0,0,0.0,0,0,0.0,0,0,0.0,0,0,0,0,0,0,0,0,0,0.0,1022001035,1022001035,2025-08-10T10:12:08.005776,
1022001035,1611661322,Washington,Mystics,WAS,mystics,,,,,,,,,141:56,20,52,0.385,4,12,0.333,16,20,0.8,0,14,14,10,7,1,8,16,60,,1022001035,1022001035,2025-08-10T10:12:08.005776,Starters
1022001035,1611661322,Washington,Mystics,WAS,mystics,,,,,,,,,141:56,3,9,0.333,0,4,0.0,0,0,0.0,1,11,12,2,2,1,6,5,6,,1022001035,1022001035,2025-08-10T10:12:08.005776,Bench
1022001035,1611661313,New York,Liberty,NYL,liberty,,,,,,,,,154:41,18,38,0.474,12,26,0.462,9,12,0.75,5,23,28,13,3,2,15,18,57,,1022001035,1022001035,2025-08-10T10:12:08.005776,Starters
1022001035,1611661313,New York,Liberty,NYL,liberty,,,,,,,,,154:41,4,18,0.222,0,6,0.0,9,12,0.75,1,9,10,3,1,0,3,6,17,,1022001035,1022001035,2025-08-10T10:12:08.005776,Bench
1022001035,1611661322,Washington,Mystics,WAS,mystics,,,,,,,,,200:00,23,61,0.377,4,16,0.25,16,20,0.8,1,25,26,12,9,2,14,21,66,-8.0,1022001035,1022001035,2025-08-10T10:12:08.005776,
1022001035,1611661313,New York,Liberty,NYL,liberty,,,,,,,,,200:00,22,56,0.393,12,32,0.375,18,24,0.75,6,32,38,16,4,2,18,24,74,8.0,1022001035,1022001035,2025-08-10T10:12:08.005776,
